frame_idx,true_label,p_attack,C,U_raw,U_norm,ECP,Trust_Score,p_rf,p_fused,p_attack_gnn
0,0.0,0.04404375,0.95595625,0.00014639285,0.052880008,0.9937578583808664,0.8997536078977688,0.0,0.04404375,0.04404375
1,0.0,0.043904677428571424,0.956443004,0.00019058706,0.07442191,0.9937807330840036,0.8797570038835375,0.0,0.043556996,0.043556996
2,0.0,0.04409978787755102,0.955412436,0.00014425223,0.05183659,0.9934488573273929,0.8999525175498315,0.0,0.044587564,0.044587564
3,0.0,0.04404063991253644,0.95610723,0.00014193091,0.050705094,0.99369175670177,0.9019021865276864,0.0,0.04389277,0.04389277
4,0.0,0.044803727080383174,0.953288555,0.00016017219,0.059596572,0.9933332299533272,0.8904992268175225,0.0,0.046711445,0.046711445
5,0.0,0.04489289791455941,0.954884175,0.00017391896,0.066297255,0.9929038359856588,0.8852511918098701,0.076185068506352,0.076185068506352,0.045115825
6,0.0,0.04479180793897101,0.955460917,0.00027479755,0.11546923,0.9931678061236232,0.8393604573124973,0.0,0.044539083,0.044539083
7,0.0,0.04391133138497929,0.95828986,0.00018043477,0.069473304,0.9933097366275788,0.8857484937346396,0.0,0.04171014,0.04171014
8,0.0,0.04394429470355663,0.955973297,0.00019698964,0.07754277,0.9928455918060688,0.8755354041346467,0.0093945188017845,0.044026703,0.044026703
9,0.0,0.04373909421682616,0.956773907,0.00011972156,0.03987943,0.993601992894016,0.912740982481618,0.0,0.043226093,0.043226093
10,0.0,0.04458844444059012,0.95328818,0.00024149753,0.09923757,0.9931396203156168,0.8527952642996471,0.0,0.04671182,0.04671182
11,0.0,0.0448616908861358,0.954455193,0.00019233968,0.0752762,0.9937589465580396,0.8770990328430647,0.0,0.045544807,0.045544807
12,0.0,0.04626990777581129,0.95020955,0.00014378397,0.051608343,0.9935492479680194,0.8953575801903952,0.0,0.04979045,0.04979045
13,0.0,0.051942365554150924,0.9338764900000001,0.00025015263,0.103456385,0.9937083352067388,0.8319932387245357,0.0,0.06612351,0.06612351
14,0.0,0.053661433110107806,0.942040898,0.00013652453,0.04806982,0.9934305629631413,0.8908659718900149,0.0,0.057959102,0.057959102
15,0.0,0.053925681364362724,0.945413698,0.0001387834,0.04917088,0.9931106000907216,0.8927338077776211,0.0,0.054586302,0.054586302
16,0.0,0.05563669983168766,0.940085754,0.00016163551,0.06030985,0.99323821892317,0.8774160379801093,0.055133719827379,0.059914246,0.059914246
17,0.0,0.05519191702263405,0.94592004,0.00029664807,0.12611999,0.992860481439728,0.8207189407983413,0.0196885788846431,0.05407996,0.05407996
18,0.0,0.05405845015902432,0.948775217,0.00020542055,0.081652306,0.9928947886067376,0.8651147226586575,0.0099020807833537,0.051224783,0.051224783
19,0.0,0.05680738725644595,0.93632027,0.0003587694,0.15640025,0.9926381720762616,0.7840645883960677,0.0192965995851383,0.06367973,0.06367973
20,0.0,0.06214058804031854,0.92452641,0.00038935084,0.17130677,0.992895590584088,0.7607057423384418,0.0199020807833537,0.07547359,0.07547359
21,0.0,0.0722077731716561,0.902624264,0.00047337293,0.21226226,0.9936690689021108,0.7065297082708493,0.1260047864121282,0.1260047864121282,0.097375736
22,0.0,0.07573897512261149,0.91543302,0.00026792855,0.11212103,0.9939192040869914,0.8078512941289273,0.0,0.08456698,0.08456698
23,0.0,0.07006562794472249,0.94411774,0.00018945229,0.07386878,0.991877542920078,0.8672748254111993,0.0,0.05588226,0.05588226
24,0.0,0.0630092971033732,0.95463153,0.00016392754,0.061427068,0.9920030735686652,0.8888261374698394,0.0,0.04536847,0.04536847
25,0.0,0.05686806193098086,0.958485026,8.733235e-05,0.024091728,0.9923273012904488,0.9282164732261656,0.0,0.041514974,0.041514974
26,0.0,0.05399594909355776,0.953184333,0.00014509691,0.05224832,0.9922594326295524,0.8963893633083134,0.0,0.046815667,0.046815667
27,0.0,0.05145749020968412,0.954888657,0.00025364998,0.10516112,0.9929118109318592,0.8484148408350857,0.0,0.045111343,0.045111343
28,0.0,0.04972265786406009,0.954614423,0.00018683709,0.07259403,0.992302505401438,0.8785004066230424,0.0,0.045385577,0.045385577
29,0.0,0.048152678474328636,0.95577227,0.00019291208,0.075555205,0.992265932180621,0.8767251972970326,0.0,0.04422773,0.04422773
30,0.0,0.046881592053091885,0.956296124,0.0001370617,0.048331656,0.9923990961642812,0.9031593428507011,0.3698272822826215,0.3698272822826215,0.043703876
31,0.0,0.046085348037922774,0.955905262,0.00011681806,0.03846416,0.9927660503499094,0.9124881770551007,0.1062990487177282,0.1062990487177282,0.044094738
32,0.0,0.046345512312801984,0.953004077,0.00021186558,0.08479385,0.9924080403662552,0.8655735215531996,0.0,0.046995923,0.046995923
33,0.0,0.04586332165200142,0.955342155,0.00010754234,0.03394283,0.9936584526733117,0.9170624286107923,0.0,0.044657845,0.044657845
34,0.0,0.04579179632285815,0.954387017,0.00015226814,0.055743843,0.9928162784739863,0.8947119490108575,0.0,0.045612983,0.045612983
35,0.0,0.04512705737347011,0.95653479,0.0001909098,0.074579224,0.9932380912798666,0.8792115451859434,0.0,0.04346521,0.04346521
36,0.0,0.04530002669533579,0.95426755,0.00013430488,0.046987884,0.9933678563074146,0.9033970763197451,0.0,0.04573245,0.04573245
37,0.0,0.044581233353811284,0.95721575,9.079182e-05,0.025778003,0.9932563224605384,0.9262518861594539,0.0,0.04278425,0.04278425
38,0.0,0.044136070967008056,0.956976835,0.00013774236,0.048663437,0.9934026941106394,0.9044008192665212,0.0,0.043023165,0.043023165
39,0.0,0.04324548897643433,0.958980966,0.00015527308,0.057208564,0.9942518714084052,0.8989220495160989,0.0,0.041019034,0.041019034
40,0.0,0.04306898069745309,0.95737229,0.00013631975,0.047970004,0.9932335288246203,0.9052798566359815,0.0,0.04262771,0.04262771
41,0.0,0.04358226564103792,0.955134522,0.00015810532,0.0585891,0.9936296852678578,0.8934460282797609,0.0,0.044865478,0.044865478
42,0.0,0.04471806888645566,0.952442423,0.00018233225,0.07039821,0.9934948143985332,0.8796325408233404,0.0285862458975211,0.047557577,0.047557577
43,0.0,0.04502157663318261,0.954219654,0.00014574977,0.052566547,0.99333958964196,0.8980382136409644,0.0095722891566265,0.045780346,0.045780346
44,0.0,0.044687529023701864,0.95614759,0.00018258426,0.07052105,0.993420389757846,0.8828716329818279,0.0,0.04385241,0.04385241
45,0.0,0.04468376073121562,0.95532566,0.00012567405,0.042780895,0.9934849728734056,0.9084982677769424,0.0,0.04467434,0.04467434
46,0.0,0.04517862537943973,0.953584213,0.0004173519,0.18495552,0.9934182208270828,0.77209810107094,0.0,0.046415787,0.046415787
47,0.0,0.04453694669959981,0.95706725,9.907735e-05,0.029816678,0.99345580800597,0.9224542009140757,0.0,0.04293275,0.04293275
48,0.0,0.04530508192828558,0.95277458,0.00030600265,0.13067977,0.9933449174169584,0.822754036948717,0.0,0.04722542,0.04722542
49,0.0,0.045033867663061125,0.955644168,0.00010451762,0.032468464,0.9933763890489404,0.9184915739341851,0.0,0.044355832,0.044355832
50,0.0,0.04659633975932938,0.94949748,0.00017432455,0.06649496,0.9931309351354224,0.880272214022036,0.0,0.05050252,0.05050252
51,0.0,0.05748170268523527,0.91530489,0.00039346912,0.17331417,0.9933385107244622,0.7516290363824756,0.0191845263513753,0.08469511,0.08469511
52,0.0,0.06383570191802519,0.9202793,0.00019322096,0.07570577,0.993479024640712,0.8450620476469002,0.0,0.0797207,0.0797207
53,0.0,0.06683527851287514,0.92566578,0.00015515108,0.057149094,0.9933601313494294,0.8669697755630317,0.0,0.07433422,0.07433422
54,0.0,0.06798203722348224,0.929151066,0.00024714245,0.10198911,0.9930659249406631,0.8286020682576516,0.0,0.070848934,0.070848934
55,0.0,0.06558527373105874,0.940406635,0.00041649252,0.18453664,0.9938750608912604,0.762170139718548,0.0,0.059593365,0.059593365
56,0.0,0.06231627095075624,0.945856236,0.00018254394,0.070501395,0.9938124247357326,0.8737321086512253,0.0,0.054143764,0.054143764
57,0.0,0.05976447639339731,0.94661501,0.00028158326,0.118776836,0.9932606181275913,0.8285572228710714,0.0,0.05338499,0.05338499
58,0.0,0.056859928852426654,0.95040144,0.00016931098,0.06405116,0.9931438151677004,0.8834283629179128,0.0,0.04959856,0.04959856
59,0.0,0.05425904346601904,0.95224317,0.00020393179,0.08092663,0.9926438811992409,0.868743401407201,0.0,0.04775683,0.04775683
60,0.0,0.05141627104715646,0.95569066,0.00012123843,0.040618815,0.9925700449050582,0.9100593227869265,0.0,0.04430934,0.04430934
61,0.0,0.05026040046225461,0.952629276,0.00024051225,0.098757304,0.9924975732971826,0.8521089672172039,0.0,0.047370724,0.047370724
62,0.0,0.04877196433018186,0.954949126,0.00015605969,0.057591982,0.9932206454116532,0.8938506213488312,0.0093945188017845,0.045050874,0.045050874
63,0.0,0.04823908137870132,0.953093126,0.00020637583,0.082117945,0.9941283864821272,0.8696904306075568,0.0845932883073471,0.0845932883073471,0.046906874
64,0.0,0.047570938127643805,0.95409942,0.00015363962,0.05641235,0.9939578946692847,0.8948368645698552,0.0,0.04590058,0.04590058
65,0.0,0.04658442866260271,0.955881845,0.000103450475,0.031948302,0.9938241791494176,0.9196282902798597,0.0,0.044118155,0.044118155
66,0.0,0.04680152618757336,0.95265573,0.00017585162,0.06723931,0.9931815038404346,0.882540901614145,0.0,0.04734427,0.04734427
67,0.0,0.04678737870540954,0.95324799,0.00034129343,0.1478818,0.9931580305207768,0.8067223666879866,0.0,0.04675201,0.04675201
68,0.0,0.04623313707529253,0.955152467,0.00015419102,0.056681126,0.993123170565222,0.8948172345446322,0.0,0.044847533,0.044847533
69,0.0,0.04600135019663752,0.954578117,0.00012958632,0.044687882,0.9936152628314971,0.9060976729560877,0.0098023715415019,0.045421883,0.045421883
70,0.0,0.046410019283312516,0.952568308,0.00020704999,0.08244655,0.9920102548852548,0.8670490417684629,0.0099020807833537,0.047431692,0.047431692
71,0.0,0.046847578345223226,0.952058524,0.00044148127,0.19671708,0.9927998888940128,0.7592659052704018,0.0,0.047941476,0.047941476
72,0.0,0.04661463481801659,0.953967724,0.00014720016,0.05327352,0.9923220048544176,0.8962121508921038,0.0,0.046032276,0.046032276
73,0.0,0.048110734012868986,0.948149018,0.00022815891,0.09273583,0.9918777181621729,0.8532346693151868,0.0,0.051850982,0.051850982
74,0.0,0.05056897572347785,0.94328542,0.00019436458,0.07626321,0.9936323979496596,0.8657990521413734,0.0,0.05671458,0.05671458
75,0.0,0.06208402837391275,0.90912834,0.0004125886,0.18263371,0.994182219007241,0.7387677185277681,0.0,0.09087166,0.09087166
76,0.0,0.06379852026708054,0.93191525,0.0002989723,0.1272529,0.993420516767498,0.8079750649200966,0.0,0.06808475,0.06808475
77,0.0,0.06273222304791468,0.93993352,0.0004800076,0.21549626,0.9928673254975378,0.7321218605535247,0.0289146589931321,0.06006648,0.06006648
78,0.0,0.06296920503422476,0.93643834,0.00033949158,0.14700352,0.993102731678426,0.7932692173698096,0.1255777106040716,0.1255777106040716,0.06356166
79,0.0,0.062339997881589115,0.93923302,0.0003166139,0.13585208,0.9933268258730144,0.80622007053337,0.0,0.06076698,0.06076698
80,0.0,0.06109128305827794,0.942030504,0.00035405168,0.15410064,0.9928323919311706,0.7911513987624145,0.01,0.057969496,0.057969496
81,0.0,0.0575229770416271,0.951397788,0.00014626488,0.05281763,0.9933718847025296,0.8951743040317833,0.0,0.048602212,0.048602212
82,0.0,0.05576009131544793,0.948647123,0.0002524374,0.10457006,0.992541975940532,0.8431118399941309,0.0,0.051352877,0.051352877
83,0.0,0.05458182293960566,0.948363848,0.00027502503,0.11558011,0.9923525101099409,0.8323375038340134,0.0,0.051636152,0.051636152
84,0.0,0.05414971352828976,0.94693056,0.00023799897,0.097532235,0.9924101385320157,0.8480882054960507,0.0,0.05306944,0.05306944
85,0.0,0.052943080234492686,0.950073503,0.00019879246,0.078421526,0.9927486346231076,0.8692182307573816,0.0,0.049926497,0.049926497
86,0.0,0.05074498445320906,0.954750255,0.00015269937,0.055954043,0.9926129300748632,0.8946699443430001,0.0,0.045249745,0.045249745
87,0.0,0.049039278323720764,0.955224987,0.00018007342,0.06929717,0.9927142278677324,0.8825533243269619,0.0,0.044775013,0.044775013
88,0.0,0.04832045594551483,0.9534766,0.00022978702,0.093529426,0.9934144563118668,0.8586066054920302,0.0455692915152193,0.0465234,0.0465234
89,0.0,0.04699876367536773,0.956305467,8.08097e-05,0.020912347,0.9924286868944452,0.9292178027208028,0.0553283276597976,0.0553283276597976,0.043694533
90,0.0,0.046147024339548384,0.955982324,0.00014432785,0.05187345,0.9933139881873472,0.9003320736071324,0.0,0.044017676,0.044017676
91,0.0,0.04517555967110599,0.957253102,0.00017737133,0.06798007,0.993985916418136,0.8868133302280642,0.0,0.042746898,0.042746898
92,0.0,0.04553663833650427,0.953560665,0.00024529904,0.101090565,0.9935664665368884,0.8516500809701179,0.0,0.046439335,0.046439335
93,0.0,0.045355725097503054,0.955096558,0.00010540031,0.03289872,0.993026221103753,0.9172335978197663,0.0,0.044903442,0.044903442
94,0.0,0.04570263935535933,0.953430075,0.00016021222,0.059616085,0.9927700868328936,0.8901080365440039,0.0371377105636775,0.046569925,0.046569925
95,0.0,0.045215518396685236,0.956002284,0.00019403694,0.07610351,0.9926937296370598,0.8767939121106348,0.0,0.043997716,0.043997716
96,0.0,0.04534159799763231,0.954343203,0.00027892893,0.11748302,0.9931507517167164,0.8364554795514516,0.0,0.045656797,0.045656797
97,0.0,0.04502039656973736,0.955782607,0.0002706654,0.113455065,0.9925679513255352,0.8410467256415269,0.0,0.044217393,0.044217393
98,0.0,0.044450934692669544,0.95697272,0.00012497633,0.0424408,0.9923779962449532,0.9093735478227424,0.0,0.04302728,0.04302728
99,0.0,0.044503906209049676,0.955363665,0.00012798651,0.043908074,0.993201925073954,0.9072060195844293,0.0,0.044636335,0.044636335
100,0.0,0.045610201577892626,0.95162406,0.00013558539,0.04761205,0.9935942659853902,0.9005096730078623,0.0,0.04837594,0.04837594
101,0.0,0.04732745541278045,0.94837941,0.00022096222,0.08922789,0.9931094055560336,0.8578057135833232,0.0,0.05162059,0.05162059
102,0.0,0.04793107586627175,0.950559873,0.00021863342,0.088092744,0.993664056293294,0.8613303072330509,0.0,0.049440127,0.049440127
103,0.0,0.04809509133305125,0.95149487,0.00022621252,0.091787085,0.9932865999045832,0.8583584781371508,0.0,0.04850513,0.04850513
104,0.0,0.048269195809322325,0.951295543,0.00021843586,0.087996446,0.9935174540793144,0.8619607570615154,0.0,0.048704457,0.048704457
105,0.0,0.047548034149515944,0.95425487,0.00011879259,0.039426617,0.993631496319376,0.910794255545144,0.0,0.04574513,0.04574513
106,0.0,0.04684291524965425,0.954919882,0.00014668606,0.05302293,0.993724109780908,0.8986120245469167,0.0,0.045080118,0.045080118
107,0.0,0.0462743983211816,0.955146894,0.00011705757,0.038580902,0.9934627849798916,0.9122933638411951,0.0,0.044853106,0.044853106
108,0.0,0.046023400800844,0.954604093,0.0002768801,0.116484344,0.9933761125805408,0.8378210240490446,0.0,0.045395907,0.045395907
109,0.0,0.04560852000060286,0.955428682,0.00015461679,0.056888662,0.9930234457667052,0.8947892196949166,0.0,0.044571318,0.044571318
110,0.0,0.04547360000043062,0.9548637,0.00028015592,0.1180811,0.9929358931370368,0.8361635723656191,0.0,0.0451363,0.0451363
111,0.0,0.044428873714593295,0.958182942,0.0001265599,0.04321269,0.9938605956429416,0.9111488131394582,0.0,0.041817058,0.041817058
112,0.0,0.04473666893899521,0.954493843,0.00022254532,0.08999956,0.9935464257420668,0.8629843082229043,0.0093945188017845,0.045506157,0.045506157
113,0.0,0.044370784670710865,0.956543926,0.00017649989,0.0675553,0.9932999366805706,0.8859483647351771,0.0283228572644548,0.043456074,0.043456074
114,0.0,0.044686840479079185,0.95452302,0.0003856608,0.1695081,0.9936131925196386,0.7876606632222495,0.0,0.04547698,0.04547698
115,0.0,0.04479124605648513,0.95494774,0.00024562175,0.10124786,0.9937652537891772,0.8529102833697656,0.0,0.04505226,0.04505226
116,0.0,0.04366376718320366,0.95915493,8.353593e-05,0.022241212,0.993441787041048,0.9316717244059155,0.0,0.04084507,0.04084507
117,0.0,0.04339818513085975,0.95726577,0.00018253422,0.070496656,0.9934239040529,0.883930444254924,0.0,0.04273423,0.04273423
118,0.0,0.04415665995061411,0.953947153,0.00019671816,0.07741044,0.993393725339843,0.8742874906951643,0.0,0.046052847,0.046052847
119,0.0,0.0437636991075815,0.957218703,0.00018925652,0.073773354,0.9931830446246072,0.8805575461198099,0.0,0.042781297,0.042781297
120,0.0,0.044208410791129645,0.95467981,0.00014065136,0.050081395,0.9936732954180528,0.901130626688995,0.0,0.04532019,0.04532019
121,0.0,0.044502301993664034,0.95476297,0.0001660708,0.06247177,0.9933137696139184,0.8891322772622774,0.0655127172134092,0.0655127172134092,0.04523703
122,0.0,0.04450322828118859,0.955494456,0.000112979775,0.036593232,0.9921991456422752,0.913348906594675,0.0,0.044505544,0.044505544
123,0.0,0.045186653629420426,0.953104783,0.0001862389,0.07230245,0.9923676978425804,0.8774445441539821,0.0093945188017845,0.046895217,0.046895217
124,0.0,0.04763223259244316,0.94625382,0.00017460783,0.06663304,0.9933500384319138,0.8773287916633764,0.0093945188017845,0.05374618,0.05374618
125,0.0,0.04828962042317369,0.95006691,0.00020746818,0.08265039,0.9934377408699316,0.8658242150108398,0.0,0.04993309,0.04993309
126,0.0,0.048512967159409774,0.950928666,0.00022965968,0.093467355,0.992824621152813,0.8558623586805313,0.0,0.049071334,0.049071334
127,0.0,0.04794353654243556,0.95348004,0.00018079278,0.06964781,0.9925345614904264,0.8804498600491185,0.0,0.04651996,0.04651996
128,0.0,0.04775313895888254,0.952722855,0.00017105867,0.06490304,0.9918926734646836,0.8836655235208202,0.1446634529232025,0.1446634529232025,0.047277145
129,0.0,0.046960364970630386,0.95502157,0.00011008179,0.035180647,0.992161570897359,0.9142007821106375,0.0,0.04497843,0.04497843
130,0.0,0.047362092979021705,0.951633587,0.00017508064,0.06686351,0.9931963034890562,0.8819623152517454,0.0,0.048366413,0.048366413
131,0.0,0.0479094169850155,0.950722273,0.00032075716,0.13787165,0.9927565774351864,0.8137075921612926,0.0,0.049277727,0.049277727
132,0.0,0.04955947013215393,0.946315397,0.00028476154,0.12032606,0.9940132641896794,0.8274653415604359,0.0,0.053684603,0.053684603
133,0.0,0.04957416152296709,0.95038911,0.0002055279,0.08170463,0.9931451607224542,0.8667554412424358,0.0,0.04961089,0.04961089
134,0.0,0.04783916965926221,0.95649831,0.00016058424,0.05979742,0.9937060775558086,0.8936420406602062,0.0,0.04350169,0.04350169
135,0.0,0.04674501118518729,0.955990385,0.0001364044,0.048011266,0.9923483575075204,0.9031283771289892,0.0,0.044009615,0.044009615
136,0.0,0.045627935703705214,0.957164753,0.00016317515,0.061060324,0.9933669748856384,0.892758730974682,0.0,0.042835247,0.042835247
137,0.0,0.04617426464550372,0.952459913,0.00033815365,0.14635135,0.993412126349856,0.807709742050965,0.0551583326111097,0.0551583326111097,0.047540087
138,0.0,0.04524741188964551,0.95706972,0.0001361912,0.047907345,0.9929263696120104,0.9047734239675131,0.0551583326111097,0.0551583326111097,0.04293028
139,0.0,0.04485664620688965,0.956120268,0.00013192222,0.045826487,0.9921213704195164,0.9051169246845898,0.0292291963596849,0.043879732,0.043879732
140,0.0,0.04483097643349261,0.955233198,0.00021294231,0.085318685,0.993313833101825,0.8678920266126552,0.0,0.044766802,0.044766802
141,0.0,0.045080530881066144,0.954295583,0.00024378361,0.100351885,0.9932157440582134,0.8527057336362638,0.0,0.045704417,0.045704417
142,0.0,0.04518839520076153,0.954541944,0.00024510277,0.10099489,0.993240353967934,0.8523373756616294,0.0,0.045458056,0.045458056
143,0.0,0.044320638286258235,0.957848754,9.214927e-05,0.026439672,0.9939853228416974,0.9269147190401976,0.0,0.042151246,0.042151246
144,0.0,0.04373240677589874,0.957738172,0.00012433482,0.042128105,0.9932397941775624,0.9111887292784938,0.0,0.042261828,0.042261828
145,0.0,0.04430495255421339,0.954263683,0.00020154435,0.0797629,0.9933814827597668,0.8723368010138863,0.0,0.045736317,0.045736317
146,0.0,0.04676575239586671,0.947082248,0.0005851954,0.26676866,0.9937464161634144,0.6900877071550342,0.1332183361856155,0.1332183361856155,0.052917752
147,0.0,0.04618276028276193,0.95527472,0.00017640335,0.06750824,0.9933927904665024,0.8849001964736277,0.0,0.04472528,0.04472528
148,0.0,0.046001476773401384,0.954451732,0.00012504394,0.042473756,0.9931357026118648,0.9076392142715022,0.0,0.045548268,0.045548268
149,0.0,0.0464729076952867,0.952348515,0.00019740069,0.07774313,0.9930142895417182,0.87217434151572,0.0,0.047651485,0.047651485
150,0.0,0.04559035978234764,0.95661601,0.00016203323,0.060503714,0.9933620703882852,0.8927714343262918,0.0,0.04338399,0.04338399
151,0.0,0.045223784701676886,0.9556926530000001,0.00013380028,0.04674192,0.9935782097624036,0.9051713529304398,0.0,0.044307347,0.044307347
152,0.0,0.044731200501197776,0.95650026,0.0001590769,0.059062682,0.9932697180900992,0.893949489897817,0.0,0.04349974,0.04349974
153,0.0,0.04358532750085556,0.9592793550000001,7.800717e-05,0.019546289,0.9929790798864784,0.9339256244974449,0.0,0.040720645,0.040720645
154,0.0,0.04374580421489683,0.955853004,0.00015262396,0.055917285,0.9938878526585156,0.8968886711191879,0.0,0.044146996,0.044146996
155,0.0,0.04441866586778345,0.95389918,0.0001741017,0.066386335,0.9930656889647412,0.8843977971526585,0.0093945188017845,0.04610082,0.04610082
156,0.0,0.045644015619845324,0.95129261,0.00019655492,0.077330865,0.9933835391336634,0.871920874456515,0.0,0.04870739,0.04870739
157,0.0,0.0471821005856038,0.948972687,0.00026915182,0.11271729,0.9935074986401324,0.8365403254719118,0.0,0.051027313,0.051027313
158,0.0,0.04755395756114557,0.9515164,0.00012338137,0.041663356,0.9934938279900044,0.905940230679819,0.0667889290706799,0.0667889290706799,0.0484836
159,0.0,0.04828473682938969,0.949888315,0.00017365579,0.06616898,0.9935034864681924,0.8812725380709149,0.0195141496217427,0.050111685,0.050111685
160,0.0,0.04815480687813549,0.952170018,0.00022740591,0.09236878,0.9931205793998638,0.8582739074758858,0.0,0.047829982,0.047829982
161,0.0,0.04883705062723964,0.94945734,0.00021251758,0.08511166,0.9930788426968484,0.862635404053106,0.0,0.05054266,0.05054266
162,0.0,0.04869614330517118,0.951656125,0.00011574707,0.037942115,0.9932941497204728,0.9094087491830495,0.0292965995851383,0.048343875,0.048343875
163,0.0,0.0499515635036937,0.946909886,0.00023114894,0.09419327,0.993255329396896,0.8519323264632662,0.1137342350286533,0.1137342350286533,0.053090114
164,0.0,0.0524987236454955,0.941133376,0.00023316692,0.09517692,0.9930693863740744,0.8456573721685714,0.2349966280430684,0.2349966280430684,0.058866624
165,0.0,0.0541763497467825,0.941629585,0.00032151156,0.13823938,0.9931133309020076,0.8058710433289257,0.0,0.058370415,0.058370415
166,0.0,0.057469015533416073,0.93429932,0.00028342937,0.11967671,0.9924500762151968,0.8162757487562882,0.0,0.06570068,0.06570068
167,0.0,0.05668963966672577,0.9452588,0.0002618047,0.10913603,0.9925916944887804,0.8358584953456781,0.0,0.0547412,0.0547412
168,0.0,0.05515666261908984,0.94867578,0.00026378763,0.11010259,0.991749107219857,0.8372585168588978,0.0,0.05132422,0.05132422
169,0.0,0.05241192758506417,0.95444991,0.00016105297,0.060025897,0.9926791304500104,0.8905902198773408,0.0,0.04555009,0.04555009
170,0.0,0.05041577113218869,0.95457462,0.00017470766,0.0666817,0.9918595078603836,0.8836694183364427,0.0,0.04542538,0.04542538
171,0.0,0.048948104237277634,0.954721063,0.00013650433,0.048059974,0.9922648696167968,0.9018072193458703,0.0,0.045278937,0.045278937
172,0.0,0.04803222502662688,0.954257473,0.00015757365,0.058329947,0.9924599717683252,0.8918202483404711,0.0,0.045742527,0.045742527
173,0.0,0.04775635330473348,0.952933326,0.00020778492,0.082804784,0.9923409751407544,0.8673317017720819,0.0,0.047066674,0.047066674
174,0.0,0.047721889503381056,0.95236427,0.00022101543,0.08925383,0.9925072943806588,0.86086322238165,0.1252743706519819,0.1252743706519819,0.04763573
175,0.0,0.0462225753595579,0.95752571,0.00017806461,0.068318,0.9933959009084862,0.8862178892134762,0.2416709175326739,0.2416709175326739,0.04247429
176,0.0,0.046304205256827075,0.95349172,0.00019906482,0.07855428,0.993393489029312,0.872786444264707,0.0191747967479674,0.04650828,0.04650828
177,0.0,0.046654258612019335,0.952470608,0.0002753393,0.115733296,0.9934623165020202,0.8367317594236068,0.0,0.047529392,0.047529392
178,0.0,0.04534483472287095,0.957928725,0.00010499196,0.032699678,0.9924491082582796,0.9196080718841241,0.0,0.042071275,0.042071275
179,0.0,0.04519070765919354,0.9551946099999999,0.00028618274,0.121018805,0.9937817074138092,0.8343772331162703,0.0,0.04480539,0.04480539
180,0.0,0.04596604461370967,0.952095613,0.00030055773,0.12802571,0.9937268372675911,0.824994898289275,0.0,0.047904387,0.047904387
181,0.0,0.04561163186693548,0.9552744,0.00012968246,0.044734746,0.9931936176068054,0.9063293431557696,0.0,0.0447256,0.0447256
182,0.0,0.04591681276209677,0.953320235,0.00029639417,0.12599623,0.9938382311292588,0.8280714598213432,0.0099521531100478,0.046679765,0.046679765
183,0.0,0.04508164054435483,0.95700629,0.000102601654,0.031534553,0.994067166998038,0.9213288115026165,0.0,0.04299371,0.04299371
184,0.0,0.04415644696025345,0.958156537,0.00015006402,0.054669473,0.9934065516975972,0.8998024459132664,0.0,0.041843463,0.041843463
185,0.0,0.0436956572573239,0.957456317,0.00013749592,0.048543315,0.9935151932389198,0.9050706957276429,0.0190139567408946,0.042543683,0.042543683
186,0.0,0.0439046048980885,0.955573026,0.00020570755,0.0817922,0.9932291346525888,0.8714737497921122,0.0179633347743247,0.044426974,0.044426974
187,0.0,0.043870369784348925,0.956215218,0.0001861199,0.07224445,0.9934555235515083,0.8813281480846828,0.0095722891566265,0.043784782,0.043784782
188,0.0,0.04364078470310638,0.956933178,0.0001402402,0.049880978,0.9929011302390958,0.902746119866642,0.0,0.043066822,0.043066822
189,0.0,0.04368654907364741,0.95619904,0.00012701574,0.043434884,0.9930821814304428,0.9083391477106869,0.0,0.04380096,0.04380096
190,0.0,0.04414576276689101,0.954706203,0.00018623333,0.07229974,0.9934920435988828,0.8799172181590277,0.0,0.045293797,0.045293797
191,0.0,0.043902497119207864,0.956705667,0.00025117857,0.10395646,0.9930566032061072,0.8512977061631842,0.0,0.043294333,0.043294333
192,0.0,0.04413293622800561,0.955290966,0.00025891888,0.107729375,0.992514872703254,0.8459979089510562,0.0,0.044709034,0.044709034
193,0.0,0.04406803216286115,0.956094228,0.00013303036,0.046366636,0.9922323832197972,0.90468112661315,0.0,0.043905772,0.043905772
194,0.0,0.044566638402043675,0.954186846,0.00017593648,0.06728067,0.993231732480835,0.8839648353327185,0.0,0.045813154,0.045813154
195,0.0,0.04712901885860263,0.94646503,0.00038673068,0.17002961,0.992991323218458,0.7800323684787827,0.0,0.05353497,0.05353497
196,0.0,0.0494725323275733,0.944668684,0.00029189137,0.1238014,0.9941634002874512,0.8228863233718908,0.0457498532690767,0.055331316,0.055331316
197,0.0,0.049476510233980926,0.950513545,0.00011373204,0.03695992,0.9932139594890956,0.9091708167370292,0.0,0.049486455,0.049486455
198,0.0,0.049379618738557805,0.9508626099999999,0.00019792607,0.07799921,0.9934697579762,0.8709710400334081,0.0093945188017845,0.04913739,0.04913739
199,0.0,0.05066591738468415,0.946118336,0.00030126667,0.12837127,0.9937264705010442,0.8194903701857293,0.0,0.053881664,0.053881664
200,0.0,0.04970689698906011,0.952690654,0.00027236,0.11428107,0.9938008350672528,0.8385851912156841,0.0,0.047309346,0.047309346
201,0.0,0.04920161613504294,0.952061586,0.00016272097,0.06083894,0.9931839953784724,0.8880447115896669,0.0,0.047938414,0.047938414
202,0.0,0.04782312952503067,0.955623087,0.00015408658,0.056630217,0.9925792165639888,0.8948160638346987,0.0,0.044376913,0.044376913
203,0.0,0.04813335823216476,0.95109107,0.00014878335,0.054045226,0.9920119114179614,0.8925023416432263,0.0,0.04890893,0.04890893
204,0.0,0.048333621594403395,0.95116572,0.00014505663,0.052228685,0.992685797484702,0.8948939224639422,0.0,0.04883428,0.04883428
205,0.0,0.04780764285314528,0.9535073039999999,0.00019159287,0.07491218,0.9930177723480046,0.8759191238560197,0.0,0.046492696,0.046492696
206,0.0,0.0462323523236752,0.957705874,0.00011819889,0.039137226,0.9933519317596998,0.9141062113328179,0.0,0.042294126,0.042294126
207,0.0,0.04590574023119657,0.95491079,0.00016299855,0.060974244,0.9932504897149644,0.8906336362839519,0.0277837270957365,0.04508921,0.04508921
208,0.0,0.045308192736568983,0.956185676,0.00013636984,0.04799442,0.9935515463132104,0.9044241097288738,0.0,0.043814324,0.043814324
209,0.0,0.04653713566897784,0.950390507,0.00020640649,0.08213289,0.9936888345570984,0.8668267552716895,0.0,0.049609493,0.049609493
210,0.0,0.046006329477841314,0.955320686,0.00022979434,0.093532994,0.993403391524301,0.8602542388540773,0.0,0.044679314,0.044679314
211,0.0,0.045693643912743796,0.95508807,0.0003260805,0.14046647,0.9925688215295536,0.8148297412893928,0.0196429794703829,0.04491193,0.04491193
212,0.0,0.045200386509102713,0.956032757,9.9719844e-05,0.030129854,0.9918569631248944,0.9196771808328221,0.0490092386388193,0.0490092386388193,0.043967243
213,0.0,0.046205844077930505,0.951280512,0.0002357143,0.0964186,0.992447975478492,0.8530679633341971,0.0,0.048719488,0.048719488
214,0.0,0.046308285769950365,0.95343561,0.00014781137,0.053571448,0.9919375823674048,0.895083491234362,0.0,0.04656439,0.04656439
215,0.0,0.045926790692821684,0.955026947,0.00018408176,0.07125098,0.9908398288152964,0.8788554493379007,0.0,0.044973053,0.044973053
216,0.0,0.04536805335201549,0.95602879,0.00011745191,0.03877312,0.991744328000414,0.9113739339471314,0.0,0.04397121,0.04397121
217,0.0,0.045332920965725346,0.95475491,0.00019655937,0.07733303,0.9912293068411228,0.8731945336936929,0.0,0.04524509,0.04524509
218,0.0,0.04623265383266096,0.951518014,0.00013645616,0.048036497,0.9918460571127942,0.8984244953292535,0.0,0.048481986,0.048481986
219,0.0,0.04965625559475782,0.94178474,0.00021589259,0.086756766,0.9925461336018344,0.8536676311477669,0.0,0.05821526,0.05821526
220,0.0,0.04981788256768416,0.94977805,0.00021805582,0.0878112,0.9924568078647428,0.8598416522798858,0.0,0.05022195,0.05022195
221,0.0,0.0504749761197744,0.94788229,0.00016931164,0.06405148,0.9924152247935512,0.8804400488238898,0.0,0.05211771,0.05211771
222,0.0,0.05183693151412458,0.94475818,0.00028024387,0.11812397,0.991740030066494,0.826277719899703,0.1263647505690646,0.1263647505690646,0.05524182
223,0.0,0.05058876079580327,0.952531666,0.0001696533,0.064218014,0.9922335498765918,0.8844392558233283,0.0,0.047468334,0.047468334
224,0.0,0.048460737711288046,0.95685932,0.00010862919,0.034472596,0.9923333882540942,0.9167909127758778,0.0,0.04314068,0.04314068
225,0.0,0.04772206893663432,0.954124603,0.0001981236,0.078095496,0.992334457338694,0.8728690673431531,0.0,0.045875397,0.045875397
226,0.0,0.04757298352616737,0.95279973,0.00018145044,0.06996838,0.9928075103599148,0.8797603677015295,0.0,0.04720027,0.04720027
227,0.0,0.04772114937583384,0.951908436,0.00021949157,0.08851104,0.9919854708744964,0.860700191847807,0.0,0.048091564,0.048091564
228,0.0,0.0473386201255956,0.953617703,0.00018528497,0.07183747,0.9926961512696496,0.8786474941059589,0.0,0.046382297,0.046382297
229,0.0,0.047044868661139716,0.95368951,0.0002169502,0.08727228,0.9928388878205402,0.8642253985630818,0.0,0.04631049,0.04631049
230,0.0,0.04562905304367122,0.957910486,0.0001358624,0.047747076,0.9924782041172464,0.9053118816474893,0.0,0.042089514,0.042089514
231,0.0,0.0445398956026223,0.958182998,0.000105427214,0.032911833,0.9929124659775392,0.9200797939343249,0.0,0.041817002,0.041817002
232,0.0,0.044694311144730214,0.95491965,0.00019487065,0.07650989,0.9930360819838272,0.8757176598681821,0.0,0.04508035,0.04508035
233,0.0,0.044680443674807294,0.955354225,0.00024193007,0.099448405,0.9933738548228408,0.8546449951317843,0.0455692915152193,0.0455692915152193,0.044645775
234,0.0,0.04468418033914807,0.955306478,0.0002058073,0.08184082,0.9935185199483172,0.8714383545882556,0.0,0.044693522,0.044693522
235,0.0,0.04438605338510576,0.956359264,0.00020096892,0.079482414,0.9938434476568614,0.8749256277656493,0.0,0.043640736,0.043640736
236,0.0,0.04451358756078983,0.955167577,0.00016326185,0.061102588,0.993101003111144,0.8906173155401702,0.0,0.044832423,0.044832423
237,0.0,0.04359972140056416,0.958684944,7.280108e-05,0.017008645,0.9939178784697328,0.9366473484413682,0.0,0.041315056,0.041315056
238,0.0,0.043634979571831545,0.956276875,0.00018387254,0.07114901,0.9924735667746044,0.8815534526280772,0.0,0.043723125,0.043723125
239,0.0,0.04364723512273681,0.956322126,0.0003315789,0.14314657,0.9929607486856404,0.8136597349691999,0.0,0.043677874,0.043677874
240,0.0,0.04481585651624058,0.95226259,0.0003617761,0.1578658,0.9925277763305704,0.7959406724646019,0.0,0.04773741,0.04773741
241,0.0,0.043964062654457556,0.958165422,0.000107724954,0.034031842,0.9934327837811412,0.9194789529170468,0.0,0.041834578,0.041834578
242,0.0,0.04446763046746968,0.95427345,0.00021453592,0.086095475,0.9938128559624332,0.8667189240087139,0.0564576919858025,0.0564576919858025,0.04572655
243,0.0,0.045895641762478345,0.95053433,0.0004950561,0.22283144,0.993626188356084,0.7340168999429454,0.0,0.04946567,0.04946567
244,0.0,0.045381508687484536,0.955903824,0.00020756199,0.08269612,0.9927774224809708,0.8705211386037274,0.0,0.044096176,0.044096176
245,0.0,0.04429611677677467,0.958417363,0.000121754216,0.040870223,0.9925564723494552,0.9124041939267826,0.0,0.041582637,0.041582637
246,0.0,0.04489281484055333,0.95361544,0.0003066071,0.1309744,0.993769741479454,0.8235531135627197,0.0,0.04638456,0.04638456
247,0.0,0.04402492088610952,0.958144814,0.000107611864,0.033976715,0.993279919918796,0.9193701604547376,0.0,0.041855186,0.041855186
248,0.0,0.044040647204363945,0.9559200370000001,0.00015888804,0.05897063,0.992771037512471,0.8930460254393535,0.0,0.044079963,0.044079963
249,0.0,0.04473542971740282,0.953527614,0.0002470618,0.101949796,0.9924077135908018,0.8498142744621258,0.0,0.046472386,0.046472386
250,0.0,0.044769445226716297,0.955145516,0.00011240508,0.036313113,0.9928345556867262,0.9138656954108171,0.0,0.044854484,0.044854484
251,0.0,0.04512329630479736,0.953992076,0.00014046131,0.049988758,0.9940858176686656,0.9009431546245137,0.0,0.046007924,0.046007924
252,0.0,0.04547785736056954,0.95363574,0.000116622505,0.03836884,0.993256117528737,0.9108613934885581,0.0,0.04636426,0.04636426
253,0.0,0.046562036686121105,0.950727515,0.00025237014,0.10453728,0.9932797695444352,0.845619838531571,0.0,0.049272485,0.049272485
254,0.0,0.046634480490086505,0.95318441,0.0002475986,0.10221145,0.9938037201909268,0.8504555330139498,0.0473049777938806,0.0473049777938806,0.04681559
255,0.0,0.0459201560643475,0.955865655,0.0001326522,0.04618231,0.9931896368336924,0.905512415997354,0.0098966026587887,0.044134345,0.044134345
256,0.0,0.045516234331676786,0.95549357,0.00021716292,0.08737597,0.9937668260679272,0.8665710249782022,0.0093945188017845,0.04450643,0.04450643
257,0.0,0.04556478337976914,0.954313844,0.00020998472,0.08387705,0.993529615265426,0.8686119584031575,0.0199020807833537,0.045686156,0.045686156
258,0.0,0.04562772327126367,0.954214927,0.00018276638,0.070609815,0.9925505168883856,0.8802315029234167,0.0773809326622172,0.0773809326622172,0.045785073
259,0.0,0.04609401290804548,0.952740263,0.00019418696,0.07617663,0.993281059423698,0.8742499527638944,0.038752048616736,0.047259737,0.047259737
260,0.0,0.04723219607717535,0.949922346,0.0002382605,0.097659715,0.9927539405619812,0.8509422173797954,0.0,0.050077654,0.050077654
261,0.0,0.04826185719798239,0.94916399,0.00024546517,0.10117154,0.9919359746622256,0.8462559002643698,0.0,0.05083601,0.05083601
262,0.0,0.04995924942713028,0.94579727,0.00038649156,0.16991305,0.9916644199175008,0.7785497575036296,0.0,0.05420273,0.05420273
263,0.0,0.04831372101937877,0.9558001,0.00019809748,0.07808276,0.9913299607765194,0.8735288239443321,0.0,0.0441999,0.0441999
264,0.0,0.04724307701384198,0.955433533,0.00014811447,0.053719193,0.991938500738638,0.8968199453252726,0.0,0.044566467,0.044566467
265,0.0,0.04614961386702998,0.956584044,0.00012013638,0.040081628,0.9929776667778214,0.9117943926943133,0.0,0.043415956,0.043415956
266,0.0,0.046499712762164275,0.95262504,0.00033804757,0.14629965,0.9922574598455892,0.8069596602753933,0.0,0.04737496,0.04737496
267,0.0,0.04633416625868877,0.9540797,0.00016092001,0.059961088,0.992744723229202,0.8903649882482473,0.0,0.0459203,0.0459203
268,0.0,0.04670518818477769,0.952367257,0.00039424124,0.17369053,0.9922808326694916,0.780875484002679,0.0,0.047632743,0.047632743
269,0.0,0.04624847356055549,0.954893313,0.00018789934,0.07311181,0.9932313714384896,0.8790885612667733,0.0,0.045106687,0.045106687
270,0.0,0.04508767397182535,0.957814325,9.396896e-05,0.02732666,0.9929345487299438,0.9250579983361613,0.0,0.042185675,0.042185675
271,0.0,0.04455528283701811,0.956775695,0.00016870046,0.06375357,0.9945367893562218,0.8908840057860066,0.0,0.043224305,0.043224305
272,0.0,0.04402068374072722,0.957315814,0.00016455654,0.061733663,0.993764660849864,0.8926165132680371,0.0,0.042684186,0.042684186
273,0.0,0.04462358638623373,0.953869157,0.0002841731,0.120039225,0.9929769481357008,0.8334725215594355,0.0,0.046130843,0.046130843
274,0.0,0.04505402170445267,0.95386989,0.00025550535,0.1060655,0.9927832608850748,0.8465435099228127,0.0,0.04613011,0.04613011
275,0.0,0.04433913836032334,0.95744807,0.00016301412,0.060981832,0.9941549039466364,0.8938060339683709,0.0,0.04255193,0.04255193
276,0.0,0.04438856568594524,0.955487866,0.00015676573,0.057936136,0.9932491058880304,0.8940539047419573,0.0,0.044512134,0.044512134
277,0.0,0.04476710006138946,0.954286564,0.0003254324,0.14015055,0.993445504787989,0.8151645334933967,0.0,0.045713436,0.045713436
278,0.0,0.0438526063295639,0.958433628,0.00011252692,0.036372494,0.9935369917394068,0.9176039466451505,0.0099521531100478,0.041566372,0.041566372
279,0.0,0.04473569652111707,0.953056578,0.00015023636,0.05475348,0.9936952834575368,0.8951936622034778,0.0367177072180647,0.046943422,0.046943422
280,0.0,0.04568818408651219,0.951930597,0.0002636361,0.11002872,0.9938863468578776,0.8420114606251147,0.0,0.048069403,0.048069403
281,0.0,0.04522676006179442,0.9559268,0.00027822997,0.11714232,0.9922553187398698,0.8374112139281082,0.0,0.0440732,0.0440732
282,0.0,0.04488032204413887,0.955985773,0.00018750718,0.07292066,0.99310733805976,0.8801658678682175,0.0,0.044014227,0.044014227
283,0.0,0.04468351088867062,0.955808517,0.0001930727,0.0756335,0.9932909491631206,0.8775898105552049,0.0,0.044191483,0.044191483
284,0.0,0.04429024092047901,0.956692934,0.00013703156,0.048316967,0.993777204710361,0.9048027744020611,0.0275486694677871,0.043307066,0.043307066
285,0.0,0.04456755580034215,0.954739157,0.00026596655,0.111164674,0.9933182633853612,0.8429357288114042,0.0,0.045260843,0.045260843
286,1.0,0.04388091214310153,0.957835697,9.9743746e-05,0.0301415,0.9934888814959388,0.9229164905365199,0.0,0.042164303,0.042164303
287,1.0,0.04442599381650109,0.954211302,0.0003006457,0.1280686,0.9931270127515804,0.8262884243460926,0.0,0.045788698,0.045788698
288,1.0,0.044780177583215064,0.954334363,0.00022721256,0.09227454,0.9931526711750952,0.8603419384657056,0.0,0.045665637,0.045665637
289,1.0,0.04489141541658219,0.95483049,0.0002321312,0.09467207,0.9928936687378648,0.8582917516016422,0.0,0.04516951,0.04516951
290,1.0,0.04623846701184442,0.950393904,0.00017989957,0.06921243,0.99312742854634,0.8785352538020139,0.0,0.049606096,0.049606096
291,1.0,0.04853340986560316,0.945729233,0.000287627,0.12172278,0.9933560430531028,0.8250938883302122,0.0,0.054270767,0.054270767
292,1.0,0.04941053276114511,0.94839666,0.00020866649,0.0832345,0.9933770266913168,0.8636989454592713,0.0,0.05160334,0.05160334
293,1.0,0.050707383400817936,0.94605049,0.00018399482,0.07120861,0.9932082339807712,0.872715736543335,0.1825538243931839,0.1825538243931839,0.05394951
294,1.0,0.05084530357201281,0.948809896,0.0002720096,0.11411028,0.993245586654926,0.834863572205053,0.0,0.051190104,0.051190104
295,1.0,0.04980565255143772,0.952793475,0.000115664014,0.037901636,0.9936993623386828,0.9109053684211108,0.0093945188017845,0.047206525,0.047206525
296,1.0,0.049993381536741224,0.949537296,0.00037903577,0.16627882,0.9929588748818338,0.7860752527177378,0.0,0.050462704,0.050462704
297,1.0,0.04991396395481516,0.95028458,0.00016123647,0.06011534,0.9927412200515936,0.8866746627257877,0.0,0.04971542,0.04971542
298,1.0,0.04994235196772512,0.949986678,0.0001674648,0.063151255,0.9932242718336898,0.8839634708092273,0.0,0.050013322,0.050013322
299,1.0,0.04958203854837508,0.951318745,0.00021003155,0.08389988,0.9925212151722396,0.8649854314201981,0.0,0.048681255,0.048681255
300,1.0,0.0493259321059822,0.951314334,0.00029785887,0.12671019,0.9921951330192696,0.8242890403432841,0.0,0.048685666,0.048685666
301,1.0,0.04733260464713014,0.957650714,0.0001759506,0.06728756,0.9924939360037494,0.8865082221780912,0.0,0.042349286,0.042349286
302,1.0,0.0473993747479501,0.9524337,0.00019662004,0.077362604,0.9929064119947124,0.8725174516403852,0.0,0.0475663,0.0475663
303,1.0,0.04698232881996436,0.954060286,0.00016304712,0.060997922,0.9930428834064344,0.8896319566790054,0.0,0.045939714,0.045939714
304,1.0,0.04637209772854597,0.95515348,0.00020488357,0.08139056,0.993275316490274,0.8715126786218238,0.0374687477304972,0.04484652,0.04484652
305,1.0,0.046584288948961404,0.9528852329999999,0.00026782817,0.112072095,0.993051753541137,0.8402145232516197,0.0095644283121597,0.047114767,0.047114767
306,1.0,0.047167020677829574,0.95137615,0.0001848602,0.071630426,0.9926642420326298,0.8767495193283072,0.0392508448094182,0.04862385,0.04862385
307,1.0,0.04881949391273541,0.947049323,0.00023571064,0.09641682,0.9919342019381666,0.8488356302908051,0.0,0.052950677,0.052950677
308,1.0,0.04910253508052529,0.950189862,0.0001734797,0.06608315,0.9921826805267128,0.8804612466314239,0.0,0.049810138,0.049810138
309,1.0,0.050242353628946634,0.9469081,0.00022204677,0.08975654,0.992530498464776,0.8554788155990554,0.0,0.0530919,0.0530919
310,1.0,0.051502828877819026,0.945345983,0.00016444147,0.06167758,0.9921622661535168,0.8800869523219714,0.115540584793849,0.115540584793849,0.054654017
311,1.0,0.05429131205558502,0.93873748,0.00037107035,0.16239618,0.9924223946820764,0.7803319031878542,0.1161568137170186,0.1161568137170186,0.06126252
312,1.0,0.05622673232541787,0.938934717,0.0002863408,0.12109585,0.9927638185257804,0.8192620791221292,0.0,0.061065283,0.061065283
313,1.0,0.06816263851815563,0.901997596,0.0005346065,0.24210979,0.992786469629178,0.6786838688238367,0.0,0.098002404,0.098002404
314,1.0,0.08728467608439688,0.86491023,0.00048780759,0.21929824,0.9926563017471104,0.6702782024752307,0.0,0.13508977,0.13508977
315,1.0,0.09997590863171206,0.86829601,0.00037582815,0.1647153,0.9933380570122048,0.7204426357057815,0.0,0.13170399,0.13170399
316,1.0,0.6321620769930516,0.8811785599999999,0.00044394747,0.1979192,0.9941530440809132,0.7026439138667766,0.0,0.11882144,0.11882144
317,1.0,0.09407852440393472,0.93412603,0.00027596435,0.11603797,0.9928345400553614,0.8198151926009895,0.0,0.06587397,0.06587397
318,1.0,0.0807800602885248,0.9524661,0.00020946158,0.08362205,0.991654752051502,0.8655350417594557,0.1264382717821911,0.1264382717821911,0.0475339
319,1.0,0.07062837734894628,0.95475083,0.00020237634,0.08016844,0.9940145427232834,0.8729534572621939,0.1354008288361104,0.1354008288361104,0.04524917
320,1.0,0.06642860896353306,0.944070812,0.0002533607,0.105020106,0.9935403837312988,0.8394665078828599,0.0,0.055929188,0.055929188
321,1.0,0.0630933606882379,0.94524476,0.00011183743,0.036036413,0.9939642433216874,0.905681859441066,0.0,0.05475524,0.05475524
322,1.0,0.061406342777312786,0.942811202,0.00023815641,0.097608976,0.9940411449186478,0.8457146652689086,0.0,0.057188798,0.057188798
323,1.0,0.05926737826950913,0.946080033,0.00021931597,0.08842545,0.9936517359935144,0.8569475947555959,0.0,0.053919967,0.053919967
324,1.0,0.05735733304964938,0.94741778,0.00026571334,0.111041255,0.9929070847273096,0.8362415587884029,0.0,0.05258222,0.05258222
325,1.0,0.054483910464035265,0.952699646,0.00018385838,0.0711421,0.993076213566098,0.8787955774731995,0.0,0.047300354,0.047300354
326,1.0,0.05224617604573947,0.95334816,0.00018700339,0.072675094,0.9931011543024902,0.877964475233249,0.0,0.04665184,0.04665184
327,1.0,0.05152521431838533,0.95027719,0.00033827338,0.14640972,0.993423978866563,0.8058132504245737,0.0,0.04972281,0.04972281
328,1.0,0.050208600513132376,0.953082934,0.00010331546,0.03188249,0.9933356705574246,0.9165471249229578,0.0,0.046917066,0.046917066
329,1.0,0.05029634893795169,0.94948428,0.00032439193,0.13964339,0.992513749110532,0.8107795948968709,0.0940425738533696,0.0940425738533696,0.05051572
330,1.0,0.049606025527108355,0.952119783,9.4131006e-05,0.027405646,0.9927473793624452,0.9193102076398786,0.0290551087047172,0.047880217,0.047880217
331,1.0,0.04933205680507739,0.951352865,0.00032043952,0.13771683,0.9921740525659792,0.8139156612169325,0.0,0.048647135,0.048647135
332,1.0,0.04814966114648385,0.954806328,0.00014363059,0.05153358,0.9928028737308108,0.8990840096412047,0.0,0.045193672,0.045193672
333,1.0,0.04760587796177418,0.95375358,0.0002100451,0.08390648,0.9930727140471224,0.8676749142553374,0.0,0.04624642,0.04624642
334,1.0,0.04660278540126727,0.955904946,0.00015983489,0.05943216,0.993134121521635,0.8929203839340519,0.0,0.044095054,0.044095054
335,1.0,0.04622030242947662,0.954735905,0.00015449416,0.05682889,0.9929693412903812,0.8941483604786845,0.0,0.045264095,0.045264095
336,1.0,0.046643146306769016,0.952299744,0.00012156012,0.040775616,0.9929319083867189,0.9070126517873988,0.0,0.047700256,0.047700256
337,1.0,0.046669918219120726,0.953263152,0.00020243914,0.080199055,0.993211633362418,0.8708602243524017,0.0,0.046736848,0.046736848
338,1.0,0.04676260787080052,0.953005668,0.00026903686,0.11266126,0.9923877667000864,0.8392016484525386,0.019209139135106,0.046994332,0.046994332
339,1.0,0.047003791336286085,0.95239325,0.0004696942,0.21046911,0.9921037689723188,0.7460063676248105,0.0,0.04760675,0.04760675
340,1.0,0.0485467500973472,0.947595853,0.00010908425,0.034694415,0.9927750148033836,0.9081107338770421,0.0,0.052404147,0.052404147
341,1.0,0.051328877783819435,0.941715803,0.00023263074,0.09491556,0.9931681484361312,0.8465093123027287,0.0,0.058284197,0.058284197
342,1.0,0.053049473559871024,0.942649037,0.00015414738,0.05665985,0.9937688660715476,0.8836977186268142,0.0,0.057350963,0.057350963
343,1.0,0.05511372768562216,0.939725637,0.00019111883,0.07468111,0.9934006295801708,0.8638074279522283,0.0,0.060274363,0.060274363
344,1.0,0.059150228346872974,0.93075852,0.00030815322,0.13172804,0.9936437211812528,0.8030146880299177,0.0,0.06924148,0.06924148
345,1.0,0.060152000247766416,0.93734357,0.00023713034,0.09710883,0.9933073816542052,0.840655140986717,0.0,0.06265643,0.06265643
346,1.0,0.05627723560554744,0.953409676,0.00021043878,0.08409838,0.993047654262826,0.8671584736111876,0.01,0.046590324,0.046590324
347,1.0,0.05416130657539103,0.951128516,0.00015443703,0.05680104,0.9930762820458164,0.8908921360124501,0.0,0.048871484,0.048871484
348,1.0,0.05480332098242217,0.943591643,0.00024501656,0.10095287,0.9943597832267403,0.8435485744930316,0.01,0.056408357,0.056408357
349,1.0,0.058214983558872974,0.93325586,0.00020290374,0.080425516,0.9951645211984792,0.8540484763288627,0.01,0.06674414,0.06674414
350,1.0,0.05729866997062355,0.944992114,0.00018485013,0.071625516,0.9946500269535224,0.8726129997360508,0.0,0.055007886,0.055007886
351,1.0,0.05744332426473111,0.94219504,0.00019435583,0.07625895,0.9945227201662388,0.8655771166245595,0.0085919999999999,0.05780496,0.05780496
352,1.0,0.05526675961766508,0.950174652,0.00030852924,0.13191132,0.994035867498512,0.8199164290665552,0.0,0.049825348,0.049825348
353,1.0,0.0523304482983322,0.95501033,0.00013300129,0.046352465,0.9934141535982678,0.9047452319671945,0.0093945188017845,0.04498967,0.04498967
354,1.0,0.050605543070237284,0.95370672,0.000199758,0.078892164,0.9935207552470102,0.8727749320671463,0.01,0.04629328,0.04629328
355,1.0,0.04970871647874092,0.95253335,0.00013624402,0.047933094,0.9933112541582064,0.9008096198044784,0.1627899735934769,0.1627899735934769,0.04746665
356,0.0,0.04820102777052923,0.955568194,9.634705e-05,0.028485829,0.9933530411489432,0.9221773505943881,0.1168566094813453,0.1168566094813453,0.044431806
357,0.0,0.047342889264663734,0.954802457,0.00017726599,0.067928724,0.9931429610111407,0.8838415640991112,0.01,0.045197543,0.045197543
358,0.0,0.046784542617616956,0.954611324,0.0001651006,0.061998863,0.992979363515676,0.8891400432988585,0.0,0.045388676,0.045388676
359,0.0,0.04667835272686925,0.953587122,0.00020820973,0.08301186,0.9929373857678494,0.8682523331185344,0.0,0.046412878,0.046412878
360,0.0,0.047098117662049466,0.95185247,0.00023283511,0.095015176,0.9921000438217163,0.8546069226691777,0.0,0.04814753,0.04814753
361,0.0,0.04604727833003533,0.95657982,0.00014009506,0.04981023,0.9939146620123598,0.9034011985390956,0.0,0.04342018,0.04342018
362,0.0,0.04629672680716809,0.953079652,0.00032800087,0.14140251,0.9932279060980242,0.8127701126470488,0.0,0.046920348,0.046920348
363,0.0,0.045894345433691495,0.955111608,0.00014648782,0.0529263,0.9922448985633108,0.8975461215355187,0.0,0.044888392,0.044888392
364,0.0,0.04562233902406536,0.955057677,0.0001898129,0.074044555,0.9932493458298024,0.878370977017695,0.0,0.044942323,0.044942323
365,0.0,0.04612084958861812,0.952632874,0.00015338718,0.056289308,0.992230559106324,0.8920250250172246,0.0,0.047367126,0.047367126
366,0.0,0.0460014517061558,0.954297043,0.00025955465,0.108039275,0.992901346941228,0.845153140925313,0.0,0.045702957,0.045702957
367,0.0,0.047047651218682714,0.95033685,0.00021971241,0.08861869,0.9925274455485004,0.8596471200872654,0.0554143183524421,0.0554143183524421,0.04966315
368,0.0,0.046474865727630515,0.954957098,0.00013262832,0.046170667,0.991447761231712,0.903076147525697,0.0,0.045042902,0.045042902
369,0.0,0.04538057894830751,0.957355138,9.969105e-05,0.030115817,0.9924508863386944,0.9215140756221399,0.0,0.042644862,0.042644862
370,0.0,0.04584666210593393,0.95298813,0.00023274505,0.09497128,0.9905561244397948,0.8543364583063122,0.0,0.04701187,0.04701187
371,0.0,0.04631163864709567,0.95252592,0.00018734358,0.072840914,0.992575693884685,0.8765863369472187,0.0,0.04747408,0.04747408
372,0.0,0.047212749319354055,0.950534474,0.00021531647,0.08647594,0.9932122926695862,0.8624421004667199,0.0,0.049465526,0.049465526
373,0.0,0.051442441799538614,0.937983327,0.00023809586,0.097579464,0.9934942823953284,0.8409486168043406,0.0,0.062016673,0.062016673
374,0.0,0.050742138428241865,0.95100862,0.00013902545,0.04928886,0.99302738462468,0.8978303072287855,0.0,0.04899138,0.04899138
375,0.0,0.05042103230588705,0.950381733,0.0002888607,0.12232414,0.9925830994972318,0.8279404670958118,0.0,0.049618267,0.049618267
376,0.0,0.05018509936134789,0.9504047330000001,0.00017050735,0.064634316,0.9923952733518266,0.8822155538867114,0.0,0.049595267,0.049595267
377,0.0,0.049416012115248494,0.952506706,0.000250804,0.103773884,0.9926324884200152,0.8473720254386701,0.1541707728979029,0.1541707728979029,0.047493294
378,0.0,0.04876579065374892,0.952859763,0.00015262415,0.05591738,0.992619137744448,0.8929386777185928,0.0194254407107114,0.047140237,0.047140237
379,0.0,0.047674549609820656,0.9550535529999999,0.0001848767,0.071638465,0.9919901609551616,0.8795331789691736,0.0,0.044946447,0.044946447
380,0.0,0.0473627391498719,0.953416787,0.0002044808,0.08119424,0.9925702665521088,0.8694963531488975,0.0,0.046583213,0.046583213
381,0.0,0.04602956910705136,0.957303356,8.8799876e-05,0.024807055,0.992641610551135,0.926686014209449,0.01,0.042696644,0.042696644
382,0.0,0.04698071793360811,0.95064141,0.00019383173,0.076003484,0.9926089115491854,0.8718970974192718,0.0,0.04935859,0.04935859
383,0.0,0.046343656524005794,0.955248997,0.0001556765,0.057405207,0.9913608774276808,0.8926339546454232,0.0,0.044751003,0.044751003
384,0.0,0.046505817517147,0.95308878,0.00025269724,0.10469672,0.9917813499150858,0.8462905078931686,0.0,0.04691122,0.04691122
385,0.0,0.046836730512247855,0.952335987,0.00028170994,0.11883859,0.9929273678233146,0.8332266389085766,0.0099521531100478,0.047664013,0.047664013
386,0.0,0.046376130365891326,0.95477537,0.0001603093,0.059663404,0.993458255046469,0.8919369758855619,0.263423822961205,0.263423822961205,0.04522463
387,0.0,0.04640048654706523,0.953538623,0.00026209548,0.10927777,0.9936895382345476,0.8439783333876153,0.0,0.046461377,0.046461377
388,0.0,0.04547190067647516,0.956849564,0.00017692673,0.06776335,0.9940095191597336,0.8866666618926199,0.0291269498580153,0.043150436,0.043150436
389,0.0,0.04568650791176797,0.9537769739999999,0.00012589987,0.042890966,0.9928691081939334,0.9063589913146379,0.0,0.046223026,0.046223026
390,0.0,0.04584335136554855,0.95376454,0.0002687309,0.11251211,0.9928006888700228,0.8403605900085749,0.0093333333333333,0.04623546,0.04623546
391,0.0,0.04536131268967753,0.955843784,0.00015801165,0.058543444,0.9936256768878836,0.8941492366745584,0.0,0.044156216,0.044156216
392,0.0,0.045211222206912524,0.955164004,0.00028395222,0.119931564,0.9936452804058202,0.8352678522485361,0.0,0.044835996,0.044835996
393,0.0,0.044599484433508946,0.95692986,0.00012436695,0.04214377,0.9937829887538412,0.9109027079308486,0.0,0.04307014,0.04307014
394,0.0,0.04432539030964924,0.956359845,0.00017321238,0.065952845,0.9936844765036612,0.8876436287570931,0.0,0.043640155,0.043640155
395,0.0,0.04557872022117803,0.951287955,0.00019157212,0.074902065,0.9932257038346232,0.8740729082679347,0.0,0.048712045,0.048712045
396,0.0,0.044984995586555734,0.956499316,0.00011667545,0.038394645,0.9938806214446236,0.9141464137389467,0.0,0.043500684,0.043500684
397,0.0,0.04416887627611124,0.957871422,0.00011198378,0.03610775,0.9921270205758326,0.9160158376130362,0.0,0.042128578,0.042128578
398,0.0,0.043562425054365174,0.957953703,8.9676556e-05,0.02523438,0.9932331448105866,0.9274615789288264,0.0,0.042046297,0.042046297
399,0.0,0.043530733038832266,0.956548497,0.00018077901,0.0696411,0.9939786015399392,0.8845747638163034,0.0375170239345705,0.043451503,0.043451503
400,0.0,0.04454170531345162,0.952930864,0.00029084532,0.123291515,0.9938095907447252,0.8302708426443012,0.0,0.047069136,0.047069136
401,0.0,0.04545350208103687,0.952267006,0.00022323571,0.09033607,0.9935493638514472,0.8606551290193835,0.0,0.047732994,0.047732994
402,0.0,0.044696652343597765,0.957195472,9.4463816e-05,0.027567869,0.9925053438205962,0.9238315494448552,0.0,0.042804528,0.042804528
403,0.0,0.04592849910256983,0.950991884,0.00020829034,0.083051145,0.9925939833638248,0.8655527917739556,0.0,0.049008116,0.049008116
404,0.0,0.04553295364469274,0.95545591,0.00020512508,0.08150828,0.993117378206708,0.8715383023369931,0.0,0.04454409,0.04454409
405,0.0,0.04589670888906624,0.953193903,0.00014063818,0.05007497,0.993201764462906,0.8993071978795807,0.0870391140084909,0.0870391140084909,0.046806097
406,0.0,0.045655149206475884,0.95494875,0.00015045084,0.054858025,0.9925007807169716,0.895793636137377,0.0,0.04505125,0.04505125
407,0.0,0.04440403800462563,0.95872374,0.0001079647,0.0341487,0.9932603129762652,0.9197437244250767,0.0,0.04127626,0.04127626
408,0.0,0.04542873286044688,0.95200953,0.00018162618,0.07005404,0.9923077129306648,0.8785073005912986,0.0,0.04799047,0.04799047
409,0.0,0.0475121509003192,0.947279304,0.00017589166,0.06725883,0.992919261824987,0.8773101039462876,0.0,0.052720696,0.052720696
410,0.0,0.05223008492879942,0.93597508,0.0001492625,0.054278784,0.9934091485744346,0.8793374570212665,0.0,0.06402492,0.06402492
411,0.0,0.05484166266342816,0.938629393,0.00023111323,0.09417587,0.993295068563964,0.8445323983090873,0.0,0.061370607,0.061370607
412,0.0,0.05523469047387726,0.94378274,0.0002785374,0.11729217,0.9926509732750708,0.8269620547911827,0.0,0.05621726,0.05621726
413,0.0,0.05528487890991233,0.94458965,0.0002635235,0.10997385,0.9920191387267367,0.8339999037123775,0.0,0.05541035,0.05541035
414,0.0,0.0567984420785088,0.93941765,0.000247574,0.102199465,0.9938367768137312,0.8382115467324274,0.291975077624559,0.291975077624559,0.06058235
415,0.0,0.05796187719893486,0.939129535,0.00043202098,0.19210579,0.992964437250754,0.7533793104965488,0.0,0.060870465,0.060870465
416,0.0,0.05676907342781062,0.946212936,0.0001431121,0.051280852,0.992797436432881,0.8912246587997111,0.0,0.053787064,0.053787064
417,0.0,0.05537181816272187,0.94812132,0.00017727993,0.06793552,0.9927679589599464,0.8773191766318966,0.0,0.05187868,0.05187868
418,0.0,0.05580496068765847,0.943112183,0.00043751183,0.19478223,0.993666775637012,0.7546011705789214,0.0,0.056887817,0.056887817
419,0.0,0.056877620491184624,0.94044073,0.00016614015,0.06250557,0.9937318948605056,0.8761316214167821,0.0,0.05955927,0.05955927
420,0.0,0.05491461606513187,0.949992895,0.0001750249,0.066836335,0.9938080927731968,0.8810097329762482,0.0,0.050007105,0.050007105
421,0.0,0.052297468617951336,0.9542454,0.00019120789,0.074724525,0.992202257197048,0.8760549277679613,0.0,0.0457546,0.0457546
422,0.0,0.050042269584250954,0.955595728,0.00019021593,0.074241005,0.993041689484288,0.8784956620522881,0.0,0.044404272,0.044404272
423,0.0,0.04806753541732211,0.9568693,0.00020097019,0.07948303,0.9928040902671352,0.8744761676015325,0.0,0.0431307,0.0431307
424,0.0,0.04845641672665865,0.95057138,0.00037403553,0.16384152,0.9929966992613274,0.7892618984701016,0.0,0.04942862,0.04942862
425,0.0,0.047058936519041895,0.956434764,0.00016413245,0.061526947,0.993431208813778,0.8916921831614725,0.0555044769701245,0.0555044769701245,0.043565236
426,0.0,0.046376335513601354,0.955330167,0.00024850518,0.102653354,0.993161157896434,0.8513996395241828,0.0095722891566265,0.044669833,0.044669833
427,0.0,0.04498658422400097,0.958487794,0.00018821703,0.07326667,0.9938089015088134,0.8827632639475964,0.0195171015186574,0.041512206,0.041512206
428,0.0,0.0455187258742864,0.95315092,0.00022136506,0.08942425,0.992608751984987,0.8615011305885562,0.0,0.04684908,0.04684908
429,0.0,0.04520951619591886,0.955563508,0.00021996582,0.08874221,0.9932327092665548,0.8648719726836633,0.0,0.044436492,0.044436492
430,0.0,0.04462572871137062,0.95683374,0.0002785527,0.11729963,0.9935944664948784,0.8391873987654227,0.0,0.04316626,0.04316626
431,0.0,0.044311940508121865,0.95647253,0.00018712526,0.0727345,0.9931545070348798,0.8808326838193303,0.2593106303162338,0.2593106303162338,0.04352747
432,0.0,0.04437651179151562,0.95546206,0.00019744485,0.07776465,0.9929104207828194,0.8749138274021143,0.1255438508103526,0.1255438508103526,0.04453794
433,0.0,0.0444099615653683,0.955506414,0.00018776306,0.07304539,0.9927957054660436,0.8793301518831185,0.0,0.044493586,0.044493586
434,0.0,0.04507909997526307,0.953248054,0.00015032502,0.054796696,0.9929728233117278,0.8946816311460217,0.0,0.046751946,0.046751946
435,0.0,0.047824778553759335,0.945311025,0.00019898191,0.078513876,0.993478352966129,0.8654100444148887,0.0,0.054688975,0.054688975
436,0.0,0.05356108753839953,0.93209814,0.0001393091,0.049427122,0.9942527832821474,0.880935021115737,0.0,0.06790186,0.06790186
437,0.0,0.057880962527428234,0.93131935,0.00020127025,0.079629295,0.9938327851667208,0.8518727627521095,0.0,0.06868065,0.06868065
438,0.0,0.059863633233877306,0.93517969,0.00017444747,0.066554874,0.9942783656869116,0.8679442862663928,0.0,0.06482031,0.06482031
439,0.0,0.060016032309912364,0.93960297,0.00021233443,0.08502238,0.9940590224215446,0.8546081376019369,0.0,0.06039703,0.06039703
440,0.0,0.05933477879279454,0.942368355,0.00022260504,0.090028666,0.9943724897695422,0.852702440461564,0.0,0.057631645,0.057631645
441,0.0,0.0577975128519961,0.946045652,0.0003193051,0.13716388,0.9939481360511964,0.8113423299297493,0.0,0.053954348,0.053954348
442,0.0,0.0554520234657115,0.9504117,0.00013811505,0.0488451,0.9932875710435556,0.8979207852409217,0.0,0.0495883,0.0495883
443,0.0,0.05302578304693679,0.953039818,0.00022921829,0.093252204,0.992828613784921,0.857969480921193,0.0,0.046960182,0.046960182
444,0.0,0.050384521033526274,0.956218634,0.00012818226,0.04400349,0.9928173586331812,0.9075757250773253,0.0,0.043781366,0.043781366
445,0.0,0.04841704073823305,0.95650166,9.717459e-05,0.028889202,0.9928297760500612,0.922208890933076,0.0,0.04349834,0.04349834
446,0.0,0.04806743567016647,0.952806577,0.00034223235,0.14833947,0.9932192483709976,0.8059653930580781,0.0,0.047193423,0.047193423
447,0.0,0.047532502050118906,0.953804832,0.0002484791,0.10264064,0.993382229719444,0.8502415063463071,0.0,0.046195168,0.046195168
448,0.0,0.04557867375008494,0.959305897,0.00015583995,0.057484876,0.9934005397511168,0.8981933463977585,0.0093945188017845,0.040694103,0.040694103
449,0.0,0.044960596964346386,0.956584595,0.00012840294,0.044111058,0.9938449108238876,0.9087604928490869,0.0283228572644548,0.043415405,0.043415405
450,0.0,0.04569748126024742,0.952460308,0.00035984864,0.1569263,0.9936463414020734,0.7978922847372517,0.0194833563503023,0.047539692,0.047539692
451,0.0,0.0459096894716053,0.95355979,0.00028492545,0.12040596,0.9938825878449362,0.8336145561015934,0.0,0.04644021,0.04644021
452,0.0,0.045227074194003784,0.9564794640000001,0.0001705344,0.064647496,0.9937427597328654,0.8890474500693635,0.0,0.043520536,0.043520536
453,0.0,0.0451342787100027,0.95509771,0.0001824155,0.07043879,0.9928626759862536,0.8814851112442685,0.0,0.04490229,0.04490229
454,0.0,0.045410632792859076,0.953898482,0.00019928646,0.07866232,0.9926298726751126,0.8723852849924749,0.0,0.046101518,0.046101518
455,0.0,0.046467879709185055,0.950889003,0.00028648644,0.12116683,0.99234725097261,0.8292776026415136,0.0,0.049110997,0.049110997
456,0.0,0.04617617293513218,0.954553094,0.00019215101,0.07518424,0.993474040770371,0.8770247213070197,0.0,0.045446906,0.045446906
457,0.0,0.045948772667951554,0.954619728,0.0001374246,0.048508555,0.9924844797911796,0.9014860634373324,0.0,0.045380272,0.045380272
458,0.0,0.04563947190567968,0.95513378,9.964509e-05,0.030093417,0.9924675088147596,0.919412512284498,0.0,0.04486622,0.04486622
459,0.0,0.04831970850405691,0.9449797,0.00023998161,0.09849865,0.9930820249586052,0.8460070490469067,0.2401330356615465,0.2401330356615465,0.0550203
460,0.0,0.049585260360040656,0.94725086,0.00013464567,0.047154,0.9932458705885224,0.8964880225036381,0.0,0.05274914,0.05274914
461,0.0,0.04987049740002904,0.94941641,9.852925e-05,0.029549513,0.9925363601458912,0.9144849061622435,0.0,0.05058359,0.05058359
462,0.0,0.04915301328573503,0.952640697,0.000201192,0.07959115,0.9922240990919274,0.8700008712874935,0.0,0.047359303,0.047359303
463,0.0,0.049218715204096444,0.95061703,0.00031184143,0.1335258,0.9922391996575188,0.817292674732158,0.0,0.04938297,0.04938297
464,0.0,0.04858321886006889,0.953005522,0.00013826574,0.048918553,0.9920474341680388,0.8991777775555548,0.0,0.046994478,0.046994478
465,0.0,0.04797966490004921,0.95352922,0.00018937029,0.07382881,0.9929811145532798,0.8769326950114923,0.0,0.04647078,0.04647078
466,0.0,0.04702015121432086,0.955378633,9.963045e-05,0.03008628,0.9927522082913868,0.9199187876027131,0.0,0.044621367,0.044621367
467,0.0,0.04688749286737204,0.953444153,0.0002783345,0.11719328,0.9920966190860638,0.835054575121738,0.0,0.046555847,0.046555847
468,0.0,0.047245054905265746,0.95186104,0.00017316455,0.065929525,0.994496742045696,0.8842123179866582,0.0,0.04813896,0.04813896
469,0.0,0.047330191789475534,0.952456966,0.00017948895,0.06901228,0.9933962477265492,0.8808700220584568,0.0,0.047543034,0.047543034
470,0.0,0.04697320613533967,0.953919258,0.0003379192,0.14623708,0.9926589473449372,0.8084421845089664,0.0,0.046080742,0.046080742
471,0.0,0.0462923678109569,0.955409728,0.00016970705,0.06424422,0.993388110895853,0.8881189468697519,0.0,0.044590272,0.044590272
472,0.0,0.04653610729354064,0.952854544,0.00027827613,0.11716482,0.9931451010544416,0.835447079243723,0.0,0.047145456,0.047145456
473,0.0,0.046429918352529034,0.953835554,0.00026019503,0.10835142,0.9937366913944524,0.8451592602603697,0.0,0.046164446,0.046164446
474,0.0,0.04585851310894931,0.95557,0.00017985165,0.06918907,0.9926536641782115,0.8829207652489389,0.0,0.04443,0.04443
475,0.0,0.04571143136353522,0.954656273,0.0002733496,0.11476345,0.9924106207703736,0.8386828667694292,0.0,0.045343727,0.045343727
476,0.0,0.046142331545382304,0.952780418,0.00022637869,0.09186808,0.9934876219387476,0.8596154731982137,0.0287807681916269,0.047219582,0.047219582
477,0.0,0.04687353967527307,0.95129844,0.0002480842,0.10244815,0.9930224706584796,0.8478819833407722,0.0,0.04870156,0.04870156
478,0.0,0.04596957119662363,0.95629035,0.00016525533,0.062074285,0.9933919360897302,0.8910023440660829,0.0,0.04370965,0.04370965
479,0.0,0.04621320799758831,0.9531777,0.0003636499,0.15877917,0.9921913361248242,0.7955716920507567,0.0,0.0468223,0.0468223
480,0.0,0.045160269998277366,0.957472075,8.7064516e-05,0.023961175,0.9926925555732103,0.9277008936046577,0.0,0.042527925,0.042527925
481,0.0,0.04476851999876955,0.956210855,0.00021376347,0.08571895,0.9922740837037964,0.8674911172494972,0.0,0.043789145,0.043789145
482,0.0,0.04499102399912111,0.954452716,0.00021449378,0.08607493,0.9937422140866248,0.8668396094852469,0.0,0.045547284,0.045547284
483,0.0,0.04540375714222936,0.95356441,0.00012490999,0.042408463,0.9940583288633812,0.9076997193019615,0.0,0.04643559,0.04643559
484,0.0,0.04491478653016383,0.95630764,0.0002096133,0.083696,0.9935933130325086,0.870654537682601,0.0,0.04369236,0.04369236
485,0.0,0.044377774950117015,0.956964754,0.000104855244,0.03263304,0.992635225601168,0.918918247485951,0.0,0.043035246,0.043035246
486,0.0,0.04345952582151215,0.958836097,8.008903e-05,0.020561062,0.9930734425498275,0.9326165301726553,0.0,0.041163903,0.041163903
487,0.0,0.044955484158222966,0.95130462,0.00032787625,0.14134176,0.9940442416399587,0.811980615995547,0.0,0.04869538,0.04869538
488,0.0,0.04481479154158784,0.95553694,0.00014066497,0.050088026,0.9930288357031984,0.9013484225141681,0.0664537727701726,0.0664537727701726,0.04446306
489,0.0,0.0444666185297056,0.956403814,0.00014572643,0.05255517,0.9924344099713464,0.8992843663606743,0.0,0.043596186,0.043596186
490,0.0,0.04542156037836115,0.952191085,0.00033279543,0.14373957,0.9931777113987758,0.809761175337226,0.0,0.047808915,0.047808915
491,0.0,0.04685079455597225,0.94957612,0.00033880342,0.14666808,0.99327763448561,0.8048564565970582,0.0,0.05042388,0.05042388
492,0.0,0.04709263468283732,0.952302765,0.00022465253,0.091026686,0.9933721892548376,0.8598806492758224,0.0,0.047697235,0.047697235
493,0.0,0.04753771620202665,0.95134958,0.00026811264,0.11221076,0.9933044281005754,0.8389428544990206,0.0,0.04865042,0.04865042
494,0.0,0.048777625287161896,0.948122602,0.00020642696,0.08214287,0.9933189806086112,0.8644269927599748,0.0,0.051877398,0.051877398
495,0.0,0.0501143780622585,0.94654374,0.00020843487,0.08312159,0.9931209623639938,0.8618954397562133,0.0,0.05345626,0.05345626
496,0.0,0.04936933290161321,0.95249328,0.00010043536,0.030478625,0.9930251505221194,0.9170215819087425,0.0,0.04750672,0.04750672
497,0.0,0.04933455492972372,0.95075239,0.00015713838,0.058117777,0.9932186228907508,0.8894240732869771,0.0748199732726033,0.0748199732726033,0.04924761
498,0.0,0.05074559923551694,0.94572679,0.00013803405,0.04880562,0.9939745702893504,0.8941497118124556,0.0293602875477137,0.05427321,0.05427321
499,0.0,0.05209075373965495,0.94454636,0.00024182655,0.09939794,0.9933195271211446,0.844977583866342,0.0099020807833537,0.05545364,0.05545364
500,0.0,0.05171610009975354,0.949220534,0.00019329855,0.075743586,0.993077751832346,0.8712501181658372,0.0093945188017845,0.050779466,0.050779466
501,0.0,0.05294165035696681,0.943994474,0.00023990363,0.09846064,0.9924473153948772,0.8446204754920112,0.0099020807833537,0.056005526,0.056005526
502,0.0,0.05517085768354772,0.939256124,0.0002206943,0.0890973,0.9924075655938376,0.8490750731063532,0.0,0.060743876,0.060743876
503,0.0,0.060442321202534094,0.9263790199999999,0.00028106116,0.118522346,0.9934905868969786,0.811266933055894,0.0,0.07362098,0.07362098
504,0.0,0.06002061943038149,0.941033635,0.00027648566,0.11629208,0.9920563867801824,0.8249929764090363,0.0,0.058966365,0.058966365
505,0.0,0.055982031878843916,0.954114437,0.00017402718,0.06635001,0.9910772483183032,0.8828604676449551,0.0198311588641596,0.045885563,0.045885563
506,0.0,0.051978409913459936,0.958030645,8.295146e-05,0.021956319,0.9920597411637628,0.9295558292188724,0.1433252672485037,0.1433252672485037,0.041969355
507,0.0,0.05052726993818567,0.95310058,0.00023318134,0.095183946,0.992401320384006,0.8558277511698609,0.0,0.04689942,0.04689942
508,0.0,0.04965219938441834,0.952535477,0.00014204915,0.050762724,0.991524371225164,0.8965186689657876,0.0,0.047464523,0.047464523
509,0.0,0.04845071156029881,0.954553008,0.00025589805,0.10625691,0.9922697041609676,0.8465302451033181,0.0,0.045446992,0.045446992
510,0.0,0.04814145625735629,0.952631682,0.0002841882,0.120046586,0.9896383918427708,0.8295856600391739,0.0,0.047368318,0.047368318
511,0.0,0.047994529898111635,0.952372786,0.00016411387,0.06151789,0.9920104734871448,0.886643904182004,0.0,0.047627214,0.047627214
512,0.0,0.04763446421293688,0.9532657,0.0002504917,0.103621654,0.9920284734562932,0.8476751678034173,0.0,0.0467343,0.0467343
513,0.0,0.04677320300924063,0.95537995,0.0001523103,0.055764392,0.9925674182920246,0.8953988079948297,0.0,0.04462005,0.04462005
514,0.0,0.04646342700660045,0.954311013,0.00026086738,0.10867915,0.992927836932819,0.8445817404382805,0.0,0.045688987,0.045688987
515,0.0,0.04618703157614318,0.954503957,0.00021754585,0.08756263,0.9925159266401152,0.8644070129886449,0.0,0.045496043,0.045496043
516,0.0,0.04724586684010227,0.950107045,0.00026648247,0.11141615,0.993272037954641,0.8385696955087734,0.0,0.049892955,0.049892955
517,0.0,0.0502255214572159,0.942325342,0.00027892797,0.11748255,0.9926970655722254,0.8255453020950105,0.0,0.057674658,0.057674658
518,0.0,0.05038396675515421,0.94921992,0.0002482283,0.10251839,0.9926609722942846,0.8456552498725736,0.0,0.05078008,0.05078008
519,0.0,0.05054247568225301,0.949061252,0.00015536169,0.057251755,0.9922796785453168,0.8878182587012523,0.0587543017358896,0.0587543017358896,0.050938748
520,0.0,0.049732061773037864,0.952293973,0.00011161509,0.035928037,0.9926516708331709,0.9113335664502742,0.0295295202297363,0.047706027,0.047706027
521,0.0,0.04849764983788419,0.95458838,0.00011313488,0.03666884,0.9925986568223988,0.9127785692497404,0.0,0.04541162,0.04541162
522,0.0,0.04809600131277442,0.95290812,0.00015885901,0.058956478,0.9921966692830848,0.889730548135616,0.0,0.04709188,0.04709188
523,0.0,0.04903754179483887,0.948608607,0.0002886198,0.12220672,0.9920660013743792,0.8260757606637821,0.1354945870765634,0.1354945870765634,0.051391393
524,0.0,0.049538884139170625,0.94920776,0.0002392491,0.098141596,0.9927885811879492,0.8498776532450059,0.2431253821414042,0.2431253821414042,0.05079224
525,0.0,0.05110618295655044,0.94497557,0.00028712698,0.121479064,0.993061421495647,0.8244205474455191,0.0,0.05502443,0.05502443
526,0.0,0.0521596029689646,0.945206847,0.00018352745,0.07098079,0.9927389830980548,0.8717393081185953,0.01,0.054793153,0.054793153
527,0.0,0.050809962120689,0.95256414,0.000216567,0.0870855,0.9919513847324152,0.8626104623571857,0.0,0.04743586,0.04743586
528,0.0,0.04949479494334928,0.953793123,0.0003415291,0.14799668,0.9925124855707984,0.8065502917944191,0.0,0.046206877,0.046206877
529,0.0,0.04848913181667806,0.954025026,0.00020161938,0.07979947,0.9931055616147556,0.8718417461600955,0.0,0.045974974,0.045974974
530,0.0,0.04729675415477005,0.95568419,0.00011510353,0.037628435,0.993704159863032,0.9139328587746401,0.0,0.04431581,0.04431581
531,0.0,0.04741973696769289,0.952272806,0.00032338678,0.13915344,0.993410473878224,0.8143589342242212,0.0,0.047727194,0.047727194
532,0.0,0.04612698354835206,0.9571049,0.0001797265,0.06912807,0.9928589381535768,0.8845798129414956,0.0,0.0428951,0.0428951
533,0.0,0.04626529310596576,0.953388933,0.00023241036,0.09480814,0.9943715061287172,0.8581425119088053,0.02,0.046611067,0.046611067
534,0.0,0.04590174507568983,0.955007125,0.00027414324,0.115150295,0.9935869106198104,0.8396184700623585,0.4586371395986798,0.4586371395986798,0.044992875
535,0.0,0.04478502133977845,0.958006788,0.00013394559,0.046812754,0.9938106466321772,0.9075079828982894,0.0191747967479674,0.041993212,0.041993212
536,0.0,0.04481396724269889,0.955113668,0.00014662136,0.05299139,0.993798114507672,0.8988912563190627,0.0,0.044886332,0.044886332
537,0.0,0.04516765203049921,0.953948136,0.00022979175,0.093531735,0.9935828729840748,0.8591746698479867,0.0,0.046051864,0.046051864
538,0.0,0.046470165736070865,0.95027355,0.00029262636,0.124159664,0.9943480773810028,0.8275838784862949,0.0,0.04972645,0.04972645
539,0.0,0.044809852668622044,0.95934093,0.00015419626,0.05668368,0.9932883547604217,0.898888172110917,0.0,0.04065907,0.04065907
540,0.0,0.0440035739061586,0.958012123,9.6548574e-05,0.028584057,0.9941715858490088,0.9252041630086255,0.0,0.041987877,0.041987877
541,0.0,0.04404909964725614,0.9558370860000001,0.00026740498,0.11186582,0.9940048516702928,0.8438222357077962,0.0,0.044162914,0.044162914
542,0.0,0.04374936060518296,0.956999987,0.00023843639,0.09774545,0.9936125565371392,0.8579423060652484,0.0099521531100478,0.043000013,0.043000013
543,0.0,0.043949700432273545,0.95554945,0.00021207267,0.08489479,0.9933189772205124,0.8685862048492072,0.0,0.04445055,0.04445055
544,0.0,0.04251640602305253,0.96106683,8.218703e-05,0.021583706,0.9936494262521436,0.9343518527036637,0.0549550673772883,0.0549550673772883,0.03893317
545,0.0,0.042692061445037524,0.9568688,0.00013259906,0.046156403,0.993671777483559,0.9069273892469161,0.0095722891566265,0.0431312,0.0431312
546,0.0,0.04275416388931252,0.95709058,0.00013029051,0.04503113,0.9938123026061568,0.9083362055503237,0.0,0.04290942,0.04290942
547,0.0,0.04361565906379465,0.954230603,0.00027698546,0.1165357,0.9931983602253532,0.8372946943732482,0.0,0.045769397,0.045769397
548,0.0,0.04379150218842475,0.95576889,0.00013763407,0.04861065,0.9920990256369684,0.9021239211011299,0.0,0.04423111,0.04423111
549,0.0,0.044022711848874824,0.955399264,0.00012740897,0.04362656,0.9928053460364248,0.9071445923964948,0.4658394298123123,0.4658394298123123,0.044600736
550,0.0,0.044563278463482014,0.954085305,0.00017438903,0.06652639,0.9930375758156104,0.8844126252558809,0.1252728367402206,0.1252728367402206,0.045914695
551,0.0,0.04416114947391573,0.956844173,0.00011193709,0.036084995,0.9926144213447092,0.9155046150721248,0.0,0.043155827,0.043155827
552,0.0,0.04509781905279695,0.9525605070000001,0.00020134132,0.07966393,0.9929434806617232,0.8704895137597114,0.0,0.047439493,0.047439493
553,0.0,0.046282636466283535,0.95075532,0.00019918763,0.078614146,0.9931716810780008,0.8700308097167656,0.0,0.04924468,0.04924468
554,0.0,0.050815163190202524,0.93785352,0.00020608594,0.08197664,0.9936395252315282,0.8554952525001607,0.0,0.06214648,0.06214648
555,0.0,0.05488980113585895,0.934923604,0.00020940101,0.08359253,0.993634256732882,0.8513169905219957,0.0,0.065076396,0.065076396
556,0.0,0.05773975509704211,0.93513536,0.0004880166,0.21940014,0.9934433795517548,0.725180417612724,0.0,0.06486464,0.06486464
557,0.0,0.06375709935503007,0.92119954,0.00025254232,0.1046212,0.9937657491513648,0.819680388073977,0.1251794799921909,0.1251794799921909,0.07880046
558,0.0,0.08187070239645006,0.87284529,0.0007116156,0.3283906,0.99436400170058,0.5829072167385161,0.1562479854311208,0.1562479854311208,0.12715471
559,0.0,0.08576236914032147,0.904508464,0.0004048383,0.17885593,0.993964702022892,0.738249153980824,0.0,0.095491536,0.095491536
560,0.0,0.0863475476716582,0.912189506,0.00017507958,0.066862985,0.9937506578853872,0.8458783665291093,0.0,0.087810494,0.087810494
561,0.0,0.0812180983368987,0.931605525,0.00026312505,0.109779626,0.993464945475012,0.8239144745461082,0.0,0.068394475,0.068394475
562,0.0,0.07528613938349908,0.939543758,0.00018995808,0.07411532,0.9933340518660148,0.8641104023018517,0.0,0.060456242,0.060456242
563,0.0,0.07323317384535648,0.93189924,0.00015603213,0.05757855,0.9938844689750398,0.8728709178374787,0.0,0.06810076,0.06810076
564,0.0,0.06933369903239749,0.940414988,0.0003160065,0.13555601,0.993064829642548,0.8072982342469159,0.0093945188017845,0.059585012,0.059585012
565,0.0,0.06474013073742678,0.94674379,0.00039043932,0.17183733,0.9933616891712066,0.7788530451171384,0.0093945188017845,0.05325621,0.05325621
566,0.0,0.05981702395530484,0.952490743,0.00018475544,0.07157936,0.9927227810824442,0.8778767327201655,0.0093945188017845,0.047509257,0.047509257
567,0.0,0.056489031396646315,0.95183095,0.00033933413,0.14692676,0.992135009623868,0.8055952856677713,0.0664591340673581,0.0664591340673581,0.04816905
568,0.0,0.0536514012833188,0.953442674,0.00016702684,0.06293778,0.9931245123535004,0.8872923066880773,0.0,0.046557326,0.046557326
569,0.0,0.051371700916656285,0.95432755,0.00034486354,0.14962201,0.9928267406850568,0.8057177630481309,0.0,0.04567245,0.04567245
570,0.0,0.0503571703690402,0.952179156,0.00031314223,0.13415986,0.9930486333659588,0.8187039842458107,0.0,0.047820844,0.047820844
571,0.0,0.049488433120743,0.95268341,0.0001584406,0.05875253,0.9920091765015844,0.8895453912470149,0.0,0.04731659,0.04731659
572,0.0,0.04862526822910214,0.953532644,0.00023999184,0.098503634,0.992402361366928,0.8530752360519996,0.0855670016833491,0.0855670016833491,0.046467356
573,0.0,0.04815479073507296,0.953021403,0.00018153254,0.0700084,0.9923166592847606,0.8794921399404824,0.0869570908725906,0.0869570908725906,0.046978597
574,0.0,0.048645139953623545,0.950128987,0.00029118924,0.12345915,0.992349079563568,0.8264549777558856,0.0,0.049871013,0.049871013
575,0.0,0.04790062653830253,0.953960657,0.00017843052,0.06849636,0.9919597514606752,0.8814731162475424,0.0,0.046039343,0.046039343
576,0.0,0.04739384609878752,0.953873105,0.00017456857,0.066613905,0.9914348570923708,0.8827060727061234,0.0,0.046126895,0.046126895
577,0.0,0.0485918043562768,0.9484133,0.00013947338,0.049507204,0.9921559358408628,0.8943888991308936,0.0,0.0515867,0.0515867
578,0.0,0.05211704025448343,0.93906987,0.00022720743,0.09227204,0.9927130077186068,0.8462083995968002,0.0,0.06093013,0.06093013
579,0.0,0.05373577103891673,0.942217402,0.00021518157,0.08641019,0.992864897293029,0.8546583193114559,0.0,0.057782598,0.057782598
580,0.0,0.05320083188494053,0.948136516,0.00022941435,0.09334777,0.991559676255066,0.852374530344245,0.0,0.051863484,0.051863484
581,0.0,0.05206403420352895,0.95077796,0.00019637188,0.077241644,0.9920150261357088,0.8703327838367766,0.038856855524924,0.04922204,0.04922204
582,0.0,0.052608998716806396,0.9460285900000001,0.0004397117,0.19585453,0.9921155476144644,0.754746550522216,0.2236101451688969,0.2236101451688969,0.05397141
583,0.0,0.050473533940576,0.954865128,0.00010051486,0.030517373,0.9930924945991428,0.91933070123198,0.0,0.045134872,0.045134872
584,0.0,0.050591242243268573,0.949114487,0.00028988198,0.12282195,0.992730223466441,0.8264899977675305,0.0,0.050885513,0.050885513
585,0.0,0.04922789874519183,0.95418046,0.00011363053,0.03691044,0.9919552079066756,0.9115683872693456,0.0,0.04581954,0.04581954
586,0.0,0.04922759338942274,0.95077317,0.00027717938,0.11663023,0.9920787281159208,0.8332313247997111,0.0,0.04922683,0.04922683
587,0.0,0.0492499552781591,0.95069414,0.00016247472,0.060718913,0.9926086810309684,0.8863688063288363,0.0,0.04930586,0.04930586
588,0.0,0.04807304977011364,0.954869214,0.0001302051,0.044989496,0.9917705769118652,0.904405635043725,0.0,0.045130786,0.045130786
589,0.0,0.047486860407224024,0.953978613,0.00023960805,0.098316565,0.9927675617209152,0.8539654653783826,0.0,0.046021387,0.046021387
590,0.0,0.046732732862302874,0.955152586,0.00014861385,0.053962607,0.993506385634812,0.8977423670950708,0.0,0.044847414,0.044847414
591,0.0,0.045959797758787765,0.95597254,0.00014058583,0.050049454,0.9934195277193604,0.9021507341763004,0.0,0.04402746,0.04402746
592,0.0,0.04654502554199126,0.951991905,0.0003182031,0.13662672,0.992233039339629,0.8155405192781099,0.0,0.048008095,0.048008095
593,0.0,0.04670310395856518,0.9529017,0.00021638189,0.08699527,0.992980657780078,0.8638969052057199,0.0459589453753053,0.0470983,0.0470983
594,0.0,0.04552068282754655,0.95743537,0.00012371539,0.041826174,0.9936083328249622,0.9115258631924761,0.0,0.04256463,0.04256463
595,0.0,0.04572646773396183,0.95375907,0.0001731967,0.0659452,0.9936084494564016,0.885169239967907,0.0095722891566265,0.04624093,0.04624093
596,0.0,0.04630610352425845,0.952244807,0.00036527164,0.15956967,0.99289538665113,0.7946096278823834,0.0,0.047755193,0.047755193
597,0.0,0.04682474680304175,0.951878645,0.00027394338,0.11505288,0.993143103065262,0.8365862742461281,0.0,0.048121355,0.048121355
598,0.0,0.04673671057360125,0.95348338,0.0001226397,0.04130184,0.992922164751486,0.9076328932469574,0.0095890410958904,0.04651662,0.04651662
599,0.0,0.046517059838286606,0.954032067,0.0002730565,0.11462058,0.992604933803857,0.8384338909788203,0.0476662240214528,0.0476662240214528,0.045967933
600,0.0,0.04515438159877615,0.958252314,0.00019473542,0.07644397,0.9928949767650904,0.8787117594044723,0.0,0.041747686,0.041747686
601,0.0,0.044982554284840104,0.955447014,0.00012651281,0.043189738,0.991855877831382,0.9067363019087045,0.0,0.044552986,0.044552986
602,0.0,0.04597858877488579,0.951531325,0.00019789465,0.0779839,0.9922299980884808,0.87051036727317,0.0,0.048468675,0.048468675
603,0.0,0.04723402055348985,0.9496274,0.0001687871,0.0637958,0.9928152633353778,0.8826576049552595,0.0,0.0503726,0.0503726
604,0.0,0.05085994039534989,0.94007526,0.00024655563,0.10170307,0.9929311556958998,0.8384973162630871,0.0,0.05992474,0.05992474
605,0.0,0.06175306456810707,0.911014125,0.00035447284,0.15430593,0.9935349322246424,0.7654583012746636,0.0,0.088985875,0.088985875
606,0.0,0.07059487469150505,0.9073006,0.00044859658,0.20018534,0.9927385127147084,0.7204028605752433,0.0,0.0926994,0.0926994
607,0.0,0.06916657906536075,0.93440416,0.00018452836,0.07146867,0.9934366112785336,0.861928986902205,0.0,0.06559584,0.06559584
608,0.0,0.06875659076097196,0.93226838,0.0003487311,0.1515072,0.9929803593600164,0.7854703108428596,0.0,0.06773162,0.06773162
609,0.0,0.06620119911497997,0.94018728,0.0001880696,0.07319481,0.993672427458714,0.8658567909389978,0.0,0.05981272,0.05981272
610,0.0,0.06110589936784284,0.95163235,0.00022473159,0.09106522,0.9937686857300236,0.8595818299372568,0.0,0.04836765,0.04836765
611,0.0,0.05716568526274488,0.95268485,0.00018488195,0.07164103,0.9928607289227656,0.8781193153881208,0.0,0.04731515,0.04731515
612,0.0,0.055005936616246344,0.950393435,0.00017640316,0.06750815,0.993171702477633,0.880182662100289,0.0,0.049606565,0.049606565
613,0.0,0.05273629844017596,0.952937797,0.00019486772,0.07650846,0.9926352779514908,0.8735488173779643,0.0,0.047062203,0.047062203
614,0.0,0.05077842917155426,0.954116244,0.00017759777,0.06809045,0.9928998413277788,0.8828369332292029,0.0,0.045883756,0.045883756
615,0.0,0.04925563797968162,0.95455134,0.00015984644,0.05943779,0.9926221469554224,0.8911909713833003,0.0093945188017845,0.04544866,0.04544866
616,0.0,0.048421881414058295,0.95366251,0.00028008188,0.11804501,0.9930062434962852,0.8352050489302485,0.0553283276597976,0.0553283276597976,0.04633749
617,0.0,0.047532004438613065,0.954692688,0.00016062302,0.059816323,0.9938752166114332,0.8920889590352689,0.0086544342507645,0.045307312,0.045307312
618,0.0,0.04771254031329505,0.95183612,0.00024885416,0.10282346,0.9934183539598544,0.8483445411858221,0.0098966026587887,0.04816388,0.04816388
619,0.0,0.046877933080925034,0.955208585,0.00024566124,0.101267114,0.993558076302568,0.8529471226262785,0.0,0.044791415,0.044791415
620,0.0,0.04770820077208931,0.95021613,0.00033946606,0.14699107,0.9936421473545392,0.8053895323530215,0.0,0.04978387,0.04978387
621,1.0,0.04764813140863522,0.952502042,0.00026050565,0.10850283,0.9932676291053864,0.8434360627624213,0.0,0.047497958,0.047497958
622,1.0,0.04781273957759658,0.95177574,0.00019151425,0.07487386,0.9929590886985176,0.8743130052592883,0.0,0.04822426,0.04822426
623,1.0,0.047339321698283275,0.953844223,0.00011509302,0.03762331,0.9924951965672322,0.9110683559136882,0.0,0.046155777,0.046155777
624,1.0,0.04778836549877377,0.951089025,0.00018285066,0.070650905,0.9911386075067804,0.8760611954317811,0.0,0.048910975,0.048910975
625,1.0,0.0491302610705527,0.947515,0.0003120396,0.1336224,0.9914452032124303,0.8138830896056714,0.047849591618196,0.052485,0.052485
626,1.0,0.050431764764680496,0.946314476,0.00036857493,0.16117981,0.9904540371485449,0.7862102207711525,0.0,0.053685524,0.053685524
627,1.0,0.051935617689057495,0.94430475,0.0002573537,0.10696645,0.9909456248716164,0.8356603064471427,0.0,0.05569525,0.05569525
628,1.0,0.053519322349326784,0.942521416,0.00036602805,0.15993838,0.991039041850778,0.7846809954042481,0.0,0.057478584,0.057478584
629,1.0,0.05386390567809056,0.945274636,0.0001361652,0.047894668,0.9917415551794564,0.8925684123684419,0.0,0.054725364,0.054725364
630,1.0,0.05912005834149325,0.92773956,0.00021755298,0.0875661,0.9911962739101666,0.8390486617569685,0.0,0.07226044,0.07226044
631,1.0,0.07053854452963804,0.90091524,0.00030565492,0.13051027,0.9917473553230044,0.7768719505808959,0.0,0.09908476,0.09908476
632,1.0,0.08706283466402717,0.87162644,0.00062560523,0.28646594,0.9926026031793164,0.6173344514165011,0.0,0.12837356,0.12837356
633,1.0,0.6597349485601165,0.8328116999999999,0.00049595867,0.22327138,0.992994756920534,0.6423372100997218,0.0,0.1671883,0.1671883
634,1.0,0.09743398911429958,0.9338706,0.00025292498,0.10480773,0.9932414506297036,0.8303436373196669,0.0,0.0661294,0.0661294
635,1.0,0.08878260365307113,0.93284586,0.00034503487,0.14970551,0.9927309059455812,0.7874278952066032,0.0,0.06715414,0.06715414
636,1.0,0.08304539832362223,0.931297615,0.0003843283,0.1688586,0.9928587644195548,0.7685124015337378,0.0,0.068702385,0.068702385
637,1.0,0.07643885023115873,0.94007752,0.00015115473,0.055201124,0.9929473142075128,0.8819201002715038,0.0,0.05992248,0.05992248
638,1.0,0.07180718245082766,0.939771987,0.00014823923,0.05378,0.9926482546871092,0.8826936493386135,0.0,0.060228013,0.060228013
639,1.0,0.06966942603630548,0.935674965,0.00030284416,0.1291402,0.9929447509501635,0.8090928016643086,0.0,0.064325035,0.064325035
640,1.0,0.06850511002593249,0.93440568,0.0001521797,0.05570073,0.992442858415281,0.8756904926277641,0.0938669438027386,0.0938669438027386,0.06559432
641,1.0,0.0995791900185232,0.8227356100000001,0.00077757344,0.3605409,0.9943115737829196,0.5231130588381184,0.0,0.17726439,0.17726439
642,1.0,0.6302600315079566,0.88129629,0.0006003581,0.27415955,0.9936200402721952,0.6355993599155942,0.0,0.11870371,0.11870371
643,1.0,0.6532805253628261,0.88152804,0.00063235604,0.28975654,0.9938715990249654,0.6222625362758122,0.0293719874365108,0.11847196,0.11847196
644,1.0,0.95,0.5570763599999999,0.0011891248,0.5611463,0.993852016798158,0.24297199344142908,0.0195722891566265,0.44292364,0.44292364
645,1.0,0.95,0.7399057,0.00053623336,0.24290277,0.993361617457954,0.5564618631083237,0.0,0.7399057,0.7399057
646,1.0,0.95,0.7222016,0.0009332369,0.43641704,0.9933742578621472,0.4043237024645832,0.0,0.7222016,0.7222016
647,1.0,0.95,0.7468662,0.0006925462,0.31909546,0.9933246027108582,0.5051498491994025,0.0,0.7468662,0.7468662
648,1.0,0.95,0.76102185,0.0004923979,0.22153576,0.993249086431238,0.5884288638610944,0.0,0.76102185,0.76102185
649,1.0,0.95,0.7656636,0.00053190003,0.24079055,0.992981684626472,0.5772193006474721,0.01,0.7656636,0.7656636
650,1.0,0.95,0.7652079,0.0009052468,0.42277366,0.9932048548200044,0.4386967523640256,0.0,0.7652079,0.7652079
651,1.0,0.95,0.7717146,0.0007603511,0.35214606,0.9932362824715936,0.4965767671496187,0.0,0.7717146,0.7717146
652,1.0,0.95,0.74906206,0.0006494426,0.29808515,0.9933063538394578,0.5222584130438642,0.0,0.74906206,0.74906206
653,1.0,0.95,0.64607444,0.0005643299,0.2565981,0.9927756476509711,0.4768231606185766,0.1642314696889176,0.35392556,0.35392556
654,1.0,0.95,0.894133136,0.00036505074,0.159462,0.992164730383646,0.745664258438132,0.0484130499786734,0.105866864,0.105866864
655,1.0,0.95,0.901268795,0.00050995185,0.23009218,0.9919480916605306,0.6883067231671736,0.0,0.098731205,0.098731205
656,1.0,0.95,0.949357156,0.00023702711,0.09705851,0.990760435009004,0.849293680840173,0.0,0.050642844,0.050642844
657,1.0,0.95,0.9542534,0.00013099774,0.045375858,0.9929454094099512,0.9045269304130361,0.0,0.0457466,0.0457466
658,1.0,0.95,0.958578054,0.000116067895,0.0380985,0.9922467470414398,0.9149087216672217,0.0,0.041421946,0.041421946
659,1.0,0.7687046233970835,0.954540186,0.00022081999,0.089158565,0.9929045085414764,0.8632656859193029,0.0,0.045459814,0.045459814
660,1.0,0.6259993869979168,0.955127284,0.00011135192,0.03579976,0.9935107551495548,0.9149577905287682,0.0,0.044872716,0.044872716
661,1.0,0.0870286594045139,0.95623277,9.866639e-05,0.029616358,0.9931396663529464,0.9215468476606775,0.0099521531100478,0.04376723,0.04376723
662,1.0,0.07473975957465279,0.95598249,0.00015254767,0.055880096,0.9935854122545988,0.8967725329196251,0.0,0.04401751,0.04401751
663,1.0,0.06688434369618057,0.952754196,0.00025039868,0.10357632,0.9929016179679546,0.8480088972741062,0.0,0.047245804,0.047245804
664,1.0,0.060054358925843265,0.957020603,0.00021622349,0.086918056,0.9938622408137232,0.8684748239956152,0.0190139567408946,0.042979397,0.042979397
665,1.0,0.055805012661316614,0.954818353,0.00015692473,0.058013637,0.9938947838797628,0.8939346783618745,0.0551415806718458,0.0551415806718458,0.045181647
666,1.0,0.05210619847236901,0.957140837,0.00021877127,0.08815994,0.993275039231991,0.8668900857944632,0.0195171015186574,0.042859163,0.042859163
667,1.0,0.051048411765977866,0.951596055,0.00019975448,0.07889045,0.9929585531753404,0.8703522153593978,0.0,0.048403945,0.048403945
668,1.0,0.05019566754712705,0.951936193,0.00017604638,0.06733424,0.9924401285429084,0.8811263495467242,0.0,0.048063807,0.048063807
669,1.0,0.0482246102479479,0.956703033,0.000100183235,0.03035573,0.9920961289232644,0.9203294962398618,0.0,0.043296967,0.043296967
670,1.0,0.047435350748534215,0.954537798,0.00010294336,0.031701114,0.9924878939811116,0.9173346129743795,0.1454075297579279,0.1454075297579279,0.045462202
671,1.0,0.04725939339181016,0.9531805,0.00010364158,0.03204145,0.991838903016076,0.9151094665561956,0.0,0.0468195,0.0468195
672,1.0,0.04860906385129297,0.94801676,0.00021704732,0.08731962,0.9926535739936356,0.8588799023309774,0.0,0.05198324,0.05198324
673,1.0,0.049140037036637836,0.94953253,0.00012565556,0.04277188,0.9917632094692144,0.9014326611932353,0.0,0.05046747,0.05046747
674,1.0,0.049990241597598455,0.947884247,0.000114590825,0.037378523,0.9920460223784808,0.9051960972922819,0.0,0.052115753,0.052115753
675,1.0,0.05081636285542747,0.947118334,0.00018488501,0.07164252,0.9912127279132898,0.8715380543845872,0.0,0.052881666,0.052881666
676,1.0,0.05123110489673391,0.94773204,0.00019149615,0.07486503,0.9909931093014558,0.8688829902948673,0.0,0.05226796,0.05226796
677,1.0,0.05231892349766708,0.94496153,0.00025373575,0.10520293,0.9908745780255416,0.8378328186309179,0.0093945188017845,0.05503847,0.05503847
678,1.0,0.054813466212619344,0.9389501769999999,0.00025038206,0.10356821,0.9908509797316865,0.8340040137245945,0.0093945188017845,0.061049823,0.061049823
679,1.0,0.05463263872329953,0.94581943,0.00029183875,0.12377575,0.9933944421022756,0.8232755651033439,0.1163303609659107,0.1163303609659107,0.05418057
680,1.0,0.052441424802356806,0.95303661,8.567364e-05,0.02328321,0.9930221268630418,0.9243515271833304,0.0,0.04696339,0.04696339
681,1.0,0.051908459430254864,0.949423954,0.00017693889,0.06776928,0.9928302095312712,0.8787363224715439,0.0,0.050576046,0.050576046
682,1.0,0.04983351102161061,0.95535386,0.00011247499,0.036347188,0.9935057699202126,0.9146506542837454,0.0,0.04464614,0.04464614
683,1.0,0.04878366787257901,0.95384094,0.00020480868,0.08135405,0.9933584733891164,0.8704225311410461,0.0,0.04615906,0.04615906
684,1.0,0.048132221908985015,0.953496393,0.00016235275,0.060659457,0.9934210219446786,0.8897653064092705,0.0,0.046503607,0.046503607
685,1.0,0.04837249679213215,0.9510268159999999,0.00014690917,0.05313168,0.9938951526089654,0.8949997657813925,0.0,0.048973184,0.048973184
686,0.0,0.053710201994380105,0.932945535,0.00030591895,0.13063897,0.9947201958772152,0.8067842190371914,0.0,0.067054465,0.067054465
687,0.0,0.05619341085312865,0.937598567,0.0003929628,0.17306738,0.9947028410768538,0.7712237888426147,0.0,0.062401433,0.062401433
688,0.0,0.0579765648950919,0.93756555,0.00032220394,0.13857688,0.9936152271070748,0.8024840392118114,0.0093945188017845,0.06243445,0.06243445
689,0.0,0.05784906549649421,0.942469683,0.00014462664,0.052019093,0.9944372890397228,0.88847329826824,0.1137713591011586,0.1137713591011586,0.057530317
690,0.0,0.057543316783210154,0.943221055,0.0003039448,0.1296767,0.9940379337268334,0.8160129577215816,0.0290579329113056,0.056778945,0.056778945
691,0.0,0.05472534055943582,0.9523196,0.0002661631,0.111260474,0.9925027065883356,0.8400186301393451,0.0,0.0476804,0.0476804
692,0.0,0.05190774725673987,0.955136236,0.000116228104,0.038176592,0.9924648524395588,0.9117500575983691,0.0,0.044863764,0.044863764
693,0.0,0.050705970897671336,0.95229847,0.00019788269,0.077978075,0.9919604824952314,0.8709810499834898,0.0,0.04770153,0.04770153
694,0.0,0.04887858206976524,0.95568989,0.0001527469,0.055977207,0.992249346199582,0.8952004532916794,0.0,0.04431011,0.04431011
695,0.0,0.04980589004983231,0.94787584,0.00018478147,0.07159205,0.9924046487097018,0.8733314388677963,0.0,0.05212416,0.05212416
696,0.0,0.04879667003559451,0.95372638,0.00013157802,0.04565871,0.9919865544306484,0.9028867821913119,0.0,0.04627362,0.04627362
697,0.0,0.04806339516828179,0.953769792,0.0001396392,0.04958803,0.9920188713152632,0.8992395394865952,0.329682607569634,0.329682607569634,0.046230208
698,0.0,0.046380155405915564,0.957827944,0.00015354731,0.05636736,0.9930863299439858,0.8975888757412577,0.0,0.042172056,0.042172056
699,0.0,0.046452701575653975,0.9533659329999999,0.00017841857,0.068490535,0.9927779511439182,0.8816557096744546,0.0,0.046634067,0.046634067
700,0.0,0.045035827696895694,0.958506357,9.561902e-05,0.028130958,0.9922301000360764,0.9243046616875777,0.0,0.041493643,0.041493643
701,0.0,0.04553429978349692,0.95321952,0.0002223376,0.0898983,0.9928690711042928,0.8613404343722436,0.0099521531100478,0.04678048,0.04678048
702,0.0,0.0453922227024978,0.95496297,0.00022242543,0.089941114,0.9936963720824322,0.8635942267450365,0.0099521531100478,0.04503703,0.04503703
703,0.0,0.04492822821606986,0.956231758,0.00013765944,0.04862302,0.9938660064491628,0.9041565619383332,0.0099521531100478,0.043768242,0.043768242
704,0.0,0.044064755582907046,0.958093926,0.0001258715,0.04287714,0.9937443130728076,0.9112770486209177,0.0099521531100478,0.041906074,0.041906074
705,0.0,0.04405762255921932,0.95596021,0.0001595639,0.05930007,0.9929251267211046,0.8929094692903831,0.0,0.04403979,0.04403979
706,0.0,0.04374630097087095,0.957032003,0.00023457725,0.09586436,0.9929082330369728,0.8591503305986469,0.0,0.042967997,0.042967997
707,0.0,0.04471254926490782,0.95287183,0.00031015498,0.13270377,0.9930901315777092,0.8207116775432332,0.0,0.04712817,0.04712817
708,0.0,0.04481720947493416,0.95492114,0.00032499593,0.13993779,0.993804819711067,0.8162035365987923,0.0,0.04507886,0.04507886
709,0.0,0.04462025762495297,0.955872122,0.00016566558,0.062274255,0.9936388156595484,0.8906440762389308,0.0099521531100478,0.044127878,0.044127878
710,0.0,0.044408356589252115,0.956121396,0.00023689134,0.096992336,0.9937720265922492,0.8580078098036995,0.0099521531100478,0.043878604,0.043878604
711,0.0,0.04546327470660866,0.95189943,0.0002650449,0.11071542,0.9932072737488388,0.8407593776104649,0.0,0.04810057,0.04810057
712,0.0,0.04534062879043476,0.954965986,0.00017023738,0.06450272,0.9936903835517324,0.8877312724484782,0.0,0.045034014,0.045034014
713,0.0,0.04537962999316769,0.954522867,0.00029291998,0.12430279,0.9930284021217012,0.8300456409995092,0.0276964877729971,0.045477133,0.045477133
714,0.0,0.04568669570940549,0.95354564,0.00020455144,0.081228666,0.993865593021499,0.8707161046310112,0.0095722891566265,0.04645436,0.04645436
715,0.0,0.0461427637924325,0.952717066,0.00019335738,0.07577226,0.9923511417468028,0.8737925104212353,0.0476154756656842,0.0476154756656842,0.047282934
716,0.0,0.04557590556602321,0.95584124,0.00025518442,0.105909064,0.9929184900770952,0.8485570669036255,0.0,0.04415876,0.04415876
717,0.0,0.04536995540430229,0.95514492,0.00017917596,0.06885971,0.9934812817903492,0.88357633984767,0.0,0.04485508,0.04485508
718,0.0,0.045428696717358774,0.95442445,0.00016103793,0.06001856,0.99267826743895,0.8905726404419714,0.0,0.04557555,0.04557555
719,0.0,0.04506805051239912,0.955833565,0.00018879263,0.07354724,0.99301717944788,0.8793511148803945,0.0,0.044166435,0.044166435
720,0.0,0.045046802937427945,0.955006316,0.00030927567,0.13227515,0.9925323613485468,0.8224944092479889,0.0,0.044993684,0.044993684
721,0.0,0.045244413526734244,0.95426156,8.751734e-05,0.0241819,0.9924837279857536,0.924186657347354,0.0,0.04573844,0.04573844
722,0.0,0.046359503947667316,0.95085277,0.00016449776,0.061705016,0.9930914046836468,0.8860166713870226,0.0,0.04914723,0.04914723
723,0.0,0.055771614248333795,0.92069811,0.000303438,0.12942965,0.994046084870448,0.7967602195321464,0.0280189102990033,0.07930189,0.07930189
724,0.0,0.06944843017738128,0.89635953,0.0004262473,0.18929148,0.994512175096868,0.7226983807366394,0.0972796514286265,0.10364047,0.10364047
725,0.0,0.07601361298384376,0.90757343,0.00032131543,0.13814378,0.993979377457588,0.7774884880102975,0.0,0.09242657,0.09242657
726,0.0,0.08081729498845983,0.9071735,0.00044435248,0.19811662,0.9940973180294838,0.7231534620547627,0.0093945188017845,0.0928265,0.0928265
727,0.0,0.08149152784889988,0.91682289,0.00028672995,0.121285535,0.9936682594361612,0.8005245234050684,0.0,0.08317711,0.08317711
728,0.0,0.09982823417778562,0.85433,0.00042539605,0.18887654,0.9937928543684716,0.6886657578395952,0.1246820759084753,0.14567,0.14567
729,0.0,0.8041074607619383,0.7805079,0.0006666518,0.30647358,0.9941527810229366,0.5381377333737966,0.1448071053548443,0.2194921,0.2194921
730,0.0,0.819179391972813,0.85719013,0.0004702957,0.2107623,0.994205316559132,0.6726065082118098,0.0,0.14280987,0.14280987
731,0.0,0.8370167599805808,0.85306497,0.00040240918,0.1776719,0.993918170275759,0.6972328966869737,0.0,0.14693503,0.14693503
732,0.0,0.8301031771289862,0.86453013,0.0005097205,0.22997943,0.9947222375665596,0.6621925454534218,0.0,0.13546987,0.13546987
733,0.0,0.706429515092133,0.93379244,0.00016198048,0.060477998,0.9937408838514072,0.8718273040233087,0.0,0.06620756,0.06620756
734,0.0,0.09818395522525394,0.950701788,0.00016587961,0.062378578,0.993683406383723,0.8857677611572439,0.0,0.049298212,0.049298212
735,0.0,0.08285555087518139,0.95546546,0.00019305221,0.07562351,0.9934803291426004,0.877451570983342,0.0093945188017845,0.04453454,0.04453454
736,0.0,0.0738493077679867,0.9486663,0.00029558016,0.12559946,0.9939868125731685,0.8245262998903364,0.0093945188017845,0.0513337,0.0513337
737,0.0,0.0650639901199905,0.956899304,0.00017669628,0.067651026,0.992616690768364,0.8855769609859255,0.0479658367348378,0.0479658367348378,0.043100696
738,0.0,0.06021646579999322,0.951902345,0.00015708352,0.058091037,0.9928281399777862,0.8901750225861439,0.0194688918154152,0.048097655,0.048097655
739,0.0,0.05562893642856659,0.955839887,0.00010894631,0.034627177,0.9917304451348924,0.9151111856938784,0.0,0.044160113,0.044160113
740,0.0,0.052225800306118994,0.95628204,0.00020467358,0.0812882,0.9927510901658264,0.8721790819801346,0.0,0.04371796,0.04371796
741,0.0,0.050262635647227855,0.954645276,0.00023718519,0.097135566,0.9935817312582688,0.856383262971677,0.0,0.045354724,0.045354724
742,0.0,0.04960198689087704,0.952049635,0.0002307132,0.09398088,0.9933151752421592,0.8568090086304009,0.0,0.047950365,0.047950365
743,0.0,0.04814947292205503,0.955481812,0.0001446044,0.052008253,0.9924975274494426,0.8989932160344403,0.2602537287503804,0.2602537287503804,0.044518188
744,0.0,0.04719872637289645,0.95517814,9.005123e-05,0.025417011,0.9917358746007332,0.9232072893439566,0.0,0.04482186,0.04482186
745,0.0,0.04753627112349747,0.951619867,0.00019452593,0.07634186,0.9928246903614611,0.8726645441210947,0.0,0.048380133,0.048380133
746,0.0,0.050923775945355326,0.940607462,0.00018547407,0.07192965,0.9929818519740814,0.8668234048783083,0.0093945188017845,0.059392538,0.059392538
747,0.0,0.05343769424668238,0.94027751,0.0002019653,0.07996809,0.9926474852722412,0.8587247609473959,0.0,0.05972249,0.05972249
748,0.0,0.05436666360477313,0.943310913,0.00023293609,0.0950644,0.9930681069719584,0.847718316190621,0.0,0.056689087,0.056689087
749,0.0,0.05453823543198081,0.945032835,0.00018629203,0.07232835,0.9930291632634144,0.8705689750178962,0.0,0.054967165,0.054967165
750,0.0,0.052776857308557724,0.951626588,0.0001384532,0.049009923,0.9925191511194784,0.898217367903519,0.115480546026027,0.115480546026027,0.048373412
751,0.0,0.05075378236325551,0.954303905,9.11641e-05,0.025959464,0.9922797083327634,0.9223544391147785,0.0,0.045696095,0.045696095
752,0.0,0.04947302168803965,0.95372888,0.00015886668,0.058960214,0.9935577434727204,0.8917149163830358,0.0,0.04627112,0.04627112
753,0.0,0.048899000062885466,0.952536054,0.00010851202,0.034415483,0.991693585613817,0.9121142072242042,0.0,0.047463946,0.047463946
754,0.0,0.05117927147348962,0.94312005,0.00028059556,0.118295394,0.9930383975040328,0.8257643486221654,0.0,0.05687995,0.05687995
755,0.0,0.05005540448106402,0.952754263,0.00016208406,0.06052849,0.9927945246967322,0.8886359697549993,0.0,0.047245737,0.047245737
756,0.0,0.048385781200760015,0.955788277,0.00012448845,0.04220299,0.9928110953816912,0.9088700628755176,0.0,0.044211723,0.044211723
757,0.0,0.0473594894291143,0.95520624,0.00018336759,0.07090287,0.9924661496057304,0.8807932392942369,0.0,0.04479376,0.04479376
758,0.0,0.04595508473508164,0.957555927,0.00011050663,0.035387732,0.992450258634679,0.9166967234051303,0.0,0.042444073,0.042444073
759,0.0,0.044890334810772606,0.95777154,6.645661e-05,0.013916116,0.9928158501568218,0.9376580595417264,0.0,0.04222846,0.04222846
760,0.0,0.04447776486483757,0.95655366,0.00012966836,0.044727873,0.9930995546481888,0.9074636359884265,0.0649425052729802,0.0649425052729802,0.04344634
761,0.0,0.04366627776059827,0.95836244,0.0001260003,0.042939924,0.992957030947446,0.9107505449911566,0.0095890410958904,0.04163756,0.04163756
762,0.0,0.04428778582899876,0.954158444,0.00020437237,0.08114138,0.993066373262424,0.8706577460131846,0.0,0.045841556,0.045841556
763,0.0,0.04415772416357055,0.95616743,0.00023018806,0.09372491,0.9934852327712032,0.8609053474216091,0.0,0.04383257,0.04383257
764,0.0,0.04523235440255039,0.95208107,0.00025097656,0.103857994,0.9923656132946987,0.8466861824293895,0.0,0.04791893,0.04791893
765,0.0,0.04472528000182171,0.956542406,0.00014910486,0.054201942,0.9930597042559424,0.8984170925380697,0.0095722891566265,0.043457594,0.043457594
766,0.0,0.04527334485844407,0.953356493,0.00020873568,0.083268225,0.9929258430781984,0.8677895736180623,0.0660271857471166,0.0660271857471166,0.046643507
767,0.0,0.04558886832746005,0.953622323,0.00016095389,0.0599776,0.9934282633858966,0.8905352669283289,0.0,0.046377677,0.046377677
768,0.0,0.04483531366247147,0.957048573,0.00010598833,0.033185348,0.9932645212563584,0.91905632146921,0.0,0.042951427,0.042951427
769,0.0,0.04494574318747962,0.954778183,0.00020641528,0.082137175,0.9931916354318916,0.8703888532402961,0.0,0.045221817,0.045221817
770,0.0,0.04561126399105687,0.952724934,0.00015613627,0.057629313,0.9931341611210835,0.891655762766097,0.0,0.047275066,0.047275066
771,0.0,0.04640397542218348,0.951614246,0.00020250665,0.08023196,0.9922428624460748,0.8684748237662929,0.0,0.048385754,0.048385754
772,0.0,0.04884226244441678,0.94506202,0.00024268455,0.09981616,0.994111764775932,0.8457202624509973,0.0,0.05493798,0.05493798
773,0.0,0.050331851746011985,0.9459441749999999,0.00021781467,0.087693654,0.9935395684642409,0.8574155803579727,0.0,0.054055825,0.054055825
774,0.0,0.05034327181857999,0.949628178,0.00027287312,0.11453119,0.9929522128197608,0.8349398871656741,0.0,0.050371822,0.050371822
775,0.0,0.05062275244184285,0.948678546,0.00016354238,0.06123933,0.9933425400823188,0.8846530927737829,0.0,0.051321454,0.051321454
776,0.0,0.05042300174417346,0.950076375,0.00015492689,0.05703982,0.9941036935837336,0.8906017818884733,0.0,0.049923625,0.049923625
777,0.0,0.04880461067440961,0.955241367,0.00019039305,0.07432734,0.992831041396378,0.8779017313192674,0.0,0.044758633,0.044758633
778,0.0,0.04748464562457829,0.955815267,0.00014024314,0.04988241,0.99281741827197,0.9016141304773572,0.0,0.044184733,0.044184733
779,0.0,0.046340170874698786,0.956521016,0.00016797647,0.06340066,0.9930002407739768,0.8896060293196137,0.0,0.043478984,0.043478984
780,0.0,0.0455712614819277,0.9563510120000001,0.00013342178,0.046557426,0.9924040018495448,0.9048995436623108,0.0,0.043648988,0.043648988
781,0.0,0.04591455934423407,0.953227196,0.0002634368,0.10993159,0.993284768363042,0.8427399609432223,0.0,0.046772804,0.046772804
782,0.0,0.045998477817310056,0.953791726,0.00021009907,0.08393279,0.9920024445055792,0.8667495626108077,0.0,0.046208274,0.046208274
783,0.0,0.04628543329807861,0.952997178,0.0001634851,0.06121141,0.9933911051312182,0.8887501441114474,0.0,0.047002822,0.047002822
784,0.0,0.045833122070056145,0.955297656,0.00020057207,0.079288974,0.9927096794274554,0.873140861040999,0.0367140695333281,0.044702344,0.044702344
785,0.0,0.04522985576432582,0.95627831,0.00011636097,0.038241353,0.993202279558294,0.913457009362823,0.0,0.04372169,0.04372169
786,0.0,0.04508568554594701,0.95527474,0.00021151347,0.08462222,0.9932944594809128,0.8685736962405862,0.0,0.04472526,0.04472526
787,0.0,0.044642389675676436,0.95646585,0.00015450353,0.056833457,0.9937236991562568,0.8964446968948503,0.0,0.04353415,0.04353415
788,0.0,0.04520586291119746,0.953385454,0.0002768353,0.1164625,0.9924932452285676,0.8360284721654201,0.0,0.046614546,0.046614546
789,0.0,0.04513314065085533,0.955048665,0.00015044422,0.054854795,0.993230593920224,0.8965491964336089,0.0,0.044951335,0.044951335
790,0.0,0.045823363322039526,0.95245108,0.00021944287,0.088487305,0.9918219173920212,0.8610712745796567,0.0454893369339106,0.04754892,0.04754892
791,0.0,0.04578965551574252,0.954294614,0.00021448906,0.08607263,0.9924029002567368,0.8655301109068892,0.0,0.045705386,0.045705386
792,0.0,0.045890911939816086,0.953855947,0.000112976144,0.036591467,0.992304143680359,0.9118808286587581,0.0,0.046144053,0.046144053
793,0.0,0.04628428852844006,0.95273227,0.0001607146,0.05986096,0.9918286166170456,0.8883816870477529,0.0,0.04726773,0.04726773
794,0.0,0.0464987860917429,0.95296497,9.3401315e-05,0.027049966,0.9933527002831192,0.921024008085774,0.0,0.04703503,0.04703503
795,0.0,0.05261255863695921,0.93210301,0.0003000927,0.12779903,0.9927978287466628,0.8071259199977598,0.0,0.06789699,0.06789699
796,0.0,0.054417355312113724,0.941070653,0.0001478964,0.05361289,0.9925513533204976,0.8839832432286993,0.0,0.058929347,0.058929347
797,0.0,0.056019289222938376,0.939975876,0.0003245036,0.13969782,0.9930995233380506,0.8030831330738226,0.0,0.060024124,0.060024124
798,0.0,0.05665527344495598,0.941754766,0.00013797455,0.048776615,0.9926470097522796,0.8892322068340078,0.0961195598735025,0.0961195598735025,0.058245234
799,0.0,0.05626689674639713,0.944704045,0.00019598447,0.07705281,0.9929150035884108,0.8657344507219454,0.1159467082851136,0.1159467082851136,0.055295955
800,0.0,0.05416115281885509,0.951103207,0.00014300797,0.05123009,0.9929182624729816,0.8959876992226935,0.0,0.048896793,0.048896793
801,0.0,0.05294300915632506,0.95010235,0.00011564442,0.03789208,0.9928704661943336,0.9075838817946503,0.0,0.04989765,0.04989765
802,0.0,0.05041507511166076,0.95590476,0.00010148942,0.03099241,0.9923761685480068,0.9192171730294219,0.0,0.04409524,0.04409524
803,0.0,0.04968883765118626,0.952126756,0.00020893278,0.08336429,0.9926388889017196,0.8663289503677004,0.0,0.047873244,0.047873244
804,0.0,0.05064830232227589,0.946953036,0.00028541833,0.1206462,0.9924947591740848,0.8264570859273074,0.0,0.053046964,0.053046964
805,0.0,0.049129840801625635,0.954666313,0.000245506,0.101191446,0.9926968732113388,0.8517957109478506,0.0,0.045333687,0.045333687
806,0.0,0.0482956534297326,0.953789815,0.0002517273,0.10422393,0.9925342974976298,0.8480035295638549,0.0,0.046210185,0.046210185
807,0.0,0.04638447130695186,0.958393484,0.00012104579,0.040524915,0.99277665445245,0.9129124083965087,0.0,0.041606516,0.041606516
808,0.0,0.04632368807639419,0.95382827,0.00017869571,0.06862563,0.9928752103389078,0.8820417460895452,0.0,0.04617173,0.04617173
809,0.0,0.04604511719742442,0.95465131,0.0002311572,0.0941973,0.9933755006585292,0.8589973591000641,0.0455692915152193,0.0455692915152193,0.04534869
810,0.0,0.04557168085530315,0.95561191,0.0001789147,0.06873237,0.9934915063028648,0.8841383319747905,0.0097463768115942,0.04438809,0.04438809
811,0.0,0.044917486325216534,0.956718,8.294525e-05,0.02195329,0.9925711355706928,0.928763593218416,0.0,0.043282,0.043282
812,0.0,0.04581103451801181,0.951955095,0.00042523234,0.18879674,0.9931849894435107,0.7669663271296594,0.0,0.048044905,0.048044905
813,0.0,0.04524660751286558,0.95616446,0.000118413765,0.039241962,0.993641828246358,0.9128018025878992,0.0,0.04383554,0.04383554
814,0.0,0.04453181393776113,0.95725517,0.00016024827,0.059633654,0.9933099652322226,0.8941483741501469,0.0,0.04274483,0.04274483
815,0.0,0.044221307955543666,0.956554957,0.00014376114,0.05159721,0.9933603293543808,0.9011758848475762,0.0945143522178718,0.0945143522178718,0.043445043
816,0.0,0.0441202153968169,0.956132516,0.00012969252,0.044739645,0.9928317133434562,0.9068082927134886,0.0381701834800949,0.043867484,0.043867484
817,0.0,0.044084252426297786,0.956005655,9.602803e-05,0.028330326,0.9936855911238262,0.923056111688454,0.0,0.043994345,0.043994345
818,0.0,0.04393756801878414,0.956429143,0.00013794824,0.048763793,0.9922918207715276,0.9027772056381241,0.0,0.043570857,0.043570857
819,0.0,0.04402805944198867,0.955745712,0.0001494472,0.05436881,0.9934048467515832,0.8978223678845839,0.0,0.044254288,0.044254288
820,0.0,0.04333231960142048,0.95840703,0.00013988932,0.049709946,0.9933446383373552,0.9047032000356332,0.0,0.04159297,0.04159297
821,0.0,0.04404679114387177,0.95416703,0.00020195698,0.079964034,0.9931525250849425,0.8718568061642078,0.0,0.04583297,0.04583297
822,0.0,0.044730785102765555,0.95355923,0.00020559297,0.08173635,0.992568395177016,0.8691115262896475,0.0,0.04644077,0.04644077
823,0.0,0.04534890478768968,0.953105796,0.00019465633,0.07640542,0.9930164584339992,0.8741358520060935,0.0,0.046894204,0.046894204
824,0.0,0.04527820341977834,0.95489855,0.0001862422,0.07230406,0.9925189833672232,0.8792284081576994,0.4253283522118645,0.4253283522118645,0.04510145
825,0.0,0.04551242529984167,0.95390202,0.0002763394,0.11622078,0.9928170916347177,0.836983312863977,0.0,0.04609798,0.04609798
826,0.0,0.04615502949988691,0.95223846,0.0002404692,0.09873632,0.9930995302092286,0.8522958317372551,0.0,0.04776154,0.04776154
827,0.0,0.045622851071347795,0.955707595,0.00014276724,0.051112752,0.9928888798647226,0.9004099681973173,0.0,0.044292405,0.044292405
828,0.0,0.04589290076524842,0.953431975,0.00015360185,0.056393944,0.9936282681081858,0.893931766610768,0.0093945188017845,0.046568025,0.046568025
829,0.0,0.047184137689463154,0.9495877699999999,0.00013370866,0.046697263,0.9933792534063464,0.8992512249273608,0.0,0.05041223,0.05041223
830,0.0,0.04738954006390225,0.952096954,0.00014197733,0.05072772,0.9931803764362452,0.8976356756676322,0.0,0.047903046,0.047903046
831,0.0,0.04721580661707303,0.953218527,0.00014070615,0.0501081,0.9936818290287438,0.8997337410248074,0.0,0.046781473,0.046781473
832,0.0,0.047720224726480735,0.95101873,0.00011676882,0.038440153,0.9935001497006016,0.9085175621490257,0.0,0.04898127,0.04898127
833,0.0,0.04769239537605767,0.952377178,0.00013714955,0.048374478,0.9938228337178976,0.9007080236397071,0.0747608250183288,0.0747608250183288,0.047622822
834,0.0,0.04886744469718405,0.948194932,0.00026919306,0.112737395,0.9935709139926158,0.8358891288223783,0.0391066643593079,0.051805068,0.051805068
835,0.0,0.0486016284979886,0.952062912,0.00016808142,0.06345182,0.9933882019237948,0.8857573592942029,0.0199020807833537,0.047937088,0.047937088
836,0.0,0.04778403864142043,0.954259936,0.00019940357,0.07871941,0.9928436253856704,0.8728496933941382,0.0,0.045740064,0.045740064
837,0.0,0.048225823886728886,0.950669713,0.00015703349,0.05806665,0.9932354333259558,0.8894100578506394,0.0192965995851383,0.049330287,0.049330287
838,0.0,0.049963985633377776,0.94569061,0.00018721934,0.072780356,0.9929788728765314,0.8707063447721943,0.0,0.05430939,0.05430939
839,0.0,0.05009575202384127,0.949574832,0.00022284465,0.09014546,0.9920548873576134,0.8571105934924731,0.0,0.050425168,0.050425168
840,0.0,0.04941406230274376,0.952290162,0.00017842287,0.06849263,0.991821561052452,0.8798104948479397,0.0,0.047709838,0.047709838
841,0.0,0.048934173073388404,0.95226555,0.0002697871,0.11302695,0.992655219658058,0.838430228980655,0.0862267363614282,0.0862267363614282,0.04773445
842,0.0,0.04879017876670601,0.951569807,0.00027284762,0.11451877,0.9924419222034764,0.8362287879208085,0.0683804102700615,0.0683804102700615,0.048430193
843,0.0,0.04854728483336143,0.95205995,0.00023259094,0.09489616,0.9930626882022772,0.8557351440847834,0.0,0.04794005,0.04794005
844,0.0,0.04793689859525817,0.953589067,0.00017758718,0.06808528,0.9920640275788258,0.8816112778457759,0.0,0.046410933,0.046410933
845,0.0,0.04654235413947012,0.956944007,0.00013710698,0.04835373,0.991819025409683,0.9032220087741428,0.0,0.043055993,0.043055993
846,0.0,0.047415155813907234,0.95040284,0.00023022396,0.09374241,0.9922100977756876,0.8546002682795864,0.0093945188017845,0.04959716,0.04959716
847,0.0,0.04649774843850517,0.95579577,0.00012431288,0.04211741,0.9921333010149076,0.9083378490854234,0.0093945188017845,0.04420423,0.04420423
848,0.0,0.04647004317036083,0.95359922,0.00021136305,0.0845489,0.9922898593066416,0.866242706749233,0.1704512197191457,0.1704512197191457,0.04640078
849,0.0,0.04620402426454345,0.954461023,0.00021832442,0.08794213,0.992133625036156,0.8636758218935529,0.0772290404326462,0.0772290404326462,0.045538977
850,0.0,0.04558354018895961,0.95596767,0.000104762454,0.032587808,0.9919976707829896,0.917414106788591,0.0,0.04403233,0.04403233
851,0.0,0.0455143772778283,0.95465853,0.00013556243,0.047600858,0.9914313176965878,0.9014251821267771,0.0,0.04534147,0.04534147
852,0.0,0.04575739976987736,0.953635044,0.00021910461,0.08832242,0.9927360472489528,0.8630923527419697,0.0,0.046364956,0.046364956
853,0.0,0.04433004469276955,0.959238343,5.2986445e-05,0.0073502567,0.992841713443558,0.9453716625665511,0.0,0.040761657,0.040761657
854,0.0,0.04412318335197825,0.95639397,0.00015026235,0.054766145,0.993145075923899,0.8978189983982162,0.0,0.04360603,0.04360603
855,0.0,0.043565550108555895,0.957828533,0.0002134875,0.08558443,0.9926536862160924,0.86941903061893,0.0,0.042171467,0.042171467
856,1.0,0.04398842036325421,0.954954404,0.00025657154,0.1065852,0.991670419098212,0.8460638460068037,0.0,0.045045596,0.045045596
857,1.0,0.04367433083089586,0.957110893,8.75381e-05,0.024192018,0.9908920858932388,0.925450053931158,0.0846826265883547,0.0846826265883547,0.042889107
858,1.0,0.04434245002206848,0.953987252,0.00016179483,0.060387507,0.991515693251124,0.8887731913411268,0.1038301987779753,0.1038301987779753,0.046012748
859,1.0,0.04559307058719177,0.951280378,0.00028398263,0.11994639,0.9902553896845632,0.8290197600298415,0.176724628928446,0.176724628928446,0.048719622
860,1.0,0.04541586841942269,0.955027137,0.00011901242,0.039533768,0.9906734375103216,0.9087163274859724,0.0,0.044972863,0.044972863
861,1.0,0.04631738201387335,0.951428834,0.00031787268,0.13646565,0.9911281903699516,0.8143024765375297,0.0,0.048571166,0.048571166
862,1.0,0.04680816600990954,0.951964874,0.0002660128,0.11118721,0.9901741927987856,0.8378047578448308,0.0,0.048035126,0.048035126
863,1.0,0.04819615772136396,0.948333863,0.00015609043,0.057606973,0.9895177793159844,0.8843352253836424,0.0,0.051666137,0.051666137
864,1.0,0.050947694943831404,0.942173462,0.0002482346,0.102521464,0.990023564548126,0.8371445804619018,0.0,0.057826538,0.057826538
865,1.0,0.055359743817022425,0.933610134,0.00035943708,0.15672569,0.9935588562266576,0.7822183970735489,0.0,0.066389866,0.066389866
866,1.0,0.07477200844073031,0.87669733,0.0004932661,0.22195894,0.9909171621263756,0.675911056999282,0.2114411670632373,0.2114411670632373,0.12330267
867,1.0,0.729637064745987,0.7613084,0.0013225614,0.6261883,0.9911002156792978,0.2820532333212542,0.0,0.2386916,0.2386916
868,1.0,0.95,0.69921502,0.0008526277,0.39712512,0.9907359958886854,0.41763403066091015,0.0,0.30078498,0.30078498
869,1.0,0.95,0.67799008,0.00074172206,0.3430656,0.9907577317891312,0.44127854630172214,0.0,0.32200992,0.32200992
870,1.0,0.95,0.7151192399999999,0.00093869487,0.43907747,0.9908452314952992,0.39745427316473286,0.0,0.28488076,0.28488076
871,1.0,0.95,0.78399447,0.0005918247,0.27000007,0.9890289738643996,0.5660370154334813,0.0,0.21600553,0.21600553
872,1.0,0.95,0.6749517300000001,0.0010676933,0.5019561,0.990426302731362,0.33293734004873604,0.0753272303370208,0.32504827,0.32504827
873,1.0,0.95,0.54920396,0.00080416433,0.37350228,0.9911631627270062,0.34103449371616285,0.1268433337480351,0.45079604,0.45079604
874,1.0,0.95,0.54999492,0.00082938536,0.38579595,0.9915674761516006,0.33496052398954607,0.0,0.45000508,0.45000508
875,1.0,0.95,0.5431972,0.0007366519,0.3405942,0.990841344848206,0.3549068694919315,0.0,0.4568028,0.4568028
876,1.0,0.95,0.601518,0.0008970568,0.41878152,0.9923999838041362,0.3469563103201893,0.0,0.601518,0.601518
877,1.0,0.95,0.7852134,0.00091194885,0.42604047,0.9937254449720409,0.44785289307358306,0.0,0.7852134,0.7852134
878,1.0,0.95,0.7894688,0.0006468041,0.29679906,0.99228893852668,0.5508743663688065,0.0,0.7894688,0.7894688
879,1.0,0.95,0.79821175,0.0004507195,0.20122014,0.9922831219256266,0.6326752234132453,0.0,0.79821175,0.79821175
880,1.0,0.95,0.80453706,0.00043056745,0.19139728,0.9939948236764348,0.646644182464741,0.1043055376252436,0.80453706,0.80453706
881,1.0,0.95,0.8378473,0.0006817524,0.31383416,0.992810798753302,0.5707691088091708,0.0395109160958904,0.8378473,0.8378473
882,1.0,0.95,0.8323839,0.00087344256,0.40727106,0.9927608701854532,0.4898063991369945,0.0,0.8323839,0.8323839
883,1.0,0.95,0.8365941,0.00034122626,0.14784907,0.9928888771270192,0.7078348892755082,0.0093945188017845,0.8365941,0.8365941
884,1.0,0.95,0.8353169,0.00049850857,0.2245143,0.9932623439219618,0.6434118169198619,0.01,0.8353169,0.8353169
885,1.0,0.95,0.85508364,0.00038588542,0.1696176,0.9928767192674331,0.7049885453066609,0.2535077855181648,0.85508364,0.85508364
886,1.0,0.95,0.84112096,0.0007344391,0.33951563,0.9929892667497268,0.5516524538002349,0.0,0.84112096,0.84112096
887,0.0,0.95,0.8294676,0.00046355242,0.20747538,0.9926867765081746,0.6525659752094874,0.0,0.8294676,0.8294676
888,0.0,0.95,0.7596968,0.0007437504,0.3440543,0.992745018325953,0.4947045478895375,0.0,0.7596968,0.7596968
889,0.0,0.95,0.5234852999999999,0.0012766257,0.6037975,0.9911666159114336,0.20557408608257036,0.0,0.4765147,0.4765147
890,0.0,0.95,0.89293016,0.0004761478,0.21361484,0.9931213242979292,0.697356909901277,0.0,0.10706984,0.10706984
891,0.0,0.95,0.908316135,0.00036067277,0.15732801,0.989679509622386,0.7575131320172663,0.0,0.091683865,0.091683865
892,0.0,0.95,0.9208637550000001,0.00038537692,0.16936973,0.9908920510548686,0.7579306638061353,0.0,0.079136245,0.079136245
893,0.0,0.95,0.946043234,0.00013354966,0.04661976,0.990724867640302,0.8935733225670933,0.0,0.053956766,0.053956766
894,0.0,0.95,0.946668267,0.0002188824,0.08821411,0.9914732167232247,0.8557988006100871,0.0,0.053331733,0.053331733
895,0.0,0.8883731400845629,0.951129947,0.00020289829,0.080422856,0.9901634587876053,0.8660339537952784,0.1924132611888661,0.1924132611888661,0.048870053
896,0.0,0.7108354680604021,0.955501452,0.00016618513,0.0625275,0.99165190626156,0.888278477109022,0.0,0.044498548,0.044498548
897,0.0,0.09742701286433358,0.9551869,0.00018263995,0.07054819,0.993199839871466,0.8817630096181112,0.0,0.0448131,0.0448131
898,0.0,0.08204335576023827,0.956415787,0.00016172529,0.060353607,0.9929472131640368,0.892354356810362,0.0,0.043584213,0.043584213
899,0.0,0.07130964268588448,0.95552464,0.00015513833,0.05714288,0.9929864547855732,0.8946045444902572,0.0,0.04447536,0.04447536
900,0.0,0.06414223163277463,0.953776296,0.00050211133,0.22627042,0.9928355471792496,0.7326778179727763,0.0,0.046223704,0.046223704
901,0.0,0.05727790259483902,0.95988292,0.000116066585,0.03809786,0.9932515473415028,0.9170824978930889,0.0,0.04011708,0.04011708
902,0.0,0.05238681899631359,0.95984089,0.00013471008,0.04718539,0.9939710161836746,0.9090366135663102,0.0,0.04015911,0.04015911
903,0.0,0.04965349728308113,0.957179807,9.560531e-05,0.028124277,0.9938175672012644,0.9245085481653498,0.0,0.042820193,0.042820193
904,0.0,0.04744806663077224,0.95806551,7.280861e-05,0.017012317,0.9935714029805052,0.9357123579060549,0.0,0.04193449,0.04193449
905,0.0,0.04677007387912303,0.954924908,0.00020065032,0.079327114,0.9937282878562012,0.8736595480273085,0.00961943793911,0.045075092,0.045075092
906,0.0,0.04544376419937359,0.95787201,0.00018221824,0.07034264,0.9929382346527352,0.8842043130914448,0.0,0.04212799,0.04212799
907,0.0,0.04473944099955257,0.957021367,9.79581e-05,0.029271115,0.9948161341006164,0.9241924301427743,0.0,0.042978633,0.042978633
908,0.0,0.04429721671396612,0.956808344,0.00012513013,0.04251577,0.9938389130538636,0.9104845507024899,0.0093945188017845,0.043191656,0.043191656
909,0.0,0.04391394108140437,0.957044248,8.9062705e-05,0.024935167,0.992852176028147,0.9265099821186644,0.0,0.042955752,0.042955752
910,0.0,0.0448655444867174,0.952755447,0.00025097,0.103854805,0.9923028804776044,0.8472353596497296,0.0,0.047244553,0.047244553
911,0.0,0.04553619463336958,0.95278718,0.00028876436,0.122277185,0.9924953304601274,0.8300070178255435,0.0289138635445549,0.04721282,0.04721282
912,0.0,0.04510278045240684,0.955980755,0.00014901516,0.054158222,0.992418495344176,0.8973512909725645,0.0,0.044019245,0.044019245
913,0.0,0.0459004411802906,0.952105407,0.00014627494,0.052822534,0.9928604395463304,0.8953742398581422,0.0,0.047894593,0.047894593
914,0.0,0.048190495128779,0.94608437,0.00024839575,0.102600016,0.992895827347712,0.8429845415523295,0.0,0.05391563,0.05391563
915,0.0,0.048666038520556426,0.950145103,0.00019109846,0.07467119,0.9927999097620036,0.8728663423594729,0.0,0.049854897,0.049854897
916,0.0,0.04872443380039744,0.951129578,0.00013264676,0.046179652,0.9928547622986812,0.9007245372432093,0.0,0.048870422,0.048870422
917,0.0,0.04842586500028388,0.952320557,0.00019156293,0.07489758,0.993008225473583,0.8748343401264734,0.0,0.047679443,0.047679443
918,0.0,0.0490948464287742,0.9492327,0.00019352742,0.07585515,0.993209762024488,0.8712719208069377,0.0093945188017845,0.0507673,0.0507673
919,0.0,0.05024625116341014,0.946875237,0.00027321096,0.11469587,0.9935948684324796,0.8329033118879681,0.5324927828048459,0.5324927828048459,0.053124763
920,0.0,0.05036852340243581,0.949325796,0.00018884394,0.07357225,0.9933743458087096,0.8736546191879461,0.165344707571051,0.165344707571051,0.050674204
921,0.0,0.05160886243031129,0.94529029,0.00019802141,0.07804569,0.99251429048993,0.8649905530072227,0.0,0.05470971,0.05470971
922,0.0,0.05041334173593664,0.95257546,0.00016139154,0.060190927,0.9920420355967045,0.8881147794530287,0.0,0.04742454,0.04742454
923,0.0,0.04946971838281188,0.95288934,0.0001593724,0.059206724,0.992342290534626,0.8896069626137233,0.0,0.04711066,0.04711066
924,0.0,0.04857011255915134,0.953678902,0.00018490644,0.071652964,0.9930119726260772,0.8791581669980809,0.0,0.046321098,0.046321098
925,0.0,0.04737793954225096,0.955602493,0.00013019984,0.044986933,0.993046811117907,0.9062672980276187,0.0,0.044397507,0.044397507
926,1.0,0.046767913958750684,0.95475715,0.0001287639,0.044287004,0.9918838302947688,0.9050680239344218,0.0,0.04524285,0.04524285
927,1.0,0.04651129854196477,0.95413024,0.00016618618,0.062528014,0.9936215916883128,0.8887650737465413,0.0098311588641596,0.04586976,0.04586976
928,1.0,0.04759856867283198,0.949683256,0.00019305483,0.075624794,0.9911471472988346,0.8700920577667901,0.0,0.050316744,0.050316744
929,1.0,0.0502081139091657,0.943268023,0.0003611553,0.15756322,0.9896401477428453,0.7864112848929224,0.0282698188661491,0.056731977,0.056731977
930,1.0,0.06316906422083264,0.90442856,0.00022307914,0.09025976,0.9914338423021346,0.8157468630410681,0.0198557692307692,0.09557144,0.09557144
931,1.0,0.08296661444345188,0.8675395100000001,0.0004348309,0.19347544,0.9916126910688612,0.693823389282407,0.01,0.13246049,0.13246049
932,1.0,0.6457730161862223,0.8307156099999999,0.0006425939,0.29474685,0.9920108414654618,0.5811842339340202,0.0,0.16928439,0.16928439
933,1.0,0.95,0.6495338399999999,0.0006795011,0.31273678,0.9911421699125886,0.4424465766630797,0.0,0.35046616,0.35046616
934,1.0,0.95,0.7513691,0.00090049027,0.42045513,0.991717609864626,0.4318455231429125,0.1823439065787835,0.7513691,0.7513691
935,1.0,0.95,0.849038,0.00033024696,0.14249735,0.9916677439443762,0.721986016473996,0.0971089385152973,0.849038,0.849038
936,1.0,0.95,0.8718345,0.0003546904,0.15441197,0.990698322713878,0.7303555016229359,0.0,0.8718345,0.8718345
937,1.0,0.95,0.8838898,0.00030623886,0.1307949,0.9898669137361518,0.7604964590606539,0.0,0.8838898,0.8838898
938,1.0,0.95,0.891008,0.00031677584,0.13593102,0.9910146040652992,0.7629745859267528,0.0,0.891008,0.891008
939,1.0,0.95,0.90093285,0.00031440222,0.13477403,0.9910290701706682,0.7725175650579443,0.0,0.90093285,0.90093285
940,1.0,0.95,0.90469205,0.0001710276,0.0648879,0.9905598197989784,0.8380021990038563,0.01,0.90469205,0.90469205
941,1.0,0.95,0.8975059,0.00031618707,0.13564403,0.9909478564978706,0.7687422504480722,0.0,0.8975059,0.8975059
942,1.0,0.95,0.877389,0.00016318022,0.061062794,0.9917181746029716,0.8169904993497832,0.0,0.877389,0.877389
943,1.0,0.95,0.8640057,0.00025337952,0.105029285,0.9920375161340614,0.767102730418618,0.0,0.8640057,0.8640057
944,1.0,0.95,0.85368043,0.00037376734,0.16371079,0.9921651322079866,0.7083302343402479,0.0,0.85368043,0.85368043
945,1.0,0.95,0.8295397,0.00047376362,0.2124527,0.991780752025872,0.6479321018845914,0.0,0.8295397,0.8295397
946,1.0,0.95,0.71679354,0.0009261764,0.4329755,0.9918391951993948,0.40312262521022224,0.0,0.71679354,0.71679354
947,1.0,0.95,0.55449224,0.0007369582,0.3407435,0.9924189880192942,0.36278135467764794,0.0,0.55449224,0.55449224
948,1.0,0.95,0.5524985,0.00082147727,0.38194126,0.9921859614598508,0.33880821602121625,0.0,0.5524985,0.5524985
949,1.0,0.95,0.50328094,0.0010985505,0.51699704,0.9919384144208676,0.24112652365832554,0.0,0.50328094,0.50328094
950,1.0,0.95,0.81875597,0.0006188964,0.2831958,0.9935063168958436,0.583076655212199,0.0,0.18124403,0.18124403
951,1.0,0.95,0.91770836,0.00028151346,0.118742816,0.9924584914489976,0.8026379874243138,0.0943026232859,0.0943026232859,0.08229164
952,1.0,0.95,0.947414085,0.0001392744,0.049410213,0.9959191255609128,0.8969269089539204,0.0,0.052585915,0.052585915
953,1.0,0.95,0.940736283,0.00034321923,0.1488205,0.9951841209917496,0.7968791940039764,0.0,0.059263717,0.059263717
954,1.0,0.95,0.940576747,0.00013406535,0.04687113,0.9927662184517044,0.890005833032854,0.0093945188017845,0.059423253,0.059423253
955,1.0,0.8718774303475793,0.9324581,0.00027699673,0.11654119,0.9930761162803816,0.818084508840054,0.066356130176107,0.0675419,0.0675419
956,1.0,0.7671800616768423,0.9157605600000001,0.00025069277,0.10371967,0.9908108012264474,0.8132358831010931,0.019467302279986,0.08423944,0.08423944
957,0.0,0.6927357583406016,0.9155625000000001,0.00032965804,0.14221027,0.9909713986711026,0.7782694063432674,0.0,0.0844375,0.0844375
958,0.0,0.6186415873861439,0.9277656400000001,0.0002695946,0.11293312,0.9918132103625508,0.8162525242370492,0.0,0.07223436,0.07223436
959,0.0,0.09124704059358857,0.938402686,0.00016179029,0.060385294,0.9909451430492178,0.8737529618390284,0.0,0.061597314,0.061597314
960,0.0,0.08269751870970612,0.938676286,0.00022238953,0.08992361,0.9931317279337438,0.8483997867046362,0.0,0.061323714,0.061323714
961,0.0,0.0744839293640758,0.946050044,0.00015584155,0.05748566,0.9887789116415908,0.8816602728534064,0.0,0.053949956,0.053949956
962,0.0,0.07105286383148271,0.9375248,0.00022539322,0.09138773,0.9913518644332678,0.8444796523777828,0.0093945188017845,0.0624752,0.0624752
963,0.0,0.06995558845105908,0.9327875999999999,0.00013984674,0.049689192,0.991333256276406,0.878755605680829,0.0,0.0672124,0.0672124
964,0.0,0.06600675803647077,0.943865318,0.00013780798,0.048695423,0.991348996591002,0.8901356317358275,0.0,0.056134682,0.056134682
965,0.0,0.06306195002605056,0.94430007,0.00043233536,0.19225903,0.9904406497401792,0.755458461492952,0.0289146589931321,0.05569993,0.05569993
966,0.0,0.05830527459003611,0.953586414,0.00020490242,0.081399746,0.9908639460102554,0.8679618611170282,0.1354008288361104,0.1354008288361104,0.046413586
967,0.0,0.05399266242145436,0.956788868,0.0001698174,0.064298004,0.9930730540908476,0.8890677718447942,0.0,0.043211132,0.043211132
968,0.0,0.05131236944389597,0.955388363,0.00012450069,0.042208955,0.9919906850048772,0.9077333954280142,0.01,0.044611637,0.044611637
969,0.0,0.05068999245992569,0.95086595,0.00025718083,0.106882185,0.992972076578174,0.8432669588284866,0.0,0.04913405,0.04913405
970,0.0,0.05047830032851835,0.95005093,0.00026624528,0.111300536,0.9927219248761004,0.8381648024588852,0.0,0.04994907,0.04994907
971,0.0,0.050090769377513104,0.950878058,0.00024092584,0.0989589,0.9919389764658144,0.8498736858988978,0.0,0.049121942,0.049121942
972,0.0,0.04883325355536651,0.954310536,0.00021140608,0.08456987,0.9926246183124896,0.8671614505289004,0.0,0.045689464,0.045689464
973,0.0,0.048243941682404645,0.953229338,0.00020042002,0.07921486,0.9925670140147456,0.8711953333730659,0.0,0.046770662,0.046770662
974,0.0,0.047831695487431894,0.95319892,0.0002984028,0.12697531,0.9931360423850636,0.8264542381733256,0.0,0.04680108,0.04680108
975,0.0,0.04636906249102278,0.95728752,0.00015785791,0.058468506,0.9927425381934456,0.8947750799154397,0.0,0.04271248,0.04271248
976,0.0,0.04549359892215912,0.95669506,0.00020013655,0.079076685,0.9929649518706074,0.8748446076950611,0.0,0.04330494,0.04330494
977,0.0,0.04533400208725651,0.95506499,0.00016123202,0.060113173,0.9926034106576904,0.8910134323945837,0.0277241526736631,0.04493501,0.04493501
978,0.0,0.04543688434804037,0.95430591,0.00011755742,0.03882455,0.9927907551965504,0.9106426936660383,0.0098937784522003,0.04569409,0.04569409
979,0.0,0.04556339853431455,0.954120316,0.0002294869,0.09338314,0.9926271434004909,0.8586438850002379,0.0,0.045879684,0.045879684
980,0.0,0.04503411381022468,0.956289098,0.00019532024,0.07672904,0.9937608376216523,0.8774053100256991,0.0,0.043710902,0.043710902
981,0.0,0.045827907007303346,0.95218761,0.0004864448,0.21863398,0.9934675143910148,0.7391468278168535,0.0,0.04781239,0.04781239
982,0.0,0.04601281014807382,0.953524932,0.00023474904,0.0959481,0.9939468465254304,0.8568179901031279,0.0,0.046475068,0.046475068
983,0.0,0.04550006896290987,0.955781784,0.00015767917,0.05838138,0.99330042549932,0.8939524285189577,0.0,0.044218216,0.044218216
984,0.0,0.04567868411636419,0.953874778,0.00017778162,0.06818006,0.9926548777089376,0.8823109032967683,0.0,0.046125222,0.046125222
985,0.0,0.045277630654545854,0.955725003,0.00020710405,0.082472906,0.9932852253365458,0.8710153746931257,0.038334051531992,0.044274997,0.044274997
986,0.0,0.044961028467532756,0.955830477,0.00020879658,0.08329791,0.9937444074365644,0.8707305719568476,0.0,0.044169523,0.044169523
987,0.0,0.043657954619666255,0.95959973,7.361404e-05,0.017404914,0.9926883252552527,0.9360038158833547,0.0,0.04040027,0.04040027
988,0.0,0.044429661871190185,0.95364107,0.00026479966,0.11059589,0.9932099525651844,0.8424131570603378,0.0,0.04635893,0.04635893
989,0.0,0.0444373556222787,0.95554341,0.00018845098,0.07338071,0.9923600098025918,0.8786603181529411,0.0,0.04445659,0.04445659
990,0.0,0.04508197973019907,0.95330646,0.0002605667,0.10853259,0.9937130191556048,0.8444987027157854,0.0,0.04669354,0.04669354
991,0.0,0.04440185123585648,0.95729847,0.00018184185,0.07015917,0.9934840118704832,0.8843350934802362,0.0,0.04270153,0.04270153
992,0.0,0.045215573739897486,0.95275012,0.00021207918,0.084897965,0.9931721833658874,0.8659106490475919,0.0,0.04724988,0.04724988
993,0.0,0.04501651267135535,0.95548114,0.00015303816,0.056119177,0.9918123999996278,0.8944762531886394,0.0,0.04451886,0.04451886
994,0.0,0.04490192162239667,0.955384556,0.000146446,0.052905913,0.9931700083555964,0.8986590205534452,0.0,0.044615444,0.044615444
995,0.0,0.04440830973028334,0.95682572,0.00012673039,0.043295793,0.99391078554108,0.9098251296960829,0.0,0.04317428,0.04317428
996,0.0,0.04521239266448811,0.9527774,0.00028444422,0.12017138,0.993195897001686,0.832577075934314,0.0,0.0472226,0.0472226
997,0.0,0.045151522188920074,0.955000654,0.0002610502,0.10876827,0.9932335651416784,0.8453677903919276,0.0,0.044999346,0.044999346
998,0.0,0.046641202420657196,0.949634597,0.00026614076,0.11124959,0.993843467247144,0.8387920968228008,0.0,0.050365403,0.050365403
999,0.0,0.048769056871897996,0.945911307,0.00020440765,0.08115858,0.9935822526475416,0.8635645516133409,0.0,0.054088693,0.054088693
1000,0.0,0.05147012433707,0.941777207,0.0004398706,0.19593199,0.9936186358750568,0.7524206180486857,0.0457088897206876,0.058222793,0.058222793
1001,0.0,0.05283570681219285,0.943750337,0.00031132813,0.1332756,0.993382546339783,0.8125585564561933,0.0097987421383647,0.056249663,0.056249663
1002,0.0,0.05516413915156632,0.93901478,0.00033281517,0.14374918,0.9940084662297816,0.7992147894360653,0.0099020807833537,0.06098522,0.06098522
1003,0.0,0.0564010922511188,0.940506525,0.00020347374,0.080703355,0.9940294461558452,0.8594423253535562,0.0192965995851383,0.059493475,0.059493475
1004,0.0,0.057288891607942,0.94049161,0.00024026088,0.09863477,0.993852081660078,0.8425146834553815,0.3188098944329504,0.3188098944329504,0.05950839
1005,0.0,0.061786249719958566,0.926970355,0.00046349448,0.20744714,0.9935678760111438,0.729947498124669,0.2047415290307369,0.2047415290307369,0.073029645
1006,0.0,0.06581227837139897,0.92412265,0.00019483108,0.0764906,0.9933438219351844,0.8477553323509845,0.0,0.07587735,0.07587735
1007,0.0,0.07414431483671355,0.905025594,0.0004068952,0.17985855,0.993294032250304,0.7372715050742428,0.0,0.094974406,0.094974406
1008,0.0,0.08112315916908111,0.90142973,0.00027959538,0.11780787,0.9946722198094344,0.7909973804641918,0.0,0.09857027,0.09857027
1009,0.0,0.07518940912077222,0.939644966,0.00020907719,0.083434686,0.9933861874364578,0.8555498638055914,0.0,0.060355034,0.060355034
1010,0.0,0.0674587208005516,0.951868,0.00014389101,0.05166052,0.9922622376613836,0.8957091724800439,0.0,0.048132,0.048132
1011,0.0,0.06149249771467971,0.95342306,0.00018350226,0.07096851,0.992568038964704,0.8791771118834263,0.0,0.04657694,0.04657694
1012,0.0,0.056429463510485514,0.956228122,0.00017106858,0.06490787,0.9923297921198744,0.8873029876167136,0.0,0.043771878,0.043771878
1013,0.0,0.05312995679320394,0.95511881,0.00012417824,0.042051785,0.9928862805338182,0.9084456305170537,0.0,0.04488119,0.04488119
1014,0.0,0.051280447995145674,0.953343324,0.00026485155,0.110621184,0.9913144185169406,0.8405189967575238,0.0,0.046656676,0.046656676
1015,0.0,0.049490888567961196,0.95498301,0.00013180135,0.04576757,0.99238981017014,0.9043407767334506,0.0746749369424723,0.0746749369424723,0.04501699
1016,0.0,0.04899444754854371,0.9522466549999999,0.00022898687,0.0931394,0.992348563603929,0.856947536951628,0.0,0.047753345,0.047753345
1017,0.0,0.04713978824895979,0.95749686,0.000106345906,0.03335964,0.9929489964142476,0.9190290170537313,0.0,0.04250314,0.04250314
1018,0.0,0.04712020303497128,0.95292876,0.00015410093,0.056637213,0.992886382694915,0.8925626909980912,0.0,0.04707124,0.04707124
1019,0.0,0.04689260788212235,0.95367638,0.00013555768,0.047598545,0.992425096783364,0.9014026178205681,0.0,0.04632362,0.04632362
1020,0.0,0.0472602513443731,0.95182064,0.00010017269,0.030350586,0.9929129973850468,0.916391502002671,0.0,0.04817936,0.04817936
1021,0.0,0.04856289381740936,0.9481805,0.00011106536,0.03566008,0.992930337512152,0.9079040321918401,0.0093945188017845,0.0518195,0.0518195
1022,0.0,0.04948605644100668,0.9482060370000001,0.00015318448,0.0561905,0.9931918022044516,0.8888330333720637,0.0,0.051793963,0.051793963
1023,0.0,0.04925986945786192,0.951305598,0.00014736116,0.053352,0.9920413713865132,0.8933843864675283,0.0,0.048694402,0.048694402
1024,0.0,0.04874370761275852,0.952546697,0.00021445479,0.08605593,0.9923714509904468,0.8639331856053069,0.0765333693948611,0.0765333693948611,0.047453303
1025,0.0,0.04858645200911323,0.951806687,0.00016165532,0.060319502,0.9929170653838694,0.8880592461302872,0.0191825986181181,0.048193313,0.048193313
1026,0.0,0.04895966914936659,0.950107288,0.00031183625,0.13352329,0.9925954313747576,0.8171500567573565,0.0,0.049892712,0.049892712
1027,0.0,0.048639226535261856,0.95216188,0.00028932688,0.122551374,0.9927963440427086,0.8294546723214671,0.0,0.04783812,0.04783812
1028,0.0,0.04911453752518704,0.949697185,0.00023695015,0.097021,0.9923414017863084,0.8509889328588236,0.0955003680314666,0.0955003680314666,0.050302815
1029,0.0,0.04958594966084789,0.94923552,0.00015690831,0.058005635,0.9927282489858558,0.8876722964914016,0.1251289066438366,0.1251289066438366,0.05076448
1030,0.0,0.05028990290060563,0.947950214,0.000221542,0.08951049,0.9927563599722832,0.8568467493708222,0.0,0.052049786,0.052049786
1031,0.0,0.05005695207186116,0.950525425,0.00024565132,0.10126227,0.9919333208643788,0.8473819160802009,0.0,0.049474575,0.049474575
1032,0.0,0.048716340051329396,0.95463519,0.00014509333,0.052246574,0.9915897861811184,0.8971495571764508,0.0,0.04536481,0.04536481
1033,0.0,0.04660818660809242,0.958662197,0.00010868478,0.034499694,0.9926150532081436,0.9187532216629535,0.0099521531100478,0.041337803,0.041337803
1034,0.0,0.046160656148637444,0.95495817,0.00029681536,0.12620154,0.9927064118788106,0.8283549095031797,0.0,0.04504183,0.04504183
1035,0.0,0.04580451324902674,0.955085844,0.00020575532,0.08181548,0.9937091173953728,0.8714282789519985,0.0,0.044914156,0.044914156
1036,0.0,0.0456398220350191,0.954771906,0.00026476514,0.110579066,0.9928932826277896,0.8431591377837151,0.147948143519497,0.147948143519497,0.045228094
1037,0.0,0.04502307631072793,0.956518788,0.00014658882,0.05297553,0.993275123257125,0.8997549908570658,0.1879642015703721,0.1879642015703721,0.043481212
1038,0.0,0.045830396793377096,0.952151302,0.00022143898,0.08946028,0.9921159934154749,0.8601363702760244,0.0,0.047848698,0.047848698
1039,0.0,0.04516454056669793,0.9565001,0.00021857764,0.08806556,0.99347256615632,0.8665717284714305,0.01,0.0434999,0.0434999
1040,0.0,0.04532336611906995,0.95427957,0.00014471555,0.05206243,0.9935772079584432,0.8987874153408266,0.0,0.04572043,0.04572043
1041,0.0,0.04472223779933568,0.956780583,0.0001032199,0.03183591,0.9942098490889962,0.9209570663895921,0.0,0.043219417,0.043219417
1042,0.0,0.045775120428096915,0.951592673,0.00017804209,0.06830702,0.9940830468172076,0.881346288635486,0.0,0.048407327,0.048407327
1043,0.0,0.04447886802006923,0.958761763,0.00013021196,0.04499284,0.9930931853421976,0.9093003007286586,0.0,0.041238237,0.041238237
1044,0.0,0.043117075157192306,0.960287407,7.024614e-05,0.015763273,0.9932471898977135,0.9387677150689394,0.0,0.039712593,0.039712593
1045,0.0,0.043359070826565926,0.95603594,0.00024069176,0.098844804,0.993334738766138,0.8557943873598037,0.0,0.04396406,0.04396406
1046,0.0,0.043717799161832806,0.95538538,0.00017056914,0.06466443,0.9939588885988512,0.8882075560063198,0.0099521531100478,0.04461462,0.04461462
1047,0.0,0.043822797687023435,0.955914706,0.00013711651,0.048358377,0.993443807373073,0.9037241310517758,0.0488159460068415,0.0488159460068415,0.044085294
1048,0.0,0.044283455490731025,0.9545649,0.00012982941,0.044806372,0.9936396229759262,0.9059949544125,0.0,0.0454351,0.0454351
1049,0.0,0.04485417392195073,0.95371903,0.00013924344,0.049395118,0.9940409714788055,0.9012074513294646,0.0,0.04628097,0.04628097
1050,0.0,0.04519339165853624,0.953958564,0.00019313839,0.07566552,0.992746879948332,0.8753811602566578,0.0,0.046041436,0.046041436
1051,0.0,0.04498349689895446,0.95554124,0.00020059271,0.07929903,0.9949666280962128,0.875339548285695,0.0,0.04445876,0.04445876
1052,0.0,0.04479064235639604,0.955691494,0.00017607876,0.06735002,0.9931459939634856,0.8852165013607167,0.0095890410958904,0.044308506,0.044308506
1053,0.0,0.04552277882599717,0.95264688,0.0005793549,0.2639218,0.992987018938484,0.6963049398476383,0.0,0.04735312,0.04735312
1054,0.0,0.04538678144714084,0.954953212,0.0001298677,0.044825032,0.9935583027600016,0.9062716263006236,0.0,0.045046788,0.045046788
1055,0.0,0.04556510017652917,0.953989103,0.00020715223,0.08249639,0.9931055904434944,0.8692538488770282,0.0,0.046010897,0.046010897
1056,0.0,0.045877153554663694,0.953342713,0.00022821521,0.09276327,0.9925379730712818,0.858453562265231,0.0,0.046657287,0.046657287
1057,0.0,0.045985821681902635,0.953742508,0.00018988876,0.07408153,0.9928669136982246,0.8767886622649054,0.0,0.046257492,0.046257492
1058,0.0,0.04643860634421617,0.952429432,0.00016619978,0.062534645,0.9928262272050664,0.8864643519681165,0.0,0.047570568,0.047570568
1059,0.0,0.05076911538872583,0.938404612,0.00021914829,0.08834372,0.9935718899594648,0.8500031937726502,0.0,0.061595388,0.061595388
1060,0.0,0.0540650015633756,0.937695283,0.00026431185,0.11035811,0.9932978996305436,0.8286220245311499,0.0093945188017845,0.062304717,0.062304717
1061,0.0,0.057353478259554,0.93442533,0.00035573737,0.15492232,0.9927661118032676,0.7839496634606955,0.0099020807833537,0.06557467,0.06557467
1062,0.0,0.061537401613967146,0.92800279,0.00041562947,0.18411595,0.9929919003983154,0.7518365434394003,0.3270182392137976,0.3270182392137976,0.07199721
1063,0.0,0.06371281829569082,0.93084864,0.0003423741,0.14840855,0.9931901258850592,0.7873045371772658,0.1452073414917618,0.1452073414917618,0.06915136
1064,0.0,0.06017357306835059,0.94867454,0.000131565,0.045652363,0.9933306129364736,0.8993270738745875,0.0,0.05132546,0.05132546
1065,0.0,0.058327568763107566,0.946287442,0.0002354321,0.09628105,0.9930446422056256,0.8492298252554162,0.0,0.053712558,0.053712558
1066,0.0,0.05871680625936254,0.9403101,0.0003728002,0.16323937,0.9921990286219932,0.7806765544980532,0.0,0.0596899,0.0596899
1067,0.0,0.059530033042401814,0.9384369,0.0002541844,0.10542161,0.9931902030572656,0.8337885100089384,0.0,0.0615631,0.0615631
1068,0.0,0.059245199887429864,0.941466883,0.00016137221,0.060181506,0.9931630581077364,0.8787586073312655,0.0,0.058533117,0.058533117
1069,0.0,0.056111399348164184,0.951723102,0.0001458902,0.052634995,0.99250592445948,0.8948722842406412,0.0,0.048276898,0.048276898
1070,0.0,0.05302255382011727,0.95469956,0.00020252628,0.08024153,0.9929092318188768,0.8718666526638988,0.0,0.04530044,0.04530044
1071,0.0,0.050440500442940905,0.956014633,0.00015156256,0.055399917,0.9933195641393444,0.8970187240451658,0.0093945188017845,0.043985367,0.043985367
1072,0.0,0.047547480316386365,0.95968507,0.00010685841,0.033609454,0.9929726981811532,0.9209132441921958,0.0843048218860858,0.0843048218860858,0.04031493
1073,0.0,0.04751824022599026,0.95255486,0.0003381805,0.14636445,0.9935264496832912,0.8078708234795066,0.0194688918154152,0.04744514,0.04744514
1074,0.0,0.04613812016142162,0.95731218,0.000120889934,0.040448938,0.992714090523509,0.9118971559887966,0.0,0.04268782,0.04268782
1075,0.0,0.04608157954387258,0.954059772,0.00019214503,0.07518132,0.99220911808324,0.8754581522294277,0.0,0.045940228,0.045940228
1076,0.0,0.046439152245623276,0.952666916,0.00023767319,0.09737343,0.9920479876635367,0.853064515686066,0.0,0.047333084,0.047333084
1077,0.0,0.04590868474687376,0.955417484,0.0001729568,0.065828264,0.9922212557163734,0.8855812935950998,0.2102611124780421,0.2102611124780421,0.044582516
1078,0.0,0.0463299536763384,0.9526168740000001,0.00015605743,0.057590883,0.9921555607194588,0.8907124438359111,0.0,0.047383126,0.047383126
1079,0.0,0.045775196911670285,0.955611695,0.00012195166,0.04096647,0.9925228037878492,0.9096110785792043,0.0,0.044388305,0.044388305
1080,0.0,0.045881841508335915,0.953851547,0.00015793848,0.05850778,0.9919068327657548,0.8907757917931219,0.0,0.046148453,0.046148453
1081,0.0,0.04686953822023994,0.95066122,0.00018614581,0.07225708,0.9926292483078872,0.8754684400810597,0.0193945188017845,0.04933878,0.04933878
1082,0.0,0.05151464330017139,0.936872594,0.00048011838,0.21555024,0.9925525215582696,0.7294561100441107,0.0193945188017845,0.063127406,0.063127406
1083,0.0,0.0533650057858367,0.942009088,0.00018815306,0.07323549,0.9926529248066984,0.8666064429295482,0.0,0.057990912,0.057990912
1084,0.0,0.054193389847026215,0.94373565,0.00023187617,0.094547756,0.9927384868527916,0.8483025441391904,0.0,0.05626435,0.05626435
1085,0.0,0.05250844703359015,0.95170391,0.00018456684,0.071487434,0.9929996472666078,0.8774830445699309,0.0,0.04829609,0.04829609
1086,0.0,0.051554727881135826,0.95082957,0.00029212853,0.123917006,0.9925761884439358,0.8268215397475212,0.0,0.04917043,0.04917043
1087,0.0,0.050718158772239876,0.951373264,0.00023851176,0.09778219,0.9917868945104616,0.8512962172929265,0.0,0.048626736,0.048626736
1088,0.0,0.04942921912302848,0.95379313,0.00021296866,0.08533154,0.9924282436493114,0.8657988591125932,0.2619553981490825,0.2619553981490825,0.04620687
1089,0.0,0.04835700937359177,0.954323515,0.00040447369,0.1786782,0.9926731530704964,0.7780638753567249,0.0,0.045676485,0.045676485
1090,0.0,0.0467802046954227,0.957161807,8.511367e-05,0.023010261,0.9918659957523192,0.9275308535241438,0.0,0.042838193,0.042838193
1091,0.0,0.04690513021101621,0.9527825560000001,0.00023009667,0.09368036,0.993241585261097,0.8576894793939408,0.0,0.047217444,0.047217444
1092,0.0,0.04700367357929729,0.952749968,0.0001600875,0.05955529,0.9924255479368836,0.8892218926592272,0.0,0.047250032,0.047250032
1093,0.0,0.04624596169949807,0.9556483179999999,0.00013914895,0.049349062,0.9928166291270972,0.9019619638834254,0.0,0.044351682,0.044351682
1094,0.0,0.045680898356784336,0.95573176,0.00016279545,0.060875244,0.9925832395759722,0.8908944325363941,0.0,0.04426824,0.04426824
1095,0.0,0.04506665768341738,0.956468944,0.0002064126,0.08213586,0.9931197811373104,0.8718683417921606,0.0099521531100478,0.043531056,0.043531056
1096,0.0,0.04451456034529813,0.956865683,0.0001592767,0.059160072,0.9931690538622666,0.8941078302146119,0.0,0.043134317,0.043134317
1097,0.0,0.04473823396092724,0.954702582,0.00025132933,0.104029946,0.993027887707728,0.849421084205594,0.0549550673772883,0.0549550673772883,0.045297418
1098,0.0,0.044469576543519455,0.956202067,0.00012002439,0.040027045,0.993315875210716,0.9117925777077909,0.0095722891566265,0.043797933,0.043797933
1099,0.0,0.044517974673942466,0.9553610299999999,0.00013585966,0.047745742,0.9933187444621372,0.9036683591770378,0.0,0.04463897,0.04463897
1100,0.0,0.043781481909958904,0.95805975,8.8298904e-05,0.024562862,0.993552834602178,0.928502010044741,0.0,0.04194025,0.04194025
1101,0.0,0.04349251107854207,0.957229916,8.028149e-05,0.020654876,0.9920052015327028,0.9299636593960664,0.0,0.042770084,0.042770084
1102,0.0,0.04414835362753005,0.95421204,0.00017362834,0.0661556,0.9925245270459814,0.8844242838885746,0.0271377105636775,0.04578796,0.04578796
1103,0.0,0.04361492259109289,0.957718655,0.0001499762,0.054626666,0.9926404577609982,0.898738336019494,0.0,0.042281345,0.042281345
1104,0.0,0.04346506185078064,0.95690959,0.00026504096,0.110713504,0.9927772714038732,0.8448204742105059,0.0,0.04309041,0.04309041
1105,0.0,0.04332462503627189,0.957026467,0.00015104815,0.055149175,0.992492384691725,0.897458506418555,0.0,0.042973533,0.042973533
1106,0.0,0.043942224454479914,0.954513777,0.00021640706,0.08700754,0.993209568743527,0.8655462657881987,0.0,0.045486223,0.045486223
1107,0.0,0.04539764089605708,0.950963818,0.00013891008,0.04923263,0.9929901779789996,0.8978074700927896,0.0,0.049036182,0.049036182
1108,0.0,0.04606079492575506,0.95228132,0.00019683098,0.07746543,0.9928465610590675,0.8722280529806832,0.0,0.04771868,0.04771868
1109,0.0,0.04534107580411076,0.956458222,0.0001302298,0.04500154,0.993154838049934,0.9071636477330903,0.0,0.043541778,0.043541778
1110,0.0,0.045451611288650544,0.95427205,0.00015180015,0.05551573,0.9931469945117504,0.8951183613516995,0.0,0.04572795,0.04572795
1111,0.0,0.04579736920617896,0.953338236,0.00023223058,0.094720505,0.99355100938278,0.8574718357438349,0.0,0.046661764,0.046661764
1112,0.0,0.0455733608615564,0.95498666,0.00027459834,0.11537213,0.9933627376373868,0.8392006038006425,0.0,0.04501334,0.04501334
1113,0.0,0.04554390147254028,0.954529747,0.00015305592,0.05612784,0.9927524451680132,0.8944243401770606,0.0,0.045470253,0.045470253
1114,0.0,0.04577220533752877,0.953657035,0.00021571458,0.08667,0.993418323200655,0.8652709157233882,0.0,0.046342965,0.046342965
1115,0.0,0.044923382098234835,0.957198676,9.967359e-05,0.030107304,0.9931823216744756,0.9220506082389228,0.0,0.042801324,0.042801324
1116,0.0,0.04521592435588202,0.95405272,0.00020336421,0.080649965,0.992407563473902,0.8704490116587681,0.0,0.04594728,0.04594728
1117,0.0,0.04457316453991573,0.957033735,0.00013721552,0.04840664,0.9937267003955776,0.9049938099883651,0.0,0.042966265,0.042966265
1118,0.0,0.04425711752851123,0.956533,0.00018935038,0.07381911,0.9935634782279864,0.8802203252460616,0.0,0.043467,0.043467
1119,0.0,0.04433185480607946,0.955481302,0.00014126742,0.050381683,0.9939130655459092,0.9018196113257237,0.0,0.044518698,0.044518698
1120,0.0,0.04510945914719961,0.95294653,0.00014170878,0.05059682,0.9934784194741174,0.8988301933640404,0.0093945188017845,0.04705347,0.04705347
1121,0.0,0.046113365962285435,0.951376867,0.00023201127,0.09461361,0.9940821827789058,0.8562662743995986,0.0553283276597976,0.0553283276597976,0.048623133
1122,0.0,0.044769499973061025,0.958590165,0.0001445917,0.05200206,0.9935668031326736,0.9028953887421582,0.0662026061348048,0.0662026061348048,0.041409835
1123,0.0,0.0450977714093293,0.95408155,0.00014415733,0.05179033,0.993066974816553,0.8983972562807081,0.0194688918154152,0.04591845,0.04591845
1124,0.0,0.045945286720949496,0.951935925,0.00025694768,0.10676854,0.9928036335464204,0.8441800520794879,0.0,0.048064075,0.048064075
1125,0.0,0.04602981251496393,0.953758873,0.00019106729,0.07465599,0.993327689656224,0.8766663788583442,0.0,0.046241127,0.046241127
1126,0.0,0.04562905893925995,0.955372825,0.00012556608,0.042728264,0.9928772155046328,0.9080372501634997,0.0,0.044627175,0.044627175
1127,0.0,0.04498820124232854,0.956613943,0.0001947763,0.0764639,0.9935531878522924,0.8777719610474709,0.0,0.043386057,0.043386057
1128,0.0,0.045349889458806095,0.95374589,0.00021385236,0.08576228,0.9929100068247816,0.8657683450661976,0.0,0.04625411,0.04625411
1129,0.0,0.04634743361343292,0.951158706,0.0002504419,0.10359738,0.9930130614447508,0.846663944465674,0.0,0.048841294,0.048841294
1130,0.0,0.04877067058102352,0.945171237,0.00025770906,0.10713967,0.9935093752705706,0.8384284260537679,0.0,0.054828763,0.054828763
1131,0.0,0.056048026129302514,0.925758585,0.0005243353,0.23710322,0.9936477742446552,0.7017719317492289,0.0,0.074241415,0.074241415
1132,0.0,0.056051295806644655,0.94394053,0.0002007475,0.079374485,0.9932408122269292,0.8631418960194562,0.0,0.05605947,0.05605947
1133,0.0,0.05786652957617475,0.937595386,0.00041473293,0.18367894,0.9933365116960045,0.7602787662732208,0.1268872932387842,0.1268872932387842,0.062404614
1134,0.0,0.05811463826869625,0.94126509,0.00037676535,0.16517213,0.9933104734130124,0.7805377381263479,0.0,0.05873491,0.05873491
1135,0.0,0.05595525533478304,0.949443202,0.00024815524,0.10248278,0.992590578488767,0.8458277467333319,0.0,0.050556798,0.050556798
1136,0.0,0.05454748152484502,0.948971953,0.00025661904,0.106608346,0.9921504127002372,0.8411487141409177,0.0,0.051028047,0.051028047
1137,0.0,0.05415721908917502,0.946818437,0.00014276714,0.0511127,0.9932782715810028,0.8923850282074087,0.0,0.053181563,0.053181563
1138,0.0,0.05408867820655359,0.946082674,0.00025916853,0.107851066,0.9943580267660282,0.8392845604826086,0.0,0.053917326,0.053917326
1139,0.0,0.05702482443325256,0.93563481,0.00029165574,0.123686545,0.9933756525768528,0.8144780084273248,0.0,0.06436519,0.06436519
1140,0.0,0.05778594830946611,0.940311242,0.00024008992,0.098551445,0.9940254959689414,0.842577968548517,0.0,0.059688758,0.059688758
1141,0.0,0.05552277879247579,0.950135145,0.00028403758,0.119973175,0.99250089242218,0.8298740780567717,0.0,0.049864855,0.049864855
1142,0.0,0.05316834370891128,0.952717744,0.0002980655,0.12681091,0.9931943602347384,0.8262411095426498,0.0,0.047282256,0.047282256
1143,0.0,0.05117029322065091,0.953824833,0.00024150792,0.09924263,0.9933902841539471,0.8534859131644525,0.0,0.046175167,0.046175167
1144,0.0,0.04867462001475065,0.957564563,0.00013097737,0.04536593,0.9930291918203838,0.9077515747085058,0.0,0.042435437,0.042435437
1145,0.0,0.04730853058196475,0.956106693,0.00017482982,0.06674124,0.9923547376091502,0.8854731177390478,0.0277241526736631,0.043893307,0.043893307
1146,0.0,0.046386788415689106,0.955917567,0.00014618189,0.05277718,0.993645362299313,0.8997130191889262,0.0097463768115942,0.044082433,0.044082433
1147,0.0,0.04565759086834936,0.956165403,0.00015439227,0.056779224,0.993065045816408,0.895620611088646,0.0,0.043834597,0.043834597
1148,0.0,0.046640606334535255,0.950901855,0.00024305053,0.099994555,0.9936274573327736,0.8503631177867383,0.0,0.049098145,0.049098145
1149,0.0,0.04657854252466804,0.953576617,0.00036256498,0.15825035,0.9935836116991972,0.7975225233498192,0.0,0.046423383,0.046423383
1150,0.0,0.0456086980890486,0.956815913,0.00013451034,0.04708803,0.9935859323353796,0.9059132376773429,0.0,0.043184087,0.043184087
1151,0.0,0.04474741977789186,0.957405776,0.00015616408,0.05764287,0.9934122425335024,0.896274564901334,0.0,0.042594224,0.042594224
1152,0.0,0.04438835812706561,0.956509296,0.0002625998,0.10952359,0.993451553440272,0.846171331460429,0.0,0.043490704,0.043490704
1153,0.0,0.044151812947904004,0.95643955,0.00016101958,0.060009617,0.9928592718534172,0.8926241502755519,0.0,0.04356045,0.04356045
1154,0.0,0.04496083210564572,0.95301662,0.00020197492,0.079972774,0.9928915720207478,0.8705685587835239,0.0,0.04698338,0.04698338
1155,0.0,0.044471584932604086,0.956751533,0.00012598568,0.042932793,0.9935591502146218,0.909777789021033,0.1461711211206614,0.1461711211206614,0.043248467
1156,0.0,0.044104074951860056,0.9568147,0.00014321019,0.05132866,0.9933797758465382,0.901693488350695,0.0,0.0431853,0.0431853
1157,0.0,0.043601850108471465,0.957653712,0.00010386709,0.03215137,0.993258365095722,0.9206152556043784,0.0,0.042346288,0.042346288
1158,0.0,0.04313407293462247,0.9580353699999999,0.00021214905,0.08493203,0.9924760781316088,0.8700715035808846,0.0,0.04196463,0.04196463
1159,0.0,0.043339094381873194,0.956148352,0.0001400582,0.049792264,0.9941065607170438,0.9031851380961119,0.0,0.043851648,0.043851648
1160,0.0,0.04350177198705228,0.956091534,0.00022248364,0.089969486,0.9937744318127616,0.8646557746265157,0.0,0.043908466,0.043908466
1161,0.0,0.04375756284789449,0.95560296,0.00013444274,0.047055084,0.9936920771692124,0.9048927546344172,0.0,0.04439704,0.04439704
1162,0.0,0.044538931462781775,0.953507647,0.00025589543,0.106255636,0.9933480049168424,0.8465233079742526,0.0,0.046492353,0.046492353
1163,0.0,0.04447343818770127,0.955690295,0.00011297156,0.03658923,0.9931527230026804,0.9144178822043664,0.0,0.044309705,0.044309705
1164,0.0,0.04454960384835805,0.955259982,0.0001992425,0.07864089,0.9928567102036246,0.8738504097050264,0.0,0.044740018,0.044740018
1165,0.0,0.04523029617739861,0.953067973,0.00010987464,0.035079677,0.9939407372626335,0.9140623483429143,0.0,0.046932027,0.046932027
1166,0.0,0.04811475526957044,0.944674097,0.0002443745,0.10063991,0.9940819274720488,0.8445741735721255,0.0280189102990033,0.055325903,0.055325903
1167,0.0,0.04866451662112174,0.94996108,0.00015529637,0.05721991,0.9933433908712932,0.8896427041240792,0.0785511527511995,0.0785511527511995,0.05003892
1168,0.0,0.04912707358651553,0.949716534,0.00020193357,0.07995262,0.9932129538920572,0.8678537951355279,0.0,0.050283466,0.050283466
1169,0.0,0.0510723685617968,0.944064394,0.00022728246,0.09230861,0.993483348354418,0.851334878632599,0.0093945188017845,0.055935606,0.055935606
1170,0.0,0.05177270240128343,0.946476463,0.00014644973,0.052907735,0.9940151914039924,0.8910357514718857,0.1708640802400929,0.1708640802400929,0.053523537
1171,0.0,0.054470885429488164,0.938783657,0.00022442572,0.09091613,0.993860327848742,0.8481932806840846,0.0585708635814752,0.061216343,0.061216343
1172,0.0,0.06034420102106297,0.92497251,0.00037093394,0.16232969,0.9934661553103484,0.7697594425229861,0.01,0.07502749,0.07502749
1173,0.0,0.06881326358647355,0.9100140800000001,0.00032312365,0.13902518,0.994333326000615,0.7790593741308423,0.01,0.08998592,0.08998592
1174,0.0,0.08141397684748111,0.88708424,0.0004736757,0.21240984,0.9937590796481994,0.6942985444756427,0.0,0.11291576,0.11291576
1175,0.0,0.09766724060534365,0.8616996,0.0008587085,0.40008914,0.9939327963322152,0.5138065499469224,0.0,0.1383004,0.1383004
1176,0.0,0.09089606757524547,0.926031865,0.00022622342,0.0917924,0.9932839397156772,0.8353807749773018,0.0,0.073968135,0.073968135
1177,0.0,0.08017393112517535,0.94663141,0.0002174792,0.087530136,0.9929378073462972,0.8576725051909417,0.0,0.05336859,0.05336859
1178,0.0,0.07105509080369668,0.95174201,0.00022024859,0.08888004,0.9930331438269112,0.861109824794308,0.0,0.04825799,0.04825799
1179,0.0,0.06431546828835477,0.952533588,0.00021269618,0.085198715,0.9928346840804017,0.8651352448434153,0.0,0.047466412,0.047466412
1180,0.0,0.059475639063110555,0.952623934,0.00026269557,0.10957028,0.9922808768460591,0.8416969577999617,0.0,0.047376066,0.047376066
1181,0.0,0.054841670759364684,0.95674325,0.00012417654,0.042050954,0.9929504979337848,0.9100503354169605,0.0585983908303461,0.0585983908303461,0.04325675
1182,0.0,0.05193165711383192,0.955343377,0.00025636124,0.106482685,0.9926104739635646,0.8473080325778861,0.0,0.044656623,0.044656623
1183,0.0,0.05085531793845137,0.95183553,0.00020409038,0.08100393,0.9921185318979364,0.8678389302413929,0.0,0.04816447,0.04816447
1184,0.0,0.0494424139560367,0.954089846,0.0001738079,0.06624312,0.9917390902514532,0.8835284128248518,0.01,0.045910154,0.045910154
1185,0.0,0.04850274711145478,0.95384642,0.0001983517,0.07820668,0.9919268210408876,0.8721509216502991,0.0,0.04615358,0.04615358
1186,0.0,0.047841525079610564,0.95381153,0.00015686278,0.05798344,0.989983729985658,0.8895065751054697,0.0,0.04618847,0.04618847
1187,0.0,0.04708213562829326,0.954816338,0.000120947894,0.04047719,0.9908454821072192,0.9077809788132293,0.0,0.045183662,0.045183662
1188,0.0,0.04667785916306661,0.954332832,0.00017120669,0.064975195,0.992165171125926,0.8853336574882242,0.0,0.045667168,0.045667168
1189,0.0,0.04832863654504758,0.94754442,0.0003690038,0.16138886,0.9924398737192978,0.7886138688362007,0.0,0.05245558,0.05245558
1190,0.0,0.0491418783893197,0.948825017,0.00030635938,0.13085365,0.9925768400559112,0.8185461593317656,0.0,0.051174983,0.051174983
1191,0.0,0.048592173992371215,0.952782087,0.00014592585,0.052652374,0.9922576143998548,0.8956274482690946,0.0,0.047217913,0.047217913
1192,0.0,0.048739294851693725,0.950892903,0.00018451085,0.071460135,0.9923009821549568,0.8761441818149939,0.0855585942805906,0.0855585942805906,0.049107097
1193,0.0,0.047498257179781234,0.955604337,0.00018818332,0.073250234,0.993110532140457,0.8795047409707716,0.0097463768115942,0.044395663,0.044395663
1194,0.0,0.04657937684270088,0.955717824,0.00020616569,0.08201551,0.993301743424029,0.8714575300810044,0.0,0.044282176,0.044282176
1195,0.0,0.046806724601929195,0.952624906,0.00039953503,0.17627092,0.992955384025098,0.7791768931713041,0.0,0.047375094,0.047375094
1196,0.0,0.04638521271566371,0.954668567,0.00018069622,0.069600746,0.9922120421280548,0.881305479852302,0.0861349071746551,0.0861349071746551,0.045331433
1197,0.0,0.04595540051118837,0.95511913,0.00018471174,0.07155806,0.991962356062845,0.8796450951101977,0.213419357827753,0.213419357827753,0.04488087
1198,0.0,0.047397750079420264,0.948996376,0.00025866274,0.107604526,0.9920320782588188,0.8401321966566229,0.0,0.051003624,0.051003624
1199,0.0,0.047037440342443046,0.953863334,0.00013452314,0.04709427,0.9918323481305462,0.9015179161145281,0.0,0.046136666,0.046136666
1200,0.0,0.04597702195888789,0.956674024,0.0001322062,0.045964908,0.9921720906187698,0.9055560529862143,0.0,0.043325976,0.043325976
1201,0.0,0.04591188797063421,0.954250947,0.00028490918,0.12039802,0.992776514084315,0.8332979098746076,0.0099521531100478,0.045749053,0.045749053
1202,0.0,0.04530606369331015,0.956208497,0.000121679266,0.040833693,0.993177179333382,0.9109053343041056,0.0,0.043791503,0.043791503
1203,0.0,0.04506156549522154,0.95554968,0.00010850394,0.034411546,0.9934138403181484,0.9165909011741099,0.0099521531100478,0.04445032,0.04445032
1204,0.0,0.04408309249658682,0.95836309,0.00010169473,0.031092485,0.9931845158134512,0.9222365785628445,0.0099521531100478,0.04163691,0.04163691
1205,0.0,0.04439508435470487,0.954824936,0.00021016537,0.0839651,0.9938803383266008,0.8693003845402613,0.0099521531100478,0.045175064,0.045175064
1206,0.0,0.043718152539074906,0.957974177,5.9983417e-05,0.010760841,0.9931391764988328,0.9411638029907883,0.2817038335197277,0.2817038335197277,0.042025823
1207,0.0,0.04426646495648207,0.954362754,0.00014846216,0.053888667,0.9933235624601598,0.8969050387889028,0.1952633409883143,0.1952633409883143,0.045637246
1208,0.0,0.043501314968915766,0.95841156,0.000114267095,0.03722072,0.9925138924283888,0.9158310698254584,0.0,0.04158844,0.04158844
1209,0.0,0.04341246012065412,0.956809677,0.000116878,0.038493372,0.9936199530301876,0.9141093379202404,0.0,0.043190323,0.043190323
1210,0.0,0.043650121229038656,0.955755726,0.00011481135,0.037486013,0.9941150971802786,0.9145145660519012,0.0,0.044244274,0.044244274
1211,0.0,0.04411790373502761,0.95471264,0.0002191835,0.088360876,0.9933781247456838,0.8645900231937823,0.0,0.04528736,0.04528736
1212,0.0,0.04353909695359115,0.95790792,0.00017835198,0.06845808,0.9935827810600816,0.8866050971284636,0.0,0.04209208,0.04209208
1213,0.0,0.043995341538279394,0.954864047,0.00020595042,0.08191058,0.9942846250363272,0.8716401923174678,0.0,0.045135953,0.045135953
1214,0.0,0.043864342813056706,0.956463154,0.00018411675,0.071268044,0.9936999569979444,0.8827015809138189,0.0192854864433811,0.043536846,0.043536846
1215,0.0,0.04429719058075479,0.95462069,0.0002827602,0.11935052,0.9935103315637276,0.8352304394563412,0.0,0.04537931,0.04537931
1216,0.0,0.04376833184339628,0.957553815,0.00015681481,0.05796006,0.9935534682011048,0.8962388190309675,0.0551583326111097,0.0551583326111097,0.042446185
1217,0.0,0.04544242931671162,0.950372327,0.00029237496,0.12403712,0.9937812761073253,0.8273138497014064,0.0095764705882352,0.049627673,0.049627673
1218,1.0,0.04572425236907973,0.95357119,0.00025362198,0.10514747,0.9944406537588124,0.8485617706716604,0.0,0.04642881,0.04642881
1219,1.0,0.04566004683505695,0.954500467,0.0002330172,0.095103934,0.9930151924229176,0.8576907736163801,0.0,0.045499533,0.045499533
1220,1.0,0.0447953877393264,0.95736626,0.0001460732,0.0527242,0.993436041275956,0.9009371020303815,0.0098311588641596,0.04263374,0.04263374
1221,1.0,0.04469009581380457,0.955573134,0.00012127713,0.040637672,0.992213349318492,0.90960252551631,0.0,0.044426866,0.044426866
1222,1.0,0.044198599867003266,0.95703014,0.00020772922,0.082777634,0.9934764053188656,0.8720829762893204,0.0,0.04296986,0.04296986
1223,1.0,0.04466303047643091,0.9541758929999999,0.00015755078,0.058318797,0.9938282232171122,0.8929839792697565,0.0093945188017845,0.045824107,0.045824107
1224,1.0,0.044850976054593504,0.95467916,0.00024899465,0.10289194,0.9926682088204538,0.8501710538877764,0.1129171142138591,0.1129171142138591,0.04532084
1225,1.0,0.04465436775328108,0.955837153,0.000101355094,0.030926932,0.9930673248110496,0.919854471429065,0.0,0.044162847,0.044162847
1226,1.0,0.045469277538057906,0.952493448,0.00020598907,0.08192942,0.9939191466056072,0.869138772225042,0.0,0.047506552,0.047506552
1227,1.0,0.04548334595575565,0.954481483,0.00013546758,0.047554623,0.9923542189673876,0.9021407615519902,0.0,0.045518517,0.045518517
1228,1.0,0.04553454996839689,0.95433744,0.00012721684,0.04353291,0.9928028013280068,0.9062228061960087,0.0,0.04566256,0.04566256
1229,1.0,0.045716081405997776,0.95383009,0.000202725,0.080338396,0.9928898613593448,0.8709638904234088,0.0,0.04616991,0.04616991
1230,1.0,0.04522404671856983,0.95600604,8.747265e-05,0.024160113,0.9926508090395868,0.9260527009336585,0.0,0.04399396,0.04399396
1231,1.0,0.04530705622754988,0.95448542,0.00021412304,0.08589422,0.9932701889292967,0.8666288748858496,0.0,0.04551458,0.04551458
1232,1.0,0.046494721019678484,0.950536117,0.00030050808,0.12800151,0.9925287917176334,0.8226734277516232,0.01,0.049463883,0.049463883
1233,1.0,0.04678272244262749,0.952497274,0.0002317943,0.09450785,0.99258974991303,0.8560876208673178,0.0098311588641596,0.047502726,0.047502726
1234,1.0,0.04745041431616249,0.950880356,0.00022118779,0.08933784,0.9926033304470052,0.8595257552171973,0.0,0.049119644,0.049119644
1235,1.0,0.04820794736868749,0.94989822,0.00011547007,0.0378071,0.9947806182638356,0.9092148847046149,0.0,0.05010178,0.05010178
1236,1.0,0.04750002526334821,0.95426978,0.0001341179,0.04689674,0.9928744371616312,0.9030368131536167,0.0,0.04573022,0.04573022
1237,1.0,0.04685767233096301,0.95474821,0.00026867993,0.11248727,0.9923346025039184,0.8408559066271347,0.0,0.04525179,0.04525179
1238,1.0,0.046652511664973584,0.95386039,0.00019482299,0.07648666,0.9927882729898548,0.874549964185022,0.0,0.04613961,0.04613961
1239,1.0,0.0471610560464097,0.951567583,0.00024220944,0.09958458,0.9933463557716106,0.8511052417775048,0.0693499847350726,0.0693499847350726,0.048432417
1240,1.0,0.04698318003314979,0.95346151,0.00036459652,0.15924059,0.993566702269643,0.796474600973624,0.01,0.04653849,0.04653849
1241,1.0,0.04665733716653556,0.9541572700000001,0.00022821216,0.09276178,0.9922304520139744,0.8589222500008918,0.01,0.04584273,0.04584273
1242,1.0,0.04668664826181112,0.953240074,0.00020618318,0.08202404,0.9934460063750254,0.8693163902713422,0.0,0.046759926,0.046759926
1243,1.0,0.04555212732986509,0.957284175,0.00011706918,0.038586564,0.9935005224646356,0.9143641006218951,0.0935249221607571,0.0935249221607571,0.042715825
1244,1.0,0.045003610092760785,0.956367683,0.00018297728,0.07071262,0.993285282311773,0.8827727774437203,0.0195722891566265,0.043632317,0.043632317
1245,1.0,0.04560160720911485,0.9529034,0.0003286436,0.14171581,0.993638718003633,0.8126592724921146,0.0,0.0470966,0.0470966
1246,1.0,0.045287138292224895,0.955499034,0.00022301904,0.090230465,0.9936451682297776,0.863759758834729,0.0,0.044500966,0.044500966
1247,1.0,0.04442950735158921,0.95771457,0.00018332644,0.07088281,0.9936852088160129,0.8842099853333326,0.0,0.04228543,0.04228543
1248,1.0,0.044083300108278003,0.956782218,0.00016681752,0.06283575,0.99341943279937,0.8907615446074801,0.0,0.043217782,0.043217782
1249,1.0,0.044022617220198575,0.95612909,0.00012368438,0.041811056,0.9935860853998822,0.9102762003138799,0.0,0.04387091,0.04387091
1250,1.0,0.04342683801442755,0.95806261,6.802317e-05,0.014679714,0.9940881774694522,0.9384177731428514,0.0,0.04193739,0.04193739
1251,1.0,0.04268336258173396,0.959175326,9.295823e-05,0.02683399,0.9935426283266088,0.9274092763818993,0.0,0.040824674,0.040824674
1252,1.0,0.043303124701238545,0.95514747,0.00020184701,0.07991043,0.994379578989966,0.8738818796820652,0.0,0.04485253,0.04485253
1253,1.0,0.04321534050088467,0.95700412,0.0001819436,0.070208766,0.9937937988347768,0.8842916767355908,0.0,0.04299588,0.04299588
1254,1.0,0.04423881321491763,0.953202505,0.00022902209,0.09315657,0.9932823597771248,0.858598664439272,0.4530018796393167,0.4530018796393167,0.046797495
1255,1.0,0.044690672296369735,0.95417968,0.00023791309,0.09749038,0.9933957913950348,0.8554690842949753,0.0,0.04582032,0.04582032
1256,1.0,0.04454438592597838,0.95582133,0.00013705257,0.04832721,0.994413101967971,0.9045471465441932,0.0,0.04417867,0.04417867
1257,1.0,0.045078488804270275,0.953586254,0.00019726968,0.07767926,0.9931648659819854,0.8735007944591113,0.0,0.046413746,0.046413746
1258,1.0,0.04504174286019305,0.9550501220000001,0.00019194817,0.075085364,0.9926674853268164,0.8768627336428645,0.0,0.044949878,0.044949878
1259,1.0,0.04509250775728075,0.95478058,0.0001680036,0.06341389,0.992445948011741,0.8874791374677364,0.0,0.04521942,0.04521942
1260,1.0,0.04477595296948625,0.956015434,0.00016918805,0.06399123,0.9925983346806704,0.8882155329414076,0.0,0.043984566,0.043984566
1261,1.0,0.045060564692490174,0.954227906,0.00018665809,0.07250678,0.991878947130875,0.8778524572238219,0.0,0.045772094,0.045772094
1262,1.0,0.0459310593517787,0.951892704,0.0002424661,0.09970968,0.9920515392018792,0.8501681168473598,0.0,0.048107296,0.048107296
1263,1.0,0.04594802867984193,0.954009548,0.00020825738,0.08303508,0.9915563119023514,0.8674068071799971,0.0093945188017845,0.045990452,0.045990452
1264,1.0,0.046897182485601374,0.950729933,0.00019462906,0.07639213,0.9913899032233942,0.870541108191267,0.01,0.049270067,0.049270067
1265,1.0,0.049965846061143834,0.942362495,0.00033797798,0.14626573,0.992161570926126,0.7982209276880587,0.0281797262195162,0.057637505,0.057637505
1266,1.0,0.06380882147224559,0.90158374,0.0005659752,0.25740004,0.9928094320822096,0.6647018486363909,0.0098966026587887,0.09841626,0.09841626
1267,1.0,0.627319326309624,0.79358578,0.0007077685,0.32651538,0.9931464931843148,0.5308048386508352,0.0,0.20641422,0.20641422
1268,1.0,0.7712374673640172,0.81149453,0.00073713163,0.34082806,0.9936931621426282,0.5315408051020245,0.0199020807833537,0.18850547,0.18850547
1269,1.0,0.95,0.544668,0.0009985131,0.46823508,0.9936714507037296,0.28780236394824465,0.0198311588641596,0.544668,0.544668
1270,1.0,0.95,0.57495666,0.0010408773,0.488885,0.9937116525535328,0.29202102306820454,0.0,0.57495666,0.57495666
1271,1.0,0.95,0.7123857,0.0007987523,0.37086424,0.9937260488134776,0.4453754134221714,0.1546014715227604,0.7123857,0.7123857
1272,1.0,0.95,0.72529954,0.0009147147,0.42738864,0.99351224046704,0.41262029373931247,0.0,0.72529954,0.72529954
1273,1.0,0.95,0.7468893,0.0007356435,0.34010267,0.9939507254502368,0.48988874738641486,0.0,0.7468893,0.7468893
1274,1.0,0.95,0.75407165,0.00044965453,0.20070103,0.9936088041582772,0.5988765360338455,0.0,0.75407165,0.75407165
1275,1.0,0.95,0.7532188,0.00085716165,0.39933515,0.9936331071474744,0.44955147108590765,0.0,0.7532188,0.7532188
1276,1.0,0.95,0.7064267,0.00073106476,0.33787084,0.9936575168807744,0.46477904815541216,0.0,0.7064267,0.7064267
1277,1.0,0.95,0.7749512000000001,0.0008262098,0.38424805,0.9928798731947258,0.47378014673279883,0.0,0.2250488,0.2250488
1278,1.0,0.95,0.940977022,0.00027711407,0.11659839,0.99287360150337,0.8253367218021543,0.02,0.059022978,0.059022978
1279,1.0,0.95,0.95016044,0.00016758796,0.06321129,0.991858551118844,0.8828528727088859,0.01,0.04983956,0.04983956
1280,1.0,0.95,0.951910887,0.00031860135,0.13682084,0.9921449490112656,0.815215382918712,0.02,0.048089113,0.048089113
1281,1.0,0.95,0.95754327,0.00017260361,0.06565611,0.9933998667359992,0.888769731462538,0.0,0.04245673,0.04245673
1282,1.0,0.8356232037668672,0.959025286,0.00012690896,0.043382835,0.9933675294381662,0.9113352887804711,0.0,0.040974714,0.040974714
1283,1.0,0.6737232941191909,0.95517108,0.00010513264,0.03276825,0.992993147093008,0.9173983614835,0.0,0.04482892,0.04482892
1284,1.0,0.09299794891895129,0.955225218,0.00018680353,0.07257768,0.9930514805384804,0.8797415139497314,0.0,0.044774782,0.044774782
1285,1.0,0.07912766722782234,0.955548037,0.00023104729,0.09414373,0.99353051124574,0.8599892611329241,0.0099521531100478,0.044451963,0.044451963
1286,1.0,0.06910362059130168,0.955956496,0.00013332412,0.046509825,0.9935707391976648,0.9056348867740501,0.0,0.044043504,0.044043504
1287,1.0,0.06152147470807262,0.95743389,0.00012974149,0.044763513,0.993795873018174,0.9089016413098648,0.0,0.04256611,0.04256611
1288,1.0,0.05684810336290902,0.954835325,0.00014517595,0.052286845,0.9941965077943988,0.8996583602389405,0.0,0.045164675,0.045164675
1289,1.0,0.05276048525922073,0.95745856,0.00013200194,0.045865342,0.9934692302536576,0.9075782475934284,0.0761398230764305,0.0761398230764305,0.04254144
1290,1.0,0.04959601804230052,0.95831515,0.00011781633,0.038950752,0.9926157911906855,0.9141872861510077,0.0291613302525169,0.04168485,0.04168485
1291,1.0,0.04810278031592895,0.955630314,0.0001388902,0.04922294,0.9931529152293442,0.902370178188367,0.0,0.044369686,0.044369686
1292,1.0,0.04674319965423496,0.956655752,0.00012397238,0.041951437,0.9928478393581108,0.909967551132316,0.0,0.043344248,0.043344248
1293,1.0,0.04714922832445354,0.9518357,0.00017326609,0.065979026,0.9931736470643514,0.8829656442811101,0.0,0.0481643,0.0481643
1294,1.0,0.04694658023175253,0.9535600399999999,0.00023099867,0.09412003,0.9927137408596318,0.8575169900681522,0.0,0.04643996,0.04643996
1295,1.0,0.04684840102268038,0.9533970469999999,0.00017829154,0.06842861,0.9917129403174564,0.8807971988124974,0.0,0.046602953,0.046602953
1296,1.0,0.04720404358762885,0.95190685,0.00020157832,0.07977946,0.9919922688298264,0.8689497494238345,0.0,0.04809315,0.04809315
1297,1.0,0.04706705313402061,0.953275423,0.00015421645,0.056693524,0.9922978778495428,0.8923048938488743,0.0,0.046724577,0.046724577
1298,1.0,0.04669086166715758,0.954249617,8.524266e-05,0.023073135,0.992088959261891,0.9248571607475042,0.0093945188017845,0.045750383,0.045750383
1299,1.0,0.0472099460479697,0.951492343,0.00014809167,0.053708076,0.992271221034588,0.8934306083464352,0.0947285750639162,0.0947285750639162,0.048507657
1300,1.0,0.04756524889140693,0.951546494,0.00025124688,0.10398976,0.992088334147707,0.845849952528633,0.0,0.048453506,0.048453506
1301,1.0,0.04848301006529066,0.949222587,0.00020405967,0.08098896,0.9917261057949112,0.8651283380510665,0.0,0.050777413,0.050777413
1302,1.0,0.048427998618064766,0.95170953,0.00016706482,0.062956296,0.9916731581341502,0.8843676003119466,0.0,0.04829047,0.04829047
1303,1.0,0.049974675298617696,0.946158633,0.00031069855,0.13296872,0.9921219422927662,0.8138863728616765,0.0,0.053841367,0.053841367
1304,1.0,0.0476983923561555,0.957992315,0.00010591542,0.0331498,0.9928563296298272,0.9196183433925874,0.0,0.042007685,0.042007685
1305,1.0,0.046909033397253934,0.955064364,0.00013908534,0.049318057,0.992784820840978,0.9014113335453822,0.0,0.044935636,0.044935636
1306,1.0,0.04667183242660995,0.95392117,0.00020047219,0.07924029,0.9937463719120524,0.8728394170615896,0.0,0.04607883,0.04607883
1307,1.0,0.04636329173329282,0.95440806,0.00017315094,0.06592289,0.994346307426337,0.886450507968527,0.0,0.04559194,0.04559194
1308,1.0,0.046846407238066295,0.951945804,0.00034339965,0.14890845,0.9933579978008196,0.8048117259563826,0.0,0.048054196,0.048054196
1309,1.0,0.047042797455761634,0.9524662269999999,0.000120947094,0.040476803,0.9936650238367352,0.9081238193131664,0.0183839762258543,0.047533773,0.047533773
1310,1.0,0.04873729532554402,0.94702646,0.0003480328,0.15116683,0.9931700967015524,0.7983771350163607,0.0674005727904054,0.0674005727904054,0.05297354
1311,1.0,0.0481983660896743,0.953148957,0.00018571754,0.07204832,0.9924764106423398,0.8778217403940037,0.0,0.046851043,0.046851043
1312,1.0,0.047664629492624504,0.953669712,0.00019489406,0.0765213,0.9927477310565446,0.8743066385454682,0.0,0.046330288,0.046330288
1313,1.0,0.04766092163758893,0.952348348,0.000209387,0.083585694,0.9920659792582134,0.8658212683100677,0.0,0.047651652,0.047651652
1314,1.0,0.046807352598277806,0.95532657,0.00012941605,0.044604883,0.9927971010013747,0.9061401509118893,0.0970445370607343,0.0970445370607343,0.04467343
1315,1.0,0.047225380427341285,0.95172955,0.00021639373,0.08700104,0.9926518719039364,0.8625430944444472,0.048579177144164,0.048579177144164,0.04827045
1316,1.0,0.04837264316238663,0.9487592,0.00036526806,0.15956792,0.9918558211665034,0.7908737629919128,0.0,0.0512408,0.0512408
1317,1.0,0.05005544883027616,0.945737537,0.00023882069,0.09793277,0.992365005258358,0.8466052824488606,0.01,0.054262463,0.054262463
1318,0.0,0.05036864973591154,0.948848348,0.00017991429,0.069219604,0.992201197311708,0.8762817768839537,0.0,0.051151652,0.051151652
1319,0.0,0.05039199923993681,0.949549627,0.00018656728,0.07246252,0.991604575916141,0.8733486582754614,0.0,0.050450373,0.050450373
1320,0.0,0.04922589802852629,0.953689355,0.00037316483,0.1634171,0.9920061971882724,0.7914624290205591,0.0,0.046310645,0.046310645
1321,0.0,0.04848706602037592,0.953360014,0.000265717,0.11104304,0.9924351223752302,0.8410848161534966,0.0,0.046639986,0.046639986
1322,0.0,0.047557186014554234,0.954767514,0.00021420064,0.085932046,0.9923538998042588,0.8660494652454146,0.0,0.045232486,0.045232486
1323,0.0,0.04581591201039588,0.958537273,0.00010595262,0.03316794,0.9931924079847146,0.9204356673320185,0.0,0.041462727,0.041462727
1324,0.0,0.04647496286456849,0.95187741,0.00026288067,0.1096605,0.993620297266632,0.8420872971269483,0.0,0.04812259,0.04812259
1325,0.0,0.04714502347469178,0.951179825,0.00024890612,0.10284878,0.9933296442764248,0.8476599781039398,0.01,0.048820175,0.048820175
1326,0.0,0.04609305962477984,0.95653685,0.00017214268,0.06543143,0.9931191707069006,0.8877981636915678,0.01,0.04346315,0.04346315
1327,0.0,0.04665803116055703,0.95192954,0.00020634597,0.08210339,0.9931354376996931,0.8677748292321074,0.0099521531100478,0.04807046,0.04807046
1328,0.0,0.046936059400397884,0.95236887,0.00022322351,0.09033013,0.9943939203658336,0.8614844880364617,0.0,0.04763113,0.04763113
1329,0.0,0.04604951528599849,0.956166845,0.0002139262,0.08579828,0.992317215968098,0.867413627107239,0.0,0.043833155,0.043833155
1330,0.0,0.046614488918570354,0.951973077,0.00028231504,0.11913355,0.9935568749712036,0.8331581905321197,0.0,0.048026923,0.048026923
1331,0.0,0.04588898808469311,0.955924764,0.00020702004,0.08243196,0.9936426510231522,0.8715498159354097,0.0,0.044075236,0.044075236
1332,0.0,0.045676798346209364,0.954853676,0.00023133087,0.09428196,0.9931599384365478,0.8589127217842971,0.0,0.045146324,0.045146324
1333,0.0,0.04504193739014955,0.956545215,0.00021108694,0.08441431,0.993497749781205,0.870104445732856,0.0,0.043454785,0.043454785
1334,0.0,0.045271296992963964,0.954155304,0.00011879719,0.03942886,0.9933310477054182,0.9104217262571856,0.0099521531100478,0.045844696,0.045844696
1335,0.0,0.04515049499497426,0.95515151,0.00015071736,0.054987933,0.9942667377639648,0.8974546899752948,0.0099521531100478,0.04484849,0.04484849
1336,0.0,0.044900551853553045,0.955724306,0.00014486577,0.052135654,0.9929613045216396,0.8995206611856147,0.0,0.044275694,0.044275694
1337,0.0,0.044559748466823604,0.95629226,0.00015612559,0.05762411,0.9937911174480024,0.8955914068076415,0.0645273565339148,0.0645273565339148,0.04370774
1338,0.0,0.04518368519058829,0.953256473,0.00014228787,0.050879087,0.9929507402396618,0.8983777963524019,0.0095722891566265,0.046743527,0.046743527
1339,0.0,0.04555895913613449,0.953502856,0.00016145276,0.060220767,0.9937329568456756,0.8904663969663441,0.0,0.046497144,0.046497144
1340,0.0,0.04452411652581035,0.95806299,7.369684e-05,0.017445274,0.9937499202530372,0.935465810319003,0.0,0.04193701,0.04193701
1341,0.0,0.044346254661293105,0.9560984,0.00011829988,0.03918645,0.9940059997985142,0.9131260156748959,0.0,0.0439016,0.0439016
1342,0.0,0.04359377332949508,0.95828743,0.00018930149,0.073795274,0.9940323319188294,0.8822736213055995,0.0,0.04171257,0.04171257
1343,0.0,0.04349774952106791,0.95674231,0.00019889696,0.078472465,0.9926978916757964,0.8752263737374276,0.0,0.04325769,0.04325769
1344,0.0,0.04420420394361994,0.95402966,0.00012321836,0.0415839,0.9926565420148112,0.9076428409738299,0.0750304621951758,0.0750304621951758,0.04597034
1345,0.0,0.04537857538829995,0.951685496,0.00017428184,0.06647414,0.9930414436932606,0.8822408794863784,0.0,0.048314504,0.048314504
1346,0.0,0.048877629277357115,0.942374736,0.00020820323,0.083008684,0.9932541912873154,0.8583200624454421,0.0,0.057625264,0.057625264
1347,0.0,0.051437958055255084,0.94216122,0.0003644114,0.15915036,0.993487695144878,0.787056771059524,0.0,0.05783878,0.05783878
1348,0.0,0.052825970610896486,0.943703998,0.00021212302,0.08491933,0.993434664320799,0.8578956907829582,0.0,0.056296002,0.056296002
1349,0.0,0.05398130186492606,0.94313037,0.00017019716,0.06448311,0.9935107397873928,0.8765888229369729,0.0,0.05686963,0.05686963
1350,0.0,0.05495345847494718,0.94261615,0.00031578715,0.1354491,0.9937620380396608,0.809856078357521,0.0199020807833537,0.05738385,0.05738385
1351,0.0,0.05463617691067656,0.946157027,0.00023120866,0.09422239,0.9934936661786744,0.8514318714372603,0.4626792131730848,0.4626792131730848,0.053842973
1352,0.0,0.05442752436476897,0.946094107,0.00023504235,0.09609107,0.9938239399643292,0.8499012509320686,0.0,0.053905893,0.053905893
1353,0.0,0.05451554311769212,0.94526441,0.00037259964,0.16314161,0.9925790329575432,0.7851820780996984,0.0,0.05473559,0.05473559
1354,0.0,0.054336253655494375,0.94611197,0.0001694767,0.06413193,0.992425935440008,0.8787296340660301,0.0,0.05388803,0.05388803
1355,0.0,0.05504045061106741,0.943199057,0.00026516037,0.110771716,0.993697313405556,0.8334330941707361,0.0,0.056800943,0.056800943
1356,0.0,0.05457765043647672,0.94657935,0.00035805663,0.15605281,0.992774611760026,0.7930908873450987,0.0,0.05342065,0.05342065
1357,0.0,0.05173493888319766,0.95537184,0.00024456638,0.10073344,0.992864939807142,0.8530039756444084,0.0,0.04462816,0.04462816
1358,0.0,0.049856846630855475,0.954838384,0.00022532018,0.09135212,0.9941243414970647,0.8625140822832458,0.0093945188017845,0.045161616,0.045161616
1359,0.0,0.04826086902203963,0.955729075,0.00015913179,0.059089437,0.9938643793221044,0.8937380908898801,0.0093945188017845,0.044270925,0.044270925
1360,0.0,0.04670367501574259,0.95718931,0.00011722851,0.038664225,0.9933510005523748,0.9140620486636255,0.0848301132176927,0.0848301132176927,0.04281069
1361,0.0,0.046861213582673276,0.95274494,0.00034153453,0.14799932,0.9918060448389968,0.8050879810188354,0.0382194599232436,0.04725506,0.04725506
1362,0.0,0.04590144027333805,0.956497993,0.00013476251,0.047210947,0.9928861760986488,0.9048576988609972,0.0191613302525169,0.043502007,0.043502007
1363,0.0,0.045614274480955744,0.95510364,0.0002045746,0.08123995,0.9932612060745452,0.871597701786744,0.0,0.04489636,0.04489636
1364,0.0,0.04599546577211125,0.953051556,0.00016308698,0.06101735,0.9927076403005266,0.8883729511436859,0.0,0.046948444,0.046948444
1365,0.0,0.045016939837222325,0.957429375,0.00013933622,0.049440343,0.9921948350809602,0.9029903065824939,0.0,0.042570625,0.042570625
1366,0.0,0.0451294484551588,0.95458928,0.00016896,0.06388008,0.9925923210036642,0.8869904640990757,0.0,0.04541072,0.04541072
1367,0.0,0.045558695467970575,0.953368187,0.00023291932,0.09505623,0.9918577501237038,0.8557199192182942,0.0,0.046631813,0.046631813
1368,0.0,0.04545416990569327,0.954807144,0.00014734903,0.053346086,0.992164439789574,0.8967895771312233,0.1745455268232832,0.1745455268232832,0.045192856
1369,0.0,0.047288369932638054,0.94812613,0.00023894999,0.097995795,0.9926138538738852,0.8488970223585343,0.0,0.05187387,0.05187387
1370,0.0,0.05178285280902718,0.93698094,0.0002722457,0.114225365,0.9927895392459896,0.8239695997454053,0.0093945188017845,0.06301906,0.06301906
1371,0.0,0.055189716292162266,0.936293125,0.00023895586,0.097998664,0.9928480144537348,0.83849752857413,0.0,0.063706875,0.063706875
1372,0.0,0.057940065922973044,0.93518406,0.00028129897,0.11863826,0.992986524555601,0.8184546952504885,0.0,0.06481594,0.06481594
1373,0.0,0.058150442516409315,0.941323616,0.00029713789,0.12635875,0.9932403286045473,0.8168201277842567,0.0679214222515062,0.0679214222515062,0.058676384
1374,0.0,0.05670162179743522,0.94692043,0.00036004788,0.15702341,0.9931544196874532,0.7927673954952897,0.0,0.05307957,0.05307957
1375,0.0,0.05606844614102516,0.945514493,0.00027920373,0.11761697,0.9928271613958112,0.8283216013648615,0.0,0.054485507,0.054485507
1376,0.0,0.05479905467216083,0.948374424,0.00018081615,0.0696592,0.9928750445852884,0.876024990792002,0.0,0.051625576,0.051625576
1377,0.0,0.05389448676582916,0.948366933,0.00017274196,0.065723546,0.992133574913989,0.8790669523941375,0.0,0.051633067,0.051633067
1378,0.0,0.05554812768987798,0.94031777,0.000372859,0.16326804,0.9929220849723672,0.7812250701290718,0.0,0.05968223,0.05968223
1379,0.0,0.05703066263562713,0.939263,0.00015912628,0.05908676,0.9934566234011448,0.8779821853710325,0.0,0.060737,0.060737
1380,0.0,0.054662430454019376,0.95125815,0.00016039451,0.05970494,0.992731630525264,0.8879620491986111,0.0,0.04874185,0.04874185
1381,0.0,0.05101585603858527,0.95810058,0.00019385348,0.07601409,0.9923172625980744,0.8784701283084413,0.0,0.04189942,0.04189942
1382,0.0,0.04885366288470377,0.95655182,0.000107621396,0.03398136,0.9927125617463672,0.9173129536043712,0.0,0.04344818,0.04344818
1383,0.0,0.046407707774788406,0.95970718,8.867485e-05,0.024746113,0.99177210134268,0.9282571888079519,0.0,0.04029282,0.04029282
1384,0.0,0.04539495012484886,0.957136944,0.0001595309,0.059283983,0.9932118998266246,0.8942820886513186,0.0099521531100478,0.042863056,0.042863056
1385,0.0,0.045487505232034896,0.954281107,0.00021841981,0.08798862,0.9940130591956504,0.8651047035440368,0.0279578147507042,0.045718893,0.045718893
1386,0.0,0.045153034594310644,0.955683142,0.00020585742,0.08186525,0.9929914627703124,0.8712962903835593,0.0095722891566265,0.044316858,0.044316858
1387,0.0,0.04480706528165046,0.956057858,0.00024931267,0.10304695,0.9934928733383946,0.8519588967431049,0.0,0.043942142,0.043942142
1388,0.0,0.04418866805832176,0.957357325,0.00017368901,0.06618517,0.9934125982718576,0.8881053669926917,0.0,0.042642675,0.042642675
1389,0.0,0.043876354327372684,0.95690443,0.00018568485,0.07203239,0.993627242290298,0.88231745898592,0.0,0.04309557,0.04309557
1390,0.0,0.04387920651955192,0.956113663,0.00015287861,0.05604141,0.993502394516514,0.8966674102484539,0.0,0.043886337,0.043886337
1391,0.0,0.044092150371108516,0.95537549,0.00018918696,0.07373945,0.9937164738595492,0.8793661672318904,0.0,0.04462451,0.04462451
1392,0.0,0.04419686169364894,0.95554136,0.00015760168,0.058343608,0.9938575666598792,0.8942647193603895,0.0,0.04445864,0.04445864
1393,0.0,0.04348194578117781,0.958305344,0.00013208181,0.045904275,0.9930357898834598,0.9079475499598082,0.0,0.041694656,0.041694656
1394,0.0,0.04422722984369844,0.95390956,0.00020712407,0.082482666,0.9938127557110272,0.8698133034813774,0.0,0.04609044,0.04609044
1395,0.0,0.04439207274549889,0.95519582,0.00016073612,0.05987145,0.993324643254588,0.892012345064172,0.0,0.04480418,0.04480418
1396,0.0,0.04468130338964207,0.95459562,0.00011448079,0.037324883,0.9921538243841542,0.9117550858642496,0.0455022625115507,0.0455022625115507,0.04540438
1397,0.0,0.04912729670688719,0.93975772,0.0001942791,0.07622155,0.9931343666098892,0.8621676818543326,0.0096200980392156,0.06024228,0.06024228
1398,0.0,0.05133002764777656,0.943163145,0.00029548554,0.12555334,0.9937323989340954,0.8195766839366972,0.0,0.056836855,0.056836855
1399,0.0,0.05278273517698326,0.943585496,0.00024484063,0.100867115,0.9936380088437292,0.8430111803029242,0.0,0.056414504,0.056414504
1400,0.0,0.05266519655498804,0.94762865,0.00028989743,0.12282948,0.9931900482435956,0.8255712664431831,0.0,0.05237135,0.05237135
1401,0.0,0.05176180182499146,0.950496685,0.00020690415,0.08237547,0.9940080150753994,0.866972870137985,0.0,0.049503315,0.049503315
1402,0.0,0.051214132160708185,0.950155042,0.00036484876,0.15936355,0.9930487264616054,0.7931827362547178,0.0,0.049844958,0.049844958
1403,0.0,0.04922703440050585,0.95574071,0.000104255465,0.03234068,0.9931573217792958,0.9185030818184403,0.0,0.04425929,0.04425929
1404,0.0,0.04966347085750418,0.9492454379999999,0.00038271424,0.16807184,0.9924283018084248,0.7837246101946147,0.0,0.050754562,0.050754562
1405,0.0,0.04862727061250298,0.95396323,0.00013437729,0.047023177,0.9923808242066648,0.9021782185313295,0.0,0.04603677,0.04603677
1406,0.0,0.04912288043750213,0.949638095,0.00016508573,0.061991613,0.9928068507281576,0.884361066953914,0.0,0.050361905,0.050361905
1407,0.0,0.04809234831250152,0.954483982,9.2596274e-05,0.026657559,0.9923748115359248,0.9219556656065276,0.0650210141737308,0.0650210141737308,0.045516018
1408,0.0,0.04665680193750109,0.956932064,0.00013184437,0.045788538,0.9926438725746666,0.9063985495296947,0.0,0.043067936,0.043067936
1409,0.0,0.04626406709821507,0.95471777,0.00021842304,0.0879902,0.9940673110201502,0.8655462992097522,0.0,0.04528223,0.04528223
1410,0.0,0.045059758498725046,0.957951013,0.00011962798,0.039833814,0.9939070194619104,0.9141878947329379,0.0093945188017845,0.042048987,0.042048987
1411,0.0,0.0458898217848036,0.95203502,0.00022516568,0.09127682,0.9934918049636132,0.8595058151318831,0.0290883297545253,0.04796498,0.04796498
1412,0.0,0.045756345560574,0.954577345,0.00018785217,0.073088825,0.9932882475846326,0.8788697935095617,0.0,0.045422655,0.045422655
1413,0.0,0.04594878682898143,0.95357011,0.0002165559,0.087080084,0.993787602499172,0.8651250467886562,0.0,0.04642989,0.04642989
1414,0.0,0.04662585459212959,0.951681476,0.00021488011,0.08626325,0.992763998905433,0.8632940112152303,0.0,0.048318524,0.048318524
1415,0.0,0.04686981785152113,0.9525202740000001,0.0003458536,0.1501046,0.9931429619945144,0.8039915349090215,0.0,0.047479726,0.047479726
1416,0.0,0.04735506360822938,0.951431822,0.00022751153,0.092420265,0.992051989122634,0.8566371315741942,0.0,0.048568178,0.048568178
1417,0.0,0.04785940543444955,0.95087974,0.00026057332,0.10853581,0.9919548320198484,0.8408555475305693,0.0,0.04912026,0.04912026
1418,0.0,0.05043662102460682,0.94312034,0.000274461,0.115305185,0.9934595595667972,0.8289165034005047,0.0,0.05687966,0.05687966
1419,0.0,0.05787088358900487,0.92354346,0.00026907475,0.11267973,0.9938213324909004,0.8144155450485067,0.0093945188017845,0.07645654,0.07645654
1420,0.0,0.05930250084928919,0.937118456,0.00039712078,0.17509413,0.9927704262599176,0.7674458052081823,0.0,0.062881544,0.062881544
1421,0.0,0.05906448489234942,0.941530555,0.00021577347,0.0866987,0.9926207219351418,0.85355563069458,0.0389070633571702,0.058469445,0.058469445
1422,0.0,0.06488484635167815,0.92056425,0.0004935128,0.22207917,0.9932162538136726,0.7112680876916986,0.0872632108198501,0.0872632108198501,0.07943575
1423,0.0,0.06425682167977011,0.93731324,0.00037884238,0.16618456,0.9933947841933938,0.7763839699735757,0.0,0.06268676,0.06268676
1424,0.0,0.05916704119983579,0.95355741,0.00010147909,0.030987373,0.9926311256212852,0.9172002633545727,0.0,0.04644259,0.04644259
1425,0.0,0.056852835714168416,0.948932678,0.00013710182,0.048351213,0.9932330052761555,0.8969396931015012,0.0,0.051067322,0.051067322
1426,0.0,0.05585251779583458,0.946648277,0.0002165574,0.087080814,0.9932571932019166,0.8583861506507909,0.0,0.053351723,0.053351723
1427,0.0,0.05586817556845328,0.94409268,0.00010386559,0.03215064,0.9933071278414132,0.9076239544849108,0.0,0.05590732,0.05590732
1428,0.0,0.05757317112032377,0.93816434,0.00032855198,0.14167115,0.9940129162380212,0.8004323987949494,0.0,0.06183566,0.06183566
1429,0.0,0.05538941194308841,0.950069986,0.00016637426,0.062619686,0.9933746833725752,0.8846765478431685,0.0,0.049930014,0.049930014
1430,0.0,0.05184483710220601,0.9570166,0.00014943801,0.054364335,0.9919193811797068,0.8976761575774898,0.0,0.0429834,0.0429834
1431,0.0,0.05107091078729001,0.950863905,0.00025031736,0.10353668,0.9929161968115358,0.8463762757899783,0.0,0.049136095,0.049136095
1432,0.0,0.04906357827663572,0.955954753,0.00018999852,0.074135035,0.9933972037868178,0.8792409779496211,0.0,0.044045247,0.044045247
1433,0.0,0.04877319019759695,0.95195278,0.0002746677,0.11540593,0.9932713493133808,0.8364256426466798,0.0649173687556881,0.0649173687556881,0.04804722
1434,0.0,0.047544492141140676,0.955527253,0.00018492164,0.07166037,0.9921711476623222,0.8801092031599456,0.0,0.044472747,0.044472747
1435,0.0,0.04640089724367191,0.95645809,0.0001712242,0.064983726,0.9926537223186748,0.8877340749183036,0.0,0.04354191,0.04354191
1436,0.0,0.04592688945976565,0.95525813,0.00012540363,0.042649083,0.9943734984330131,0.9093717140054581,0.0,0.04474187,0.04474187
1437,0.0,0.04578992675697546,0.95455248,0.00013059477,0.045179434,0.9928356063565748,0.9048965221590718,0.0,0.04544752,0.04544752
1438,0.0,0.045326726540696756,0.955831274,0.00014843892,0.05387734,0.9929989020366016,0.8980022991505695,0.1035450377893743,0.1035450377893743,0.044168726
1439,0.0,0.044629366671926254,0.957114033,0.0001523441,0.05578087,0.9923320847281863,0.8967956899106738,0.0,0.042885967,0.042885967
1440,0.0,0.044630150479947325,0.95536789,0.00019828434,0.078173846,0.9937803079761512,0.8752055299933337,0.0,0.04463211,0.04463211
1441,0.0,0.04526590548567666,0.953144707,0.0002078988,0.0828603,0.9934384234577184,0.8684309379334039,0.0,0.046855293,0.046855293
1442,0.0,0.046808992489769045,0.94933329,0.00036793703,0.16086888,0.9931108405513388,0.7911270984004005,0.0,0.05066671,0.05066671
1443,0.0,0.048473948064120746,0.947363663,0.00028652453,0.12118541,0.9933022574296372,0.8269807565582724,0.0,0.052636337,0.052636337
1444,0.0,0.05179530004580053,0.93990132,0.00023215583,0.09468407,0.9934468166071652,0.8453314838243136,0.0,0.06009868,0.06009868
1445,0.0,0.05274800574700038,0.94487023,0.00017198127,0.06535275,0.9937989242277764,0.8776440657951384,0.0,0.05512977,0.05512977
1446,0.0,0.05193355610500027,0.950102568,0.0001854804,0.07193273,0.993479408476608,0.8760095056134133,0.0,0.049897432,0.049897432
1447,0.0,0.05271320093214305,0.945337687,0.0002870254,0.121429555,0.993534998919124,0.8251762731562472,0.0,0.054662313,0.054662313
1448,0.0,0.05222564352295932,0.94899325,0.00019059442,0.074425496,0.9938647191495048,0.872974947104987,0.0,0.05100675,0.05100675
1449,0.0,0.05006434994497094,0.955338884,0.00014295088,0.051202267,0.9932375482768806,0.9002937231232951,0.0,0.044661116,0.044661116
1450,0.0,0.048997416532122105,0.953669917,0.00016964135,0.064212196,0.992811713965801,0.8860176160190887,0.0,0.046330083,0.046330083
1451,0.0,0.048212796094372935,0.953748755,0.00016835124,0.063583344,0.992768195546546,0.8866474502833525,0.0,0.046251245,0.046251245
1452,0.0,0.04699542349598067,0.956048008,0.00012170792,0.04084766,0.9926587640760632,0.9102638023678755,0.0,0.043951992,0.043951992
1453,0.0,0.04656992621141476,0.954493817,0.00020696521,0.08240523,0.9922278541385864,0.8690313896355387,0.0,0.045506183,0.045506183
1454,0.0,0.0457485110081534,0.956305027,0.00014991457,0.054596625,0.9927692290941288,0.8975567034634938,0.0,0.043694973,0.043694973
1455,0.0,0.04570691729153814,0.954397067,0.00016887335,0.06383784,0.9935735841770764,0.887728607297651,0.0,0.045602933,0.045602933
1456,0.0,0.045784324351098665,0.954022158,0.00032796993,0.14138743,0.9935828707412632,0.8138789190665583,0.01821143793911,0.045977842,0.045977842
1457,0.0,0.0447264173936419,0.95791835,8.901746e-05,0.024913114,0.9932620841202068,0.927760046218623,0.0,0.04208165,0.04208165
1458,0.0,0.04452994842402993,0.9559612239999999,0.00015924122,0.05914278,0.9940932598945518,0.8941103616185637,0.0,0.044038776,0.044038776
1459,0.0,0.044083161445735666,0.957033806,0.00010483087,0.032621156,0.9938153890779836,0.9200884559521116,0.0,0.042966194,0.042966194
1460,0.0,0.04429143331838262,0.955187887,0.00015298175,0.056091685,0.9935193579278072,0.895766778595762,0.0,0.044812113,0.044812113
1461,0.0,0.04452912951313044,0.95487663,0.00022690682,0.09212551,0.992873888237383,0.8607304492271101,0.0481089059699799,0.0481089059699799,0.04512337
1462,0.0,0.04465587965223603,0.955027245,0.00021719014,0.08738924,0.9927285597823936,0.8652305842554472,0.0486071191734653,0.0486071191734653,0.044972755
1463,0.0,0.04492757518016859,0.954393186,0.00019947698,0.078755185,0.9924199861371328,0.8725652001977053,0.0,0.045606814,0.045606814
1464,0.0,0.04575191255726328,0.952187244,0.0002844725,0.120185174,0.9926900364988044,0.8316245437744378,0.0,0.047812756,0.047812756
1465,0.0,0.046026503255188055,0.95328702,0.00019862277,0.07833882,0.9918024402494175,0.8714052011078632,0.0,0.04671298,0.04671298
1466,0.0,0.046600073753705756,0.951966,0.0001857516,0.07206493,0.9917214193440346,0.8760496480100106,0.0,0.048034,0.048034
1467,0.0,0.04827453553836125,0.94753931,0.0001855046,0.07194453,0.9920543416718024,0.8723818737517893,0.0,0.05246069,0.05246069
1468,0.0,0.05360150367025804,0.933081076,0.00017478714,0.06672044,0.9934498323223696,0.8651214430364998,0.0093945188017845,0.066918924,0.066918924
1469,0.0,0.055476324050184316,0.939836625,0.00021028653,0.08402416,0.9923638799655528,0.8542939533986964,0.0,0.060163375,0.060163375
1470,0.0,0.05548720575013165,0.94448559,0.00017245373,0.06558305,0.9922512381275476,0.8757047261094447,0.0570512397740839,0.0570512397740839,0.05551441
1471,0.0,0.05498035096437975,0.946286786,0.00022554287,0.09146067,0.9924845569261552,0.853277444812044,0.0,0.053713214,0.053713214
1472,0.0,0.05484446554598553,0.945495248,0.00023735515,0.09721842,0.9929698790793156,0.847574953529055,0.0,0.054504752,0.054504752
1473,0.0,0.05368379824713253,0.94921787,0.00023569673,0.096410036,0.9931358643008744,0.8518163461137124,0.0,0.05078213,0.05078213
1474,0.0,0.052487289319380376,0.9505039829999999,0.00019107228,0.07465842,0.9918767475016652,0.8723961249580439,0.0,0.049496017,0.049496017
1475,0.0,0.051690258656700266,0.950302318,0.00021239079,0.08504986,0.9920730874916726,0.8625869530418854,0.0,0.049697682,0.049697682
1476,0.0,0.05031478989764305,0.953123882,0.00019256763,0.075387314,0.9924824414641872,0.8746454305636142,0.0,0.046876118,0.046876118
1477,0.0,0.05054739106974503,0.948871106,0.00021512773,0.086383946,0.9928156807840456,0.8606757614463455,0.0,0.051128894,0.051128894
1478,0.0,0.05129654904981788,0.946830556,0.00022786052,0.092590384,0.9937337098277824,0.8537793856260985,0.0,0.053169444,0.053169444
1479,0.0,0.048816073607012775,0.957385115,0.00017194616,0.06533564,0.9923022686410844,0.8879455559990563,0.0,0.042614885,0.042614885
1480,0.0,0.04737871086215198,0.956214696,0.00016962246,0.06420299,0.9923851722008186,0.8880089314951803,0.0,0.043785304,0.043785304
1481,0.0,0.04655203633010856,0.95551465,0.0001923139,0.075263634,0.9934221022379665,0.8777869202616688,0.0553283276597976,0.0553283276597976,0.04448535
1482,0.0,0.046278525378648974,0.954405252,0.00018183264,0.07015468,0.992073530870601,0.8804149178164538,0.0194828195480907,0.045594748,0.045594748
1483,0.0,0.046870869556177835,0.95164827,0.0002855883,0.120729044,0.9929445444084242,0.8308529845127517,0.0,0.04835173,0.04835173
1484,0.0,0.04589356596869845,0.956549693,0.00013442272,0.047045324,0.993604363585398,0.9057185699727183,0.0,0.043450307,0.043450307
1485,0.0,0.04569701854907032,0.95479435,0.00019863599,0.078345254,0.9934657990903808,0.8742407078107246,0.0,0.04520565,0.04520565
1486,0.0,0.04565932182076452,0.95443492,0.00017191953,0.06532266,0.9935129987569032,0.8863017117732725,0.0,0.04556508,0.04556508
1487,0.0,0.04605259672911751,0.952964216,0.00020345459,0.08069402,0.993008413696349,0.8699406135281504,0.0377036552899225,0.047035784,0.047035784
1488,0.0,0.04595949194936965,0.95427327,0.00022274881,0.090098746,0.9932115006442158,0.862400028750952,0.0188502467432233,0.04572673,0.04572673
1489,0.0,0.04562418053526404,0.955214098,0.00012536504,0.042630274,0.9935571727954688,0.9086011385129543,0.0,0.044785902,0.044785902
1490,0.0,0.04508430209661717,0.956265394,0.00013427198,0.046971843,0.9937495412364876,0.9056515039157681,0.0,0.043734606,0.043734606
1491,0.0,0.045356724354726555,0.95396222,0.0003349726,0.1448008,0.9933948092713316,0.8104390296331812,0.0,0.04603778,0.04603778
1492,0.0,0.04495654882480468,0.95604389,0.000112088506,0.0361588,0.9932006221057926,0.9152090369115923,0.0,0.04395611,0.04395611
1493,0.0,0.04499955773200334,0.95489292,0.00022195726,0.08971291,0.9917278207142538,0.8620362983274834,0.0,0.04510708,0.04510708
1494,0.0,0.0449575840942881,0.95514735,0.00010976228,0.03502491,0.992049518304026,0.9143654935232768,0.0,0.04485265,0.04485265
1495,0.0,0.04579435606734865,0.952113714,0.00048062115,0.21579531,0.9930191072731984,0.7414397421371051,0.0,0.047886286,0.047886286
1496,0.0,0.04539834004810618,0.9555917,0.00013754575,0.048567604,0.9931188993637222,0.9029247354542173,0.0,0.0444083,0.0444083
1497,0.0,0.046362391462932986,0.95122748,0.00021108202,0.08441191,0.9919398417631524,0.863912697389448,0.0,0.04877252,0.04877252
1498,0.0,0.04557751104495213,0.95638469,0.00012808442,0.043955795,0.9930515794992958,0.9079927798518035,0.0,0.04361531,0.04361531
1499,0.0,0.04437875931782295,0.95861812,8.009763e-05,0.020565255,0.992824001399714,0.9321663208860455,0.0,0.04138188,0.04138188
1500,0.0,0.044811655512730676,0.954106104,0.00028831448,0.12205789,0.993253537955681,0.8319987526767142,0.0,0.045893896,0.045893896
1501,0.0,0.04602037050909334,0.950957842,0.00037037846,0.16205892,0.9913417457783804,0.7899473403651429,0.01,0.049042158,0.049042158
1502,0.0,0.04923829607792381,0.94271689,0.00020754803,0.082689315,0.9921644243135358,0.8579883501904264,0.0,0.05728311,0.05728311
1503,0.0,0.05092148919851701,0.944870528,0.00019596885,0.077045195,0.9917167483900596,0.86484919554626,0.057408969055884,0.057408969055884,0.055129472
1504,0.0,0.05302110942751215,0.94172984,0.00025327047,0.10497613,0.9918230346388688,0.8359785614888349,0.0195062887772759,0.05827016,0.05827016
1505,0.0,0.05395741673393725,0.943701815,0.0002717865,0.114001535,0.9915086856820192,0.8290186157100996,0.0,0.056298185,0.056298185
1506,0.0,0.054353754809955176,0.9446554,0.00028726296,0.12154534,0.9921863764599996,0.8233529047892939,0.0,0.0553446,0.0553446
1507,0.0,0.05317894400711084,0.949758083,0.00016998973,0.064382,0.99152934708392,0.8810836447909317,0.103908871535902,0.103908871535902,0.050241917
1508,0.0,0.05475072486222203,0.9413198229999999,0.00025565084,0.10613641,0.9917059879143998,0.8344328390395823,0.0588137464097121,0.0588137464097121,0.058680177
1509,0.0,0.06131207033015859,0.922284566,0.0002085042,0.08315539,0.991873451144768,0.8387198915043249,0.0099020807833537,0.077715434,0.077715434
1510,0.0,0.07287182452154185,0.89822879,0.00044792469,0.19985785,0.992636941684134,0.7134188063140775,0.0,0.10177121,0.10177121
1511,0.0,0.08716216037252988,0.877112,0.00044453953,0.1982078,0.99324760193969,0.6985128581319119,0.0,0.122888,0.122888
1512,0.0,0.08478233598037849,0.921167225,0.000416294,0.18443987,0.9918111681202486,0.7451152604693211,0.0,0.078832775,0.078832775
1513,0.0,0.07566576084312748,0.947125677,0.00015448291,0.056823406,0.9912393670734696,0.8854808374189738,0.0,0.052874323,0.052874323
1514,0.0,0.06674652345937677,0.95555157,0.00015706405,0.058081545,0.9917965551620904,0.8926681343555555,0.0,0.04444843,0.04444843
1515,0.0,0.06089966704241198,0.953717474,0.00016140306,0.060196545,0.9926111723318556,0.8896843193670888,0.0,0.046282526,0.046282526
1516,0.0,0.055954923316008556,0.956406936,0.00011077314,0.035517637,0.9929425253310662,0.9159275414745949,0.0,0.043593064,0.043593064
1517,0.0,0.053018012654291825,0.954324264,9.55459e-05,0.028095318,0.9925730581901072,0.920623641039465,0.0,0.045675736,0.045675736
1518,0.0,0.05185221875306559,0.951062266,0.00018131129,0.06990056,0.9927625698023296,0.8781803770513265,0.0194754955058356,0.048937734,0.048937734
1519,0.0,0.05222656882361828,0.946837556,0.0002095493,0.083664805,0.9927829326595654,0.8613589003839599,0.0290092386388193,0.053162444,0.053162444
1520,0.0,0.051332926302584486,0.95090118,0.00017201697,0.06537016,0.99164546212731,0.8813156005694781,0.0,0.04909882,0.04909882
1521,0.0,0.050059473073274637,0.95312416,0.00018110657,0.069800764,0.9914977605110628,0.8790573193183453,0.0,0.04687584,0.04687584
1522,0.0,0.04941102190948188,0.952210106,0.00027032077,0.113287084,0.9916242038951704,0.8372650051823773,0.0,0.047789894,0.047789894
1523,0.0,0.048001650792487055,0.955521777,0.00015418076,0.056676123,0.9913591009827836,0.8935778902710285,0.0,0.044478223,0.044478223
1524,0.0,0.048508139137490754,0.95022564,0.00021275514,0.08522745,0.9921115101584153,0.8623833382510541,0.0,0.04977436,0.04977436
1525,0.0,0.050221214526779114,0.945496097,0.00015669862,0.057903424,0.9932692686810104,0.8847532458660496,0.0,0.054503903,0.054503903
1526,0.0,0.05668455209055651,0.927157104,0.00017821408,0.06839085,0.9932452634092076,0.857913651072257,0.0,0.072842896,0.072842896
1527,0.0,0.06055670292182608,0.92976292,0.0003796086,0.16655804,0.9915306580041742,0.7683405082144954,0.0,0.07023708,0.07023708
1528,0.0,0.06369416780130434,0.92846217,0.00012838673,0.044103157,0.9925725572163208,0.880922097268752,0.0,0.07153783,0.07153783
1529,0.0,0.06462667414378881,0.93304206,0.0003766563,0.16511898,0.9932646193727982,0.7737323859710639,0.0556424073875839,0.06695794,0.06695794
1530,0.0,0.060945325531277725,0.948258046,0.00035213743,0.15316758,0.9924571976783888,0.7969586675251997,0.0476367311487669,0.051741954,0.051741954
1531,0.0,0.058346585093769804,0.948150266,0.00023913947,0.09808816,0.9933151251150844,0.849431393943992,0.1554121339599684,0.1554121339599684,0.051849734
1532,0.0,0.05492045792412129,0.95364486,0.00018490339,0.07165147,0.9926340442621024,0.8787936142632533,0.0,0.04635514,0.04635514
1533,0.0,0.052658603088658065,0.952996034,0.00014234748,0.05090814,0.9921778148133992,0.8974057623346787,0.0,0.047003966,0.047003966
1534,0.0,0.05319937134904148,0.945448708,0.00025854594,0.107547596,0.9918853126406328,0.8369210590141245,0.0,0.054551292,0.054551292
1535,0.0,0.05354348324931535,0.945596237,0.00020370007,0.080813676,0.993481743869094,0.8635135968893058,0.0,0.054403763,0.054403763
1536,0.0,0.05185093946379668,0.95238042,0.0001450991,0.052249383,0.992807046166142,0.896126632937226,0.0,0.04761958,0.04761958
1537,0.0,0.049934607045569054,0.954856224,0.0001463929,0.05288003,0.99220699528162,0.897315689999663,0.0,0.045143776,0.045143776
1538,0.0,0.04705986217540646,0.960127,7.012738e-05,0.015705386,0.9926708614822382,0.9381214483684075,0.0,0.039873,0.039873
1539,0.0,0.04625847926814747,0.955744978,0.00013130583,0.045526035,0.9931921519148929,0.9060233502417656,0.0,0.044255022,0.044255022
1540,0.0,0.045783770905819615,0.955403,0.00020530316,0.081595086,0.9940123950517398,0.8721930051886494,0.0,0.044597,0.044597
1541,0.0,0.04593192207558544,0.9536977,0.00019460666,0.076381214,0.993175643297142,0.8748418560466665,0.0099521531100478,0.0463023,0.0463023
1542,0.0,0.046243668911132456,0.952976964,0.0002494605,0.103119016,0.994056313375106,0.8496268071296768,0.0366799113677884,0.047023036,0.047023036
1543,0.0,0.045756826365094615,0.95546028,0.00017107802,0.064912476,0.9934579596457612,0.8875940735952353,0.0778565785820673,0.0778565785820673,0.04453972
1544,0.0,0.046317558832210434,0.95228061,0.00020527709,0.081582375,0.9927454646665456,0.8682465427093561,0.0,0.04771939,0.04771939
1545,0.0,0.04574835145157888,0.955674667,0.00018000104,0.069261886,0.9939651679243772,0.8841149576047419,0.0,0.044325333,0.044325333
1546,0.0,0.0448290981796992,0.957469035,0.00020533781,0.081611976,0.9938733352646676,0.8739407466638323,0.0,0.042530965,0.042530965
1547,0.0,0.044495420414070855,0.956338774,9.971906e-05,0.030129472,0.9937680187422993,0.9217444745684111,0.0,0.043661226,0.043661226
1548,0.0,0.044408163152907756,0.95580998,0.00024946372,0.10312058,0.993738213458029,0.8518784071450325,0.0,0.04419002,0.04419002
1549,0.0,0.04411837425207697,0.956606098,0.00014990539,0.05459215,0.993030630176318,0.898079935414347,0.0,0.043393902,0.043393902
1550,0.0,0.0439528798943407,0.956460856,0.0001892248,0.073757894,0.99306426297037,0.879769848830567,0.0,0.043539144,0.043539144
1551,0.0,0.04305937821024336,0.959174376,0.00011210394,0.036166318,0.9940755935326008,0.9190075481316506,0.0,0.040825624,0.040825624
1552,0.0,0.042253260721602404,0.959762033,6.136217e-05,0.0114328945,0.9935242687940892,0.9426450712636706,0.0,0.040237967,0.040237967
1553,0.0,0.04297938451543029,0.955205306,0.0002447174,0.10080705,0.9937428863289104,0.8535395551959915,0.0193658147507042,0.044794694,0.044794694
1554,0.0,0.0442792300824502,0.952471156,0.00018809196,0.0732057,0.994520795606476,0.877908098898863,0.0,0.047528844,0.047528844
1555,0.0,0.044537710058892996,0.95481609,0.00018852884,0.073418655,0.9940287658078802,0.8794319377737431,0.0095890410958904,0.04518391,0.04518391
1556,0.0,0.04417299947063785,0.956738777,0.00015896573,0.059008498,0.9936870022395176,0.894599573856926,0.0,0.043261223,0.043261223
1557,0.0,0.0445238013361699,0.954599194,0.00021178601,0.08475506,0.9937179908100092,0.8682035403480025,0.0,0.045400806,0.045400806
1558,0.0,0.04594552952583564,0.95050015,0.00024990135,0.1033339,0.9927029777924746,0.8460621472500305,0.0,0.04949985,0.04949985
1559,0.0,0.04507869537559689,0.95708839,0.00011986455,0.039949127,0.9927693370211216,0.9122096240514663,0.0,0.04291161,0.04291161
1560,0.0,0.045289402411140635,0.95418383,0.00014587819,0.052629147,0.992239188663272,0.8969504397613115,0.1535908650864857,0.1535908650864857,0.04581617
1561,0.0,0.047493677436529026,0.946995635,0.00016965976,0.064221166,0.9930508195530712,0.8800202570193696,0.0293165211632447,0.053004365,0.053004365
1562,0.0,0.054888829597520734,0.92662329,0.00031143203,0.13332625,0.9933862526467624,0.7977687128176391,0.0,0.07337671,0.07337671
1563,1.0,0.060607146855371954,0.92509706,0.00033023703,0.1424925,0.993460856585872,0.7880903107450485,0.0,0.07490294,0.07490294
1564,1.0,0.06918303632526568,0.90937724,0.00032653968,0.14069028,0.9932806085035104,0.7761859223518114,0.0,0.09062276,0.09062276
1565,1.0,0.07377059737518978,0.9147605,0.0004205998,0.18653867,0.9934920334858528,0.7392795699964413,0.0,0.0852395,0.0852395
1566,1.0,0.07656592955370699,0.91644574,0.00034232516,0.1483847,0.993861691195342,0.7756685141400534,0.1244617919594486,0.1244617919594486,0.08355426
1567,1.0,0.0754298711097907,0.927410275,0.00036665224,0.16024263,0.99396915615024,0.7741027945860366,0.5006125673562754,0.5006125673562754,0.072589725
1568,1.0,0.07417190222127908,0.92897302,0.00022449785,0.090951286,0.9937745814583384,0.8392244769568163,0.0093945188017845,0.07102698,0.07102698
1569,1.0,0.07530587587234219,0.9218591899999999,0.0002107499,0.084250025,0.9932353961617562,0.8384819021660394,0.0,0.07814081,0.07814081
1570,1.0,0.07952165133738728,0.90993891,0.00042893874,0.19060339,0.9939430524642484,0.7320405183029881,0.0,0.09006109,0.09006109
1571,1.0,0.08466039666956235,0.90249274,0.0005012892,0.22586969,0.993485023468576,0.6940953158806022,0.0,0.09750726,0.09750726
1572,1.0,0.07601408390683025,0.945601698,0.00020624926,0.08205625,0.9926643073675108,0.8616417202049531,0.0,0.054398302,0.054398302
1573,1.0,0.0673123913620216,0.95444184,0.000377215,0.16539131,0.9924307724114572,0.7905559171703304,0.0,0.04555816,0.04555816
1574,1.0,0.06031525468715829,0.957177587,0.00018665585,0.07250569,0.9937702946574918,0.8822461779424043,0.0,0.042822413,0.042822413
1575,1.0,0.055596695633684495,0.956199702,0.00015508033,0.05711461,0.9928849444188684,0.8951718892505482,0.0198157860739982,0.043800298,0.043800298
1576,1.0,0.052885917452631784,0.953891028,0.0001817094,0.07009461,0.9929925874987492,0.8808126344517853,0.01,0.046108972,0.046108972
1577,1.0,0.051090806180451274,0.953396972,0.00023196038,0.0945888,0.9933233004575422,0.8574528606430368,0.0392385257353385,0.046603028,0.046603028
1578,1.0,0.05020894812889377,0.951995697,0.00024532774,0.10110455,0.9926633693769052,0.8494663184116481,0.0095890410958904,0.048004303,0.048004303
1579,1.0,0.050100934949209835,0.950169098,0.00024881927,0.10280645,0.9935790927741102,0.8470118552749374,0.0589201950545801,0.0589201950545801,0.049830902
1580,1.0,0.047862832392292734,0.957732424,7.576107e-05,0.018451454,0.9922939240472688,0.9328166877834518,0.0,0.042267576,0.042267576
1581,1.0,0.04699407113735195,0.955177832,0.00027180742,0.114011735,0.9926367602000185,0.8400450144370063,0.0,0.044822168,0.044822168
1582,1.0,0.04715349452667997,0.952447947,0.00025254133,0.104620725,0.9917101947861866,0.8457325885319414,0.01,0.047552053,0.047552053
1583,1.0,0.04626683409048569,0.955949817,0.00011317065,0.036686275,0.9920833775282346,0.9135893231574291,0.02,0.044050183,0.044050183
1584,1.0,0.046245157493204056,0.9538090340000001,0.00016434876,0.061632387,0.9925740554060684,0.8883771115229369,0.02,0.046190966,0.046190966
1585,1.0,0.04647970678086004,0.95293392,0.0001117791,0.036007985,0.9921664048627143,0.9114245871347841,0.01,0.04706608,0.04706608
1586,1.0,0.049721538272042884,0.942173883,0.00024871787,0.10275703,0.99296968263156,0.8394157517310528,0.0,0.057826117,0.057826117
1587,1.0,0.05102525162288778,0.945715465,0.00011466343,0.03741391,0.9924471991059722,0.9034569911964876,0.0,0.054284535,0.054284535
1588,1.0,0.052081976302062696,0.945276212,0.00017261006,0.06565925,0.9919758845744052,0.8761231052111348,0.03,0.054723788,0.054723788
1589,1.0,0.05494954021575907,0.93788155,0.0002572113,0.10689704,0.9921241689457848,0.831027797113856,0.04,0.06211845,0.06211845
1590,1.0,0.05710407158268505,0.9375096,0.0002576753,0.10712321,0.9932817493749508,0.8314568452316841,0.1174260225982082,0.1174260225982082,0.0624904
1591,1.0,0.05965652541620361,0.93396234,0.00036896742,0.16137113,0.9938788633463544,0.7784534151105907,0.4098400727652262,0.4098400727652262,0.06603766
1592,1.0,0.06041646101157401,0.9376837,0.00017503518,0.06684134,0.9932965226698424,0.8691420709498282,0.0,0.0623163,0.0623163
1593,1.0,0.06635747929398143,0.918789975,0.0002783413,0.11719658,0.9943092024168028,0.806495064059093,0.01,0.081210025,0.081210025
1594,1.0,0.07143683778141531,0.915864766,0.0004182417,0.18538925,0.9944911170213786,0.7419632535151892,0.0,0.084135234,0.084135234
1595,1.0,0.08371147270101092,0.88560194,0.0004827977,0.21685624,0.9944690771428396,0.6897176415126114,0.0,0.11439806,0.11439806
1596,1.0,0.08431448050072209,0.914178,0.00022563266,0.09150443,0.9947249858849044,0.826145623320162,0.0,0.085822,0.085822
1597,1.0,0.07710229407194436,0.940928172,0.00026289542,0.109667696,0.9951700705503288,0.8336925282286728,0.01,0.059071828,0.059071828
1598,1.0,0.06792165519424596,0.955029942,8.378593e-05,0.022363072,0.9932968202833796,0.9274139638218882,0.0,0.044970058,0.044970058
1599,1.0,0.06369209656731854,0.9468818,0.0001593173,0.05917986,0.995686287368074,0.8870026162926017,0.0,0.0531182,0.0531182
1600,1.0,0.05975617611951325,0.950083625,0.00033149292,0.14310467,0.9935670798954482,0.8088850381665451,0.01,0.049916375,0.049916375
1601,1.0,0.05572043151393803,0.95436893,0.00017282565,0.06576434,0.9937802496885884,0.8860599236953626,0.0372904761833011,0.04563107,0.04563107
1602,1.0,0.05310022250995573,0.9534503,0.00024335865,0.100144744,0.9931943653680556,0.8521282520662545,0.0469124769701245,0.0469124769701245,0.0465497
1603,1.0,0.05041489036425409,0.95629844,0.00024336524,0.100147955,0.99192722839654,0.853580268072008,0.1064943930338768,0.1064943930338768,0.04370156
1604,1.0,0.049068659688752916,0.954296917,0.00025410746,0.10538411,0.993057695273092,0.8478023375646446,0.0093945188017845,0.045703083,0.045703083
1605,1.0,0.04877068434910923,0.951974254,0.0002897768,0.12277068,0.9937819924857184,0.8299070711131955,0.0,0.048025746,0.048025746
1606,1.0,0.04908798139222088,0.950118776,0.0003056513,0.13050851,0.9921074037726736,0.8195999571245581,0.0,0.049881224,0.049881224
1607,1.0,0.04760835613730063,0.956090707,0.0001321814,0.045952823,0.9927691241258816,0.9055599557587891,0.03,0.043909293,0.043909293
1608,1.0,0.047213774383786156,0.95377268,0.00017257466,0.06564199,0.9930602163675842,0.8849806500020725,0.4550558399552111,0.4550558399552111,0.04622732
1609,1.0,0.04817511198841868,0.949421544,0.00023665527,0.09687726,0.993035334215137,0.8514723740460287,0.4096090545901316,0.4096090545901316,0.050578456
1610,1.0,0.04810089427744192,0.95208465,0.00014668994,0.05302482,0.993157585362372,0.8954314081260015,0.02,0.04791535,0.04791535
1611,1.0,0.05051531505531566,0.943448633,0.0002953678,0.12549594,0.9924719179871432,0.8188386184550919,0.0,0.056551367,0.056551367
1612,1.0,0.059022050753796906,0.9197111099999999,0.0004192633,0.18588722,0.9931490621137582,0.7436189386233757,0.02,0.08028889,0.08028889
1613,1.0,0.06644290025271207,0.915004976,0.0003884308,0.17085831,0.9931289544175368,0.7534559244435531,0.04,0.084995024,0.084995024
1614,1.0,0.07202453160908004,0.91402139,0.0003943515,0.17374428,0.9935856173583736,0.7503711611265627,0.0282527142857142,0.08597861,0.08597861
1615,1.0,0.07351201972077145,0.92276926,0.00019209513,0.075157,0.9936101328325536,0.847963471433958,0.1952982054652724,0.1952982054652724,0.07723074
1616,1.0,0.0742490666576939,0.923908316,0.0005374962,0.24351831,0.9937208558536652,0.6945311065971834,0.0,0.076091684,0.076091684
1617,1.0,0.07020629532692421,0.939900633,0.00023157436,0.094400644,0.9935026663505966,0.8456430503238493,0.01,0.060099367,0.060099367
1618,1.0,0.06788046580494586,0.937934108,0.00025669017,0.10664302,0.9933888995845284,0.8323704751306756,0.03,0.062065892,0.062065892
1619,1.0,0.06684948128924705,0.93572798,0.00046234526,0.20688696,0.994145321577633,0.7377930831279861,0.01,0.06427202,0.06427202
1620,1.0,0.06374726377803361,0.94400828,0.0003111708,0.1331989,0.9934701081120134,0.8129242177543452,0.0198387096774193,0.05599172,0.05599172
1621,1.0,0.05999327698430972,0.94939169,0.0002546767,0.105661586,0.9929616189609122,0.8431013276161684,0.0198233368872579,0.05060831,0.05060831
1622,1.0,0.05613017698879266,0.953527573,0.00027348078,0.11482739,0.9921536305190676,0.8374138683395279,0.0,0.046472427,0.046472427
1623,1.0,0.053113003563423335,0.95442993,0.00023458246,0.0958669,0.9931226163508622,0.856996979039313,0.0098311588641596,0.04557007,0.04557007
1624,1.0,0.05062859854530238,0.955582414,0.00014526346,0.052329503,0.9934533201250202,0.8996487367687035,0.0,0.044417586,0.044417586
1625,1.0,0.04855635610378742,0.95662425,9.050539e-05,0.025638385,0.9935352216239032,0.9260721425119125,0.0283228572644548,0.04337575,0.04337575
1626,1.0,0.04759224721699101,0.954818025,0.00020617712,0.08202109,0.9942801642590084,0.8714893577390627,0.0393014001664656,0.045181975,0.045181975
1627,1.0,0.04766521429785073,0.952152368,0.0002975986,0.12658332,0.9937352222463918,0.8264158095514167,0.3041795518284507,0.3041795518284507,0.047847632
1628,1.0,0.04697948564132194,0.954734836,0.00016980298,0.06429098,0.992916654884364,0.8870260630769001,0.0198157860739982,0.045265164,0.045265164
1629,1.0,0.046918740315229954,0.953233123,0.00023503562,0.09608779,0.9928508495009402,0.855479071548501,0.03,0.046766877,0.046766877
1630,1.0,0.04619740451087854,0.955605935,0.00022638378,0.09187056,0.9938029836569576,0.8624360257989594,0.01,0.044394065,0.044394065
1631,1.0,0.047112838936341814,0.950598575,0.00021086614,0.08430669,0.9935116486853014,0.8648089263882983,0.02,0.049401425,0.049401425
1632,1.0,0.047430282097387005,0.95177611,0.00026640555,0.11137866,0.9926980015195588,0.8395927614918463,0.03,0.04822389,0.04822389
1633,1.0,0.046955756355276435,0.954230558,0.00018343814,0.07093726,0.993111391211564,0.8804330291805862,0.0,0.045769442,0.045769442
1634,1.0,0.04727921168234031,0.95191215,0.00020242429,0.08019181,0.9928934727199518,0.869354282795604,0.04,0.04808785,0.04808785
1635,1.0,0.04878125005881451,0.947463654,0.00016493874,0.061919965,0.9928607357632014,0.8824513829422634,0.0,0.052536346,0.052536346
1636,1.0,0.0491508051848675,0.949925307,0.00015261548,0.05591315,0.993431417966842,0.8909212076908861,0.0093945188017845,0.050074693,0.050074693
1637,1.0,0.049444223132048215,0.949822232,0.00019543192,0.07678347,0.992896665082174,0.8706627305279946,0.0,0.050177768,0.050177768
1638,1.0,0.0490984122371773,0.951766115,0.0001728144,0.065758854,0.992738319181546,0.8827221314338133,0.0777485956404276,0.0777485956404276,0.048233885
1639,1.0,0.04836839159798379,0.95345666,0.00022898076,0.09313642,0.9924537006870374,0.8581301737239659,0.4098831431496277,0.4098831431496277,0.04654334
1640,1.0,0.04903170828427414,0.94931,0.00030093416,0.12820919,0.9926917968688724,0.8215514668749221,0.0,0.05069,0.05069
1641,1.0,0.0496072953459101,0.948953737,0.00017890886,0.06872952,0.9932128650715706,0.8777345897423139,0.0,0.051046263,0.051046263
1642,1.0,0.05007735381850722,0.9487475,0.00032536694,0.14011864,0.99311797287693,0.8101958620494346,0.0,0.0512525,0.0512525
1643,0.0,0.05143715158464801,0.945163354,0.00029746295,0.12651719,0.9931939950110302,0.8199650139304229,0.0,0.054836646,0.054836646
1644,0.0,0.051658832846177144,0.947786964,0.00023888145,0.09796239,0.9933379729458708,0.8492438577983776,0.0,0.052213036,0.052213036
1645,0.0,0.05041117489012653,0.95270797,0.00022630047,0.091829956,0.9937230151670224,0.8597898609502578,0.0,0.04729203,0.04729203
1646,0.0,0.0492052420643761,0.95380959,0.00014823413,0.05377752,0.9930696071569756,0.8962612847458542,0.0,0.04619041,0.04619041
1647,0.0,0.048055299760268635,0.954819556,0.0002519009,0.10430855,0.9931791226270462,0.8493903365318957,0.0,0.045180444,0.045180444
1648,0.0,0.04663039297162046,0.956931874,0.000118580014,0.039323002,0.9933163064004245,0.9131581041704997,0.0,0.043068126,0.043068126
1649,0.0,0.045455467551157466,0.957481846,0.00011099465,0.035625614,0.9930586991756348,0.9169615716855879,0.0649492967362514,0.0649492967362514,0.042518154
1650,0.0,0.044677516822255334,0.95726736,0.00015571919,0.057426013,0.992361944637461,0.8954035305926783,0.0287378008407522,0.04273264,0.04273264
1651,0.0,0.044284476873039526,0.956698123,0.00017424478,0.06645607,0.9934520975371484,0.8872716647183685,0.0779453578577836,0.0779453578577836,0.043301877
1652,0.0,0.04419961919502823,0.956012525,0.00015436856,0.05676767,0.9938386559879552,0.8961859792767055,0.0,0.043987475,0.043987475
1653,0.0,0.04547668799644874,0.95133064,0.00036235288,0.15814696,0.9937080021446332,0.7958414523660977,0.0,0.04866936,0.04866936
1654,0.0,0.045043035997463385,0.956041094,0.00018478329,0.071592934,0.9930736533534538,0.8814475142774529,0.0,0.043958906,0.043958906
1655,0.0,0.04467013142675956,0.95626213,0.0001720462,0.0653844,0.993203814693406,0.8876634986919595,0.0,0.04373787,0.04373787
1656,0.0,0.04416525673339969,0.95709693,0.00010678233,0.03357237,0.9929159726636824,0.9184124409777696,0.0,0.04290307,0.04290307
1657,0.0,0.0434430188095712,0.958362576,0.00014822469,0.053772915,0.9940298830279174,0.9014147536867684,0.0,0.041637424,0.041637424
1658,0.0,0.04347478629255086,0.956445795,8.488739e-05,0.022899963,0.992568961165828,0.927598594710456,0.0,0.043554205,0.043554205
1659,0.0,0.04370083306610775,0.95573405,0.00019205434,0.075137116,0.9936490046236398,0.8783091592526348,0.0,0.04426595,0.04426595
1660,0.0,0.04506734933293411,0.95151636,0.00033602773,0.14531511,0.9930742719296451,0.8076143302898217,0.036711312333972,0.04848364,0.04848364
1661,0.0,0.04525019980923865,0.954292674,0.00022802856,0.09267229,0.9930339435405277,0.8598245834887651,0.0583333079096657,0.0583333079096657,0.045707326
1662,0.0,0.045695052720884755,0.953192815,0.00039344296,0.17330141,0.9928384746326896,0.7823598515662801,0.0,0.046807185,0.046807185
1663,0.0,0.04619987194348911,0.95253808,0.0003892401,0.17125279,0.9929847684632526,0.7838753593078998,0.0,0.04746192,0.04746192
1664,0.0,0.04630262281677794,0.9534405,0.00022585272,0.091611706,0.9925466700785476,0.8596389034901564,0.0,0.0465595,0.0465595
1665,0.0,0.0458849808691271,0.955159124,0.00020224303,0.08010346,0.9934854111587432,0.8729235456405025,0.0,0.044840876,0.044840876
1666,0.0,0.04500976147794793,0.957178287,0.00011288733,0.03654817,0.9939305504434708,0.9165979551671909,0.0,0.042821713,0.042821713
1667,0.0,0.044371293627105665,0.957224876,0.000109907836,0.035095856,0.9934037899570352,0.9175377904639394,0.0093945188017845,0.042775124,0.042775124
1668,0.0,0.04507930059078976,0.953150682,0.00017983673,0.0691818,0.993275503715068,0.8812439617846136,0.0,0.046849318,0.046849318
1669,0.0,0.04505509299342126,0.955005426,0.000102276514,0.03137607,0.993778050410118,0.9192855497552785,0.0,0.044994574,0.044994574
1670,0.0,0.04706645556672947,0.947905138,0.0001238335,0.04188374,0.99385232295938,0.9026199849219977,0.0,0.052094862,0.052094862
1671,0.0,0.04865212369052105,0.947383706,0.00013200472,0.045866698,0.9939341065735848,0.8984471985371918,0.0,0.052616294,0.052616294
1672,0.0,0.04811692092180075,0.953221086,0.0001129781,0.036592416,0.993490926655028,0.912362878309025,0.0455692915152193,0.046778914,0.046778914
1673,0.0,0.04754570922985767,0.95388232,0.00011044305,0.03535674,0.993453016309178,0.9141319035087275,0.0550543413491064,0.0550543413491064,0.04611768
1674,0.0,0.04822802944989834,0.95006617,0.0001881183,0.07321854,0.9932655030041732,0.8745739625250597,0.0488564779883893,0.04993383,0.04993383
1675,0.0,0.04969901132135596,0.946623534,0.0002691017,0.11269286,0.9934392066489636,0.8344351096551422,0.0093945188017845,0.053376466,0.053376466
1676,0.0,0.05118549494382568,0.945098296,0.00022180454,0.08963847,0.9931449518436908,0.8544831766629026,0.0192965995851383,0.054901704,0.054901704
1677,0.0,0.057853482102732626,0.92547655,0.00029100553,0.12336961,0.993092316120511,0.8056966590284077,0.3024173529404775,0.3024173529404775,0.07452345
1678,0.0,0.0746306329305233,0.88342649,0.00030438713,0.1298923,0.9937634956128564,0.7638823388934322,0.0,0.11657351,0.11657351
1679,0.0,0.09268064923608807,0.86219431,0.0005298497,0.23979115,0.9941265910115348,0.6515980322053864,0.0,0.13780569,0.13780569
1680,0.0,0.0873867380257772,0.92584804,0.00016087817,0.059940696,0.9932055947372456,0.8644385394474472,0.0,0.07415196,0.07415196
1681,0.0,0.077432733732698,0.947452277,0.00023870857,0.09787812,0.9921289725288148,0.8479899249711044,0.0,0.052547723,0.052547723
1682,0.0,0.0688823620947843,0.952493567,0.00016602845,0.062451128,0.9924079127708906,0.8862294650589642,0.0,0.047506433,0.047506433
1683,0.0,0.062221295781988775,0.95443137,0.00016468568,0.061796617,0.991824225052229,0.8881297364468363,0.0,0.04556863,0.04556863
1684,0.0,0.059152525558563415,0.9485194,0.00018235957,0.070411526,0.9915973690666824,0.8743238271319684,0.0,0.0514806,0.0514806
1685,0.0,0.05565682054183101,0.953082442,0.0001236708,0.04180444,0.9933974315391304,0.9072096388148129,0.0,0.046917558,0.046917558
1686,0.0,0.05298766324416501,0.95368523,0.00011005173,0.035166,0.9916409333679432,0.9124563573001185,0.0,0.04631477,0.04631477
1687,0.0,0.0515818328886893,0.951932743,0.00011226886,0.036246713,0.9922916818409414,0.9103564807670355,0.01,0.048067257,0.048067257
1688,0.0,0.05149125492049235,0.94873519,0.00025049754,0.10362451,0.9925900562189393,0.8441213844126202,0.0,0.05126481,0.05126481
1689,0.0,0.04981505065749453,0.95437546,0.00015747489,0.058281805,0.9920488126016188,0.8916065841183806,0.0,0.04562454,0.04562454
1690,0.0,0.04843384932678181,0.955019154,0.00017880542,0.0686791,0.991849860394057,0.8821803250720355,0.0,0.044980846,0.044980846
1691,0.0,0.047650122376272724,0.954309195,0.00019579323,0.07695959,0.9920545648075242,0.8738670872956635,0.0,0.045690805,0.045690805
1692,0.0,0.04740038455448052,0.95322396,0.00019650652,0.07730727,0.992479001269464,0.8729178527465153,0.0,0.04677604,0.04677604
1693,0.0,0.04905284696748609,0.946815997,0.00028767972,0.12174849,0.9935687649516658,0.8261947332787892,0.0,0.053184003,0.053184003
1694,0.0,0.05189453354820435,0.94100125,0.0002635409,0.10998232,0.9935681494249212,0.8321210247024752,0.01,0.05899875,0.05899875
1695,0.0,0.054037701105860245,0.94060438,0.00016877055,0.06378773,0.9932437711573648,0.8746557904275611,0.0,0.05939562,0.05939562
1696,0.0,0.05574136593275732,0.939999472,0.00031275945,0.13397329,0.9930430396159476,0.8084012346168303,0.088424087116828,0.088424087116828,0.060000528
1697,0.0,0.05696115680911237,0.939989366,0.0002889615,0.12237328,0.9936034874292684,0.8196829184880041,0.0,0.060010634,0.060010634
1698,0.0,0.056803317720794555,0.94359128,0.00051538966,0.23274277,0.9928660225825428,0.7188123945229327,0.0,0.05640872,0.05640872
1699,0.0,0.05463970694342468,0.95076932,0.00014825452,0.053787455,0.9921722878598712,0.8925878144241469,0.0,0.04923068,0.04923068
1700,0.0,0.053880354673874774,0.948018026,0.00028322122,0.11957525,0.9923290191616788,0.8282558839192433,0.0,0.051981974,0.051981974
1701,0.0,0.053285013338481985,0.94820334,0.0001525447,0.05587865,0.9928943928735808,0.8888579428053147,0.7044486326377215,0.7044486326377215,0.05179666
1702,0.0,0.05467342667034428,0.94185554,0.00026026714,0.10838657,0.9929821356600712,0.8338776492883407,0.01,0.05814446,0.05814446
1703,0.0,0.05616432762167449,0.9401084200000001,0.00023181125,0.09451611,0.9922129178685974,0.8446242519106535,0.0,0.05989158,0.05989158
1704,0.0,0.05478850258691035,0.94865106,0.0001895209,0.07390222,0.99333228590166,0.8726857628418068,0.0,0.05134894,0.05134894
1705,0.0,0.05247737127636454,0.953300457,0.000112986636,0.03659658,0.9926459798202942,0.9116588934102522,0.0,0.046699543,0.046699543
1706,0.0,0.05026933834026038,0.955250744,0.000181511,0.0699979,0.993677902797844,0.8827687403721877,0.0,0.044749256,0.044749256
1707,0.0,0.048514606528757415,0.955872223,0.00022789591,0.09260763,0.993878518307696,0.8620416875871048,0.0,0.044127777,0.044127777
1708,0.0,0.04732949209196958,0.955633294,0.00016686803,0.06286038,0.993769980410363,0.8899824543037265,0.0,0.044366706,0.044366706
1709,0.0,0.04776195435140684,0.95115689,0.00031719104,0.1361334,0.9939516749198862,0.81670292522155,0.0099521531100478,0.04884311,0.04884311
1710,0.0,0.0468828759652906,0.95531482,0.00022580437,0.09158813,0.9934829476754684,0.8621636981447117,0.0099521531100478,0.04468518,0.04468518
1711,0.0,0.046043264546636146,0.956055764,0.00017106572,0.064906485,0.9930672032525332,0.8878036138920938,0.1565411253633964,0.1565411253633964,0.043944236
1712,0.0,0.04526572124759724,0.956678137,0.00014180657,0.050644483,0.9935095674136124,0.9023328769061771,0.1978845431462225,0.1978845431462225,0.043321863
1713,0.0,0.04428999689114089,0.958149314,0.0001256676,0.042777754,0.9931781330446926,0.9109050823127274,0.0,0.041850686,0.041850686
1714,0.0,0.04479547035081492,0.953940846,0.00015620906,0.057664797,0.9936018032127538,0.8931804966702238,0.0,0.046059154,0.046059154
1715,0.0,0.04477084682201066,0.955290712,0.00039968372,0.1763434,0.9935500154520966,0.7817564488416148,0.0,0.044709288,0.044709288
1716,0.0,0.04508335544429333,0.954135373,0.00025191894,0.10431735,0.993915320377266,0.8494025169340619,0.0,0.045864627,0.045864627
1717,0.0,0.04543171788878095,0.953697376,0.00020719628,0.08251786,0.9937649557580602,0.869544643803765,0.0,0.046302624,0.046302624
1718,0.0,0.04491342049198639,0.956382323,0.00012805307,0.043940518,0.994121909423164,0.9089837068950942,0.0,0.043617677,0.043617677
1719,0.0,0.04488987749427599,0.9551689800000001,0.00019989099,0.07895699,0.9937670271033376,0.874268243818662,0.0,0.04483102,0.04483102
1720,0.0,0.045503231924482856,0.952963382,0.00041815062,0.18534486,0.9931669252020624,0.7710317518864686,0.0371093795585606,0.047036618,0.047036618
1721,0.0,0.04565837137463061,0.95395378,0.00021079906,0.08427399,0.9921510852333238,0.8667037884343854,0.0,0.04604622,0.04604622
1722,0.0,0.046447589267593285,0.951579366,0.0002287013,0.09300021,0.9938621272117036,0.857784795858371,0.0,0.048420634,0.048420634
1723,0.0,0.04505723804828092,0.95841864,0.00011914808,0.039599895,0.993664211039699,0.9146334882079539,0.0,0.04158136,0.04158136
1724,0.0,0.04398443003448637,0.95869759,0.00014330557,0.051375154,0.9929223691351482,0.9030076422468906,0.0,0.04130241,0.04130241
1725,0.0,0.04398204202463312,0.956023928,0.00022183997,0.08965574,0.9931925545583176,0.8643863013405503,0.0,0.043976072,0.043976072
1726,0.0,0.04408062858902366,0.955672905,0.00011473968,0.037451077,0.993580365529668,0.9139766197307897,0.0195311652328915,0.044327095,0.044327095
1727,0.0,0.04452659842073119,0.954358477,0.00019387281,0.076023504,0.9926185010770824,0.8752957603138137,0.0,0.045641523,0.045641523
1728,0.0,0.04434535030052228,0.95610777,0.00011305558,0.036630187,0.9920922614302256,0.91380166133701,0.0,0.04389223,0.04389223
1729,0.0,0.04389301678608734,0.957237817,9.699528e-05,0.028801799,0.9928276612260266,0.9229997544966904,0.0,0.042762183,0.042762183
1730,0.0,0.04621839084720524,0.947968174,0.0002941157,0.12488563,0.993674890997402,0.8243333838297072,0.0,0.052031826,0.052031826
1731,0.0,0.048797327748003744,0.94475533,0.00014551704,0.052453108,0.9938252515468368,0.8896723419708927,0.0,0.05524467,0.05524467
1732,0.0,0.051939951248574104,0.94020349,0.00030215387,0.12880373,0.9931164759284584,0.8134634667538532,0.0,0.05979651,0.05979651
1733,0.0,0.05297514803469579,0.94443686,0.00015627517,0.05769702,0.99362919658743,0.8842759987036959,0.0,0.05556314,0.05556314
1734,0.0,0.0539299900247827,0.943682905,0.00017364285,0.066162676,0.993441496285878,0.8754666614554318,0.0093945188017845,0.056317095,0.056317095
1735,0.0,0.05482129087484479,0.942950457,0.0003907928,0.17200963,0.9935901231879922,0.7757493614778146,0.0093945188017845,0.057049543,0.057049543
1736,0.0,0.05743295748203199,0.936037876,0.00022059651,0.08904963,0.9929744451393656,0.8466934709078311,0.3405035025352272,0.3405035025352272,0.063962124
1737,0.0,0.05856928791573714,0.938589886,0.00024617361,0.101516865,0.9932013239726828,0.8375738109221289,0.0,0.061410114,0.061410114
1738,0.0,0.05776642136838367,0.944240745,0.00029204303,0.12387533,0.9927614208708352,0.8212843328567421,0.0,0.055759255,0.055759255
1739,0.0,0.05639601726313119,0.947029993,0.00017638327,0.06749845,0.993615669106543,0.8774688894729025,0.0,0.052970007,0.052970007
1740,0.0,0.05534916204509371,0.947267976,0.00025248172,0.10459167,0.993506003568179,0.8426834829920162,0.0,0.052732024,0.052732024
1741,0.0,0.05359357003220979,0.95079541,0.00024127353,0.09912838,0.9930198973437948,0.8505658320486049,0.0,0.04920459,0.04920459
1742,0.0,0.05148777373729271,0.953776717,0.00021149294,0.08461221,0.9934665195819218,0.8673713390459525,0.0,0.046223283,0.046223283
1743,0.0,0.048897658383780504,0.95757763,0.00014719184,0.053269465,0.994386341421492,0.9014788188250357,0.0,0.04242237,0.04242237
1744,0.0,0.04858049313127179,0.95221242,0.00026409808,0.110253915,0.99386786369992,0.8420319596695228,0.0093945188017845,0.04778758,0.04778758
1745,0.0,0.0473518922366227,0.95571961,0.00013866258,0.04911199,0.9934852086025472,0.9028617908429508,0.027722370918903,0.04428039,0.04428039
1746,0.0,0.047483671597587644,0.95218688,0.00031596265,0.13553464,0.993379620990558,0.8176831243915363,0.0194833563503023,0.04781312,0.04781312
1747,0.0,0.04673922828399117,0.95512188,0.0001477236,0.053528663,0.9927060479106652,0.8974017830213157,0.0,0.04487812,0.04487812
1748,0.0,0.04667163648856512,0.953497343,0.0002486019,0.102700494,0.9935904886619076,0.8500888919580335,0.0,0.046502657,0.046502657
1749,0.0,0.04682877234897509,0.952778388,0.0002689759,0.11263155,0.9926910602942912,0.8392860251265911,0.0,0.047221612,0.047221612
1750,0.0,0.045864436534982206,0.956546403,0.00015763401,0.05835937,0.992727813812648,0.8941727324946631,0.0,0.043453597,0.043453597
1751,0.0,0.045387764382130144,0.955803916,0.00014655257,0.052957863,0.992648655100698,0.8985322443905668,0.0,0.044196084,0.044196084
1752,0.0,0.04479181741580725,0.95669805,0.00017299376,0.06584629,0.9913374450155824,0.8859612810962649,0.0,0.04330195,0.04330195
1753,0.0,0.04496619929700518,0.954597846,0.000115787545,0.037961848,0.991914560438225,0.9109342070503637,0.0,0.045402154,0.045402154
1754,0.0,0.04651553778357513,0.949611116,0.00016926727,0.06402985,0.9924998347772208,0.8821414543927845,0.1354625240208083,0.1354625240208083,0.050388884
1755,0.0,0.04756655841683938,0.94980589,0.0002208702,0.08918304,0.993110603738552,0.8591393013449271,0.1751560622372126,0.1751560622372126,0.05019411
1756,0.0,0.04761858172631384,0.95225136,0.00021154073,0.0846355,0.9922708722922526,0.8649199410545865,0.0,0.04774864,0.04774864
1757,0.0,0.04831859837593846,0.94993136,0.00025765214,0.10711192,0.9928924503075794,0.8421538896900901,0.0,0.05006864,0.05006864
1758,0.0,0.04961083998281318,0.947158556,0.00014843351,0.0538747,0.9926715134045252,0.8895633913186097,0.0,0.052841444,0.052841444
1759,0.0,0.04951417141629513,0.9507275,0.00019528152,0.076710165,0.9929589534956952,0.8716164268488861,0.0,0.0492725,0.0492725
1760,0.0,0.04866402586878223,0.953461338,0.0002079904,0.08290494,0.9929865871366602,0.8682820517952796,0.0,0.046538662,0.046538662
1761,0.0,0.048058042477701596,0.953456916,0.0001518681,0.055548847,0.9925249914320756,0.8937622871463653,0.3289876060115336,0.3289876060115336,0.046543084
1762,0.0,0.04823425119835828,0.951325227,0.00018357074,0.071001895,0.9932092493033948,0.8777778079996534,0.0,0.048674773,0.048674773
1763,0.0,0.04816115228454163,0.9520215949999999,0.00015135994,0.055301152,0.9932759299058374,0.8933262522406251,0.0,0.047978405,0.047978405
1764,0.0,0.04797373934610116,0.952494793,0.00014023557,0.04987872,0.992774372843286,0.8984464835936062,0.0,0.047505207,0.047505207
1765,0.0,0.04653639181864369,0.957056977,0.00013817432,0.04887399,0.992694226869274,0.9036314716786363,0.0,0.042943023,0.042943023
1766,0.0,0.04588694644188835,0.955736667,0.00016786745,0.063347526,0.9934972803265254,0.889371923766451,0.0,0.044263333,0.044263333
1767,0.0,0.045442551744205965,0.955668435,0.000117682546,0.038885538,0.992393597029064,0.9115202212548171,0.0,0.044331565,0.044331565
1768,0.0,0.04503054553157569,0.95599947,0.00021321308,0.08545067,0.9922212787689898,0.8675076713179742,0.0,0.04400053,0.04400053
1769,0.0,0.045328043951125496,0.9539282099999999,0.00022907404,0.09318189,0.9936145089550428,0.859515675275912,0.0745597543052789,0.0745597543052789,0.04607179
1770,0.0,0.0451702468222325,0.955224246,0.00014689504,0.053124793,0.9936945910303054,0.8987750509870608,0.0,0.044775754,0.044775754
1771,0.0,0.04520304773016608,0.95471495,0.00020684226,0.0823453,0.9936519154749968,0.8705371126753186,0.0,0.04528505,0.04528505
1772,0.0,0.04497686980726148,0.955588575,0.0001491722,0.05423477,0.9938199213191716,0.8981771253802321,0.0,0.044411425,0.044411425
1773,0.0,0.044534837005186775,0.956570245,0.00018761777,0.07297457,0.9939769545068984,0.8814239171047826,0.0,0.043429755,0.043429755
1774,0.0,0.044496360717990555,0.95559983,0.00014631325,0.05284121,0.9931449175567544,0.8989002108291937,0.0,0.04440017,0.04440017
1775,0.0,0.04420604794142182,0.956519734,0.00014806355,0.05369437,0.9930793724017896,0.8988957341478274,0.0676691877899354,0.0676691877899354,0.043480266
1776,0.0,0.04461803138672987,0.95435201,0.00024106939,0.09902887,0.993339218712476,0.8541163786473297,0.0,0.04564799,0.04564799
1777,0.0,0.04483472441909277,0.954623543,0.00018244359,0.07045248,0.9934426776892126,0.8815491892929863,0.0,0.045376457,0.045376457
1778,0.0,0.044937187156494834,0.954806656,0.0002183958,0.087976925,0.9935689299520516,0.865205489965071,0.0,0.045193344,0.045193344
1779,0.0,0.044798075968924884,0.955549702,0.00011651418,0.038316038,0.9930244535307564,0.9125267367940003,0.0093945188017845,0.044450298,0.044450298
1780,0.0,0.046407116263517775,0.949570283,0.00018941713,0.07385164,0.9931552639195738,0.8734234053441081,0.0,0.050429717,0.050429717
1781,0.0,0.047373696759655554,0.950209852,0.00016009175,0.05955736,0.99357969872399,0.8878805658707091,0.0,0.049790148,0.049790148
1782,0.0,0.04665794825689682,0.955131423,0.00016777535,0.06330263,0.9927989748921312,0.8882265573342465,0.0,0.044868577,0.044868577
1783,0.0,0.048529036469212014,0.946793243,0.00041343493,0.18304625,0.992653855636726,0.7678041483916346,0.0,0.053206757,0.053206757
1784,0.0,0.04826710490658001,0.952387724,0.00016880264,0.063803375,0.9937099987832952,0.8860138683478482,0.0,0.047612276,0.047612276
1785,0.0,0.04799122979041429,0.952698458,0.00021438974,0.086024225,0.9936238968502376,0.8651913623208172,0.0,0.047301542,0.047301542
1786,0.0,0.046829156707438785,0.956076026,0.00015984509,0.05943713,0.9934941232434148,0.8933992038104889,0.0,0.043923974,0.043923974
1787,0.0,0.04622051136245628,0.955301102,0.00017707395,0.067835115,0.993335569930786,0.8845634792928375,0.0,0.044698898,0.044698898
1788,0.0,0.04569302525889734,0.95562569,0.0001515067,0.05537269,0.9934597985349282,0.8968062188301119,0.0,0.04437431,0.04437431
1789,0.0,0.044636798042069534,0.95800377,9.321174e-05,0.02695756,0.9932918677056012,0.9259251503579575,0.0,0.04199623,0.04199623
1790,0.0,0.04411997774433538,0.957172073,0.00026856604,0.112431765,0.9930761071381284,0.8436732959718073,0.0,0.042827927,0.042827927
1791,0.0,0.04409337353166813,0.955973137,0.00018701538,0.07268094,0.9937183506263608,0.8809234781756231,0.0,0.044026863,0.044026863
1792,0.0,0.04410346680833438,0.9558713,0.00024169759,0.09933508,0.9929443564632384,0.8548454050895389,0.0093945188017845,0.0441287,0.0441287
1793,0.0,0.04406220314881027,0.956040956,0.00012065364,0.04033376,0.9941151364995112,0.9120809836153413,0.0283228572644548,0.043959044,0.043959044
1794,0.0,0.04330431653486448,0.9585904,0.00010607957,0.03322982,0.993060334868508,0.9203053717911124,0.0195907183642191,0.0414096,0.0414096
1795,0.0,0.04398525609633177,0.954312395,0.00021941004,0.0884713,0.9924120096220984,0.8632824719362368,0.0,0.045687605,0.045687605
1796,0.0,0.04415096749737983,0.955434754,0.0001421237,0.050799064,0.9936413323526118,0.9011328898744263,0.0,0.044565246,0.044565246
1797,0.0,0.04484342106955702,0.953425445,0.00019618818,0.0771521,0.993648129630004,0.8742778706958436,0.0,0.046574555,0.046574555
1798,0.0,0.043970772192540725,0.95821085,0.0001192549,0.039651968,0.9930454687362376,0.9138162337644996,0.0,0.04178915,0.04178915
1799,0.0,0.04457537899467195,0.953913104,0.00023741342,0.09724682,0.993008919198694,0.8551277322140156,0.0093945188017845,0.046086896,0.046086896
1800,0.0,0.044803506996194245,0.954626173,0.00024559585,0.10123523,0.9930179611683552,0.8519938926044051,0.0,0.045373827,0.045373827
1801,0.0,0.04515094385442446,0.953980464,0.00017071946,0.0647377,0.9927081609581138,0.88571602397249,0.1902377006778812,0.1902377006778812,0.046019536
1802,0.0,0.046966463896017475,0.948494736,0.00030411343,0.1297589,0.9925920039275744,0.8193044009321591,0.0,0.051505264,0.051505264
1803,0.0,0.049687997068583914,0.94350817,0.0002546539,0.10565046,0.992650002345904,0.8376239779862575,0.0,0.05649183,0.05649183
1804,0.0,0.05105530304898851,0.945526432,0.00023897273,0.09800688,0.9920931185742088,0.8461148867029022,0.0,0.054473568,0.054473568
1805,0.0,0.05048130960642037,0.950953674,0.00023026414,0.09376199,0.991947696943134,0.8548509679364512,0.0,0.049046326,0.049046326
1806,0.0,0.050535799433157405,0.949327976,0.00024972844,0.10324962,0.9920474982115016,0.8445401771498859,0.0,0.050672024,0.050672024
1807,0.0,0.04988294616654101,0.951749187,0.00015522898,0.057187065,0.992597981492366,0.8906794544407411,0.0865581021362031,0.0865581021362031,0.048250813
1808,0.0,0.04936172640467215,0.951941323,0.0001579836,0.05852977,0.9929691953020848,0.8899232374747263,0.2821601541174325,0.2821601541174325,0.048058677
1809,0.0,0.04923838371762297,0.951069973,0.00020726591,0.0825518,0.9928007151829668,0.8662756453105326,0.0,0.048930027,0.048930027
1810,0.0,0.048027766655444976,0.954998776,0.00023995092,0.09848369,0.9917391918321008,0.8538348548107038,0.0,0.045001224,0.045001224
1811,0.0,0.047195196182460694,0.9548862300000001,0.00018816214,0.073239915,0.9920055489319646,0.8778757506604925,0.0,0.04511377,0.04511377
1812,0.0,0.046527205844614776,0.95514277,8.4274005e-05,0.022600977,0.9928761944352232,0.9269051415723749,0.0,0.04485723,0.04485723
1813,0.0,0.04555062331758198,0.956890833,0.00015342323,0.056306876,0.992775582929402,0.8964875692735319,0.0,0.043109167,0.043109167
1814,0.0,0.04348353951255856,0.96168417,4.44385e-05,0.003183671,0.9930850876246686,0.9519936935189514,0.0,0.03831583,0.03831583
1815,0.0,0.04299087679468469,0.95824078,0.00010347495,0.031960234,0.993463184432794,0.9215515310909621,0.0,0.04175922,0.04175922
1816,0.0,0.043328170281917634,0.955828596,0.00017595287,0.06728866,0.9929620390772492,0.8852377427667414,0.0,0.044171404,0.044171404
1817,0.0,0.043592023915655455,0.955748342,0.00017178842,0.06525875,0.9938818113422362,0.8879115484114194,0.0,0.044251658,0.044251658
1818,0.0,0.04278161479689675,0.959244408,0.00010599106,0.033186674,0.9928505813051391,0.9207798321764413,0.0742863926784931,0.0742863926784931,0.040755592
1819,0.0,0.04322463999778339,0.955667797,0.00023347483,0.095327,0.9930342106817704,0.8585444623664478,0.1454372802621907,0.1454372802621907,0.044332203
1820,0.0,0.04467363314127385,0.951703884,0.00036366767,0.15878783,0.9938141675197512,0.7956326054446684,0.0,0.048296116,0.048296116
1821,0.0,0.0461767388151956,0.950065497,0.00035154235,0.15287751,0.9933408884904688,0.7994624510407216,0.0,0.049934503,0.049934503
1822,0.0,0.044848722010854,0.95847132,0.00010087647,0.030693632,0.992564258731764,0.9221441610922173,0.0,0.04152868,0.04152868
1823,0.0,0.04424822200775286,0.957253028,0.00012217305,0.041074377,0.9931615620126206,0.9116572183880362,0.0,0.042746972,0.042746972
1824,0.0,0.044766110005537756,0.95393917,0.00018351426,0.070974365,0.9931205600040676,0.8801371499262908,0.0,0.04606083,0.04606083
1825,0.0,0.044543088289669824,0.956014466,0.00011066471,0.035464786,0.9929802592618504,0.9156366471030475,0.0,0.043985534,0.043985534
1826,0.0,0.04499291249262131,0.953882527,0.00024708788,0.10196251,0.9935314856278268,0.8510811968349654,0.0,0.046117473,0.046117473
1827,0.0,0.04457528720901522,0.956468776,0.00018120898,0.06985068,0.9927896364897244,0.8832440183822046,0.0,0.043531224,0.043531224
1828,0.0,0.04404213943501087,0.95729073,0.00013483637,0.04724695,0.9936241363273206,0.906246481921492,0.0,0.04270927,0.04270927
1829,0.0,0.045530869882150625,0.950747304,0.0004026218,0.17777553,0.9931363056235624,0.7763621581297319,0.0,0.049252696,0.049252696
1830,0.0,0.04577782591582187,0.953604784,0.0001872197,0.072780535,0.994064306278686,0.8789525718066934,0.0383336030935257,0.046395216,0.046395216
1831,0.0,0.04628646593987277,0.952441934,0.00019705381,0.077574044,0.9928716279253712,0.8722944791684055,0.0,0.047558066,0.047558066
1832,0.0,0.046601251385623405,0.952611785,0.00024796627,0.10239067,0.9933890764930982,0.8494204023935131,0.0,0.047388215,0.047388215
1833,0.0,0.04634866070401671,0.954282816,0.0002006418,0.079322964,0.9935645540838306,0.8729321800881186,0.0,0.045717184,0.045717184
1834,0.0,0.04671346793144051,0.952374514,0.00015041532,0.05484071,0.9936325431552092,0.8944139810803556,0.0,0.047625486,0.047625486
1835,0.0,0.04532048280817179,0.95816198,9.757071e-05,0.029082283,0.99366658094144,0.9244044849210535,0.0,0.04183802,0.04183802
1836,0.0,0.044927397148694134,0.956055317,0.00014116365,0.0503311,0.9927416579173738,0.9013458911484493,0.0,0.043944683,0.043944683
1837,0.0,0.04650326167763867,0.949557077,0.00025882034,0.10768134,0.9937516886407658,0.8420132574742516,0.0,0.050442923,0.050442923
1838,0.0,0.04674202062688476,0.952661082,0.00020282961,0.08038939,0.993212275025641,0.8701306673884083,0.0,0.047338918,0.047338918
1839,0.0,0.04706770730491769,0.952118076,0.00012908486,0.04444345,0.992970286433682,0.9034070117661414,0.0,0.047881924,0.047881924
1840,0.0,0.04805613493208406,0.949472796,0.0003553684,0.15474246,0.9932943009595344,0.7971673875174741,0.0093945188017845,0.050527204,0.050527204
1841,0.0,0.04854107466577433,0.950246576,0.00018586784,0.07212159,0.9935477737699332,0.8760242684810033,0.065120303885652,0.065120303885652,0.049753424
1842,0.0,0.04777027961841024,0.954156708,0.0002010736,0.07953344,0.993461174914053,0.8725264931033301,0.0490422359071669,0.0490422359071669,0.045843292
1843,0.0,0.048067446298864454,0.951189637,0.0002835783,0.1197493,0.9938875502964036,0.8321674792504478,0.0982529044754846,0.0982529044754846,0.048810363
1844,0.0,0.0498978644991889,0.94552609,0.00024765177,0.102237366,0.9934468961295114,0.8432953384742118,0.01,0.05447391,0.05447391
1845,0.0,0.0511404223565635,0.945753183,0.00013067698,0.04521951,0.992884761328282,0.8965617216849683,0.0,0.054246817,0.054246817
1846,0.0,0.05598322168325964,0.93190978,0.00036599126,0.15992044,0.9930876311493392,0.7774668139668014,0.0,0.06809022,0.06809022
1847,0.0,0.055481609773756886,0.94577242,0.0003496266,0.1519437,0.9920190605704532,0.7956670009526297,0.0,0.05422758,0.05422758
1848,0.0,0.05282907183839777,0.953802273,0.00012454233,0.042229254,0.992076168338614,0.9062853048301792,0.0,0.046197727,0.046197727
1849,0.0,0.05106317988456984,0.95335155,0.00018822652,0.0732713,0.9927494879449972,0.877092427916125,0.086819964171769,0.086819964171769,0.04664845
1850,0.0,0.05038319534612132,0.951316766,0.00038921394,0.17124003,0.9925843772168876,0.7825666791584449,0.0284225358998498,0.048683234,0.048683234
1851,0.0,0.049868870961515224,0.95141694,0.00016237222,0.06066895,0.992725487165014,0.8871942740473484,0.0,0.04858306,0.04858306
1852,0.0,0.04983659811536802,0.950244084,0.00015011428,0.054693975,0.9924811379334566,0.8915174786361011,0.0093945188017845,0.049755916,0.049755916
1853,0.0,0.04993366551097716,0.949823666,0.0002267955,0.09207125,0.9923208157897306,0.8557498987042725,0.0,0.050176334,0.050176334
1854,0.0,0.04888119193641226,0.953749992,9.67388e-05,0.02867678,0.992581127220504,0.9195266731722218,0.0,0.046250008,0.046250008
1855,0.0,0.04672740281172304,0.95865707,0.00010809226,0.03421088,0.991988893840929,0.9184434007181959,0.0,0.04134293,0.04134293
1856,0.0,0.0466077320083736,0.953691445,0.00027977893,0.11789735,0.9912565411672164,0.8338982833777632,0.2294948504887358,0.2294948504887358,0.046308555
1857,0.0,0.04640478000598114,0.9541026,0.00019082212,0.07453649,0.9919017173569245,0.8758364616573284,0.0,0.0458974,0.0458974
1858,0.0,0.046332231432843665,0.95384914,0.0001750996,0.066872746,0.9928390586005512,0.8836889424122261,0.0,0.04615086,0.04615086
1859,0.0,0.04651859102345976,0.95301551,0.00017536178,0.067000546,0.9916770128831248,0.8817624587018543,0.0,0.04698449,0.04698449
1860,0.0,0.04648791930247126,0.95358876,0.00017022547,0.06449691,0.9929428613734396,0.8857896624233769,0.0,0.04641124,0.04641124
1861,0.0,0.047032532358908044,0.951605935,0.00026906937,0.112677105,0.9926648441858688,0.838188061564169,0.0,0.048394065,0.048394065
1862,0.0,0.04669184139922003,0.954159886,0.0002172049,0.087396435,0.9928693171846784,0.8645605309111257,0.0,0.045840114,0.045840114
1863,0.0,0.04660680957087145,0.95360577,0.00012387686,0.041904878,0.9925846863738794,0.9068700720591018,0.0,0.04639423,0.04639423
1864,0.0,0.04627852683633675,0.95454218,0.00014852102,0.05391736,0.9933717869394916,0.8970900069287091,0.0,0.04545782,0.04545782
1865,0.0,0.04571023116881197,0.955710508,0.00016749745,0.06316718,0.992429769299184,0.8885630326121087,0.0860622480890227,0.0860622480890227,0.044289492
1866,0.0,0.04445544626343712,0.958681516,0.00010517763,0.03279018,0.9917199685439884,0.9195685490185713,0.0385180165256027,0.041318484,0.041318484
1867,0.0,0.04431526447388366,0.95603519,0.0002039868,0.08095344,0.9919796221990774,0.8715938210192019,0.0,0.04396481,0.04396481
1868,0.0,0.04470292319563118,0.95432793,0.00024311479,0.10002588,0.9930805775529052,0.8529275515984561,0.0,0.04567207,0.04567207
1869,0.0,0.04498216399687942,0.954319734,0.0001989567,0.07850158,0.9916064248285624,0.8720227824093049,0.01,0.045680266,0.045680266
1870,0.0,0.044726847712056726,0.955911443,0.00018078656,0.06964478,0.9916150876685084,0.8818801863904977,0.0,0.044088557,0.044088557
1871,0.0,0.044646339222897666,0.955554932,0.00021025825,0.08401038,0.9930314341271552,0.8691789638709351,0.0,0.044445068,0.044445068
1872,0.0,0.04416244230206977,0.9570473,0.000115861854,0.037998065,0.9919721520836758,0.9132902645933124,0.0,0.0429527,0.0429527
1873,0.0,0.04505137021576412,0.95272631,0.0004118363,0.18226703,0.9931670383857286,0.7737523206177328,0.0099521531100478,0.04727369,0.04727369
1874,0.0,0.045228491582688664,0.954328705,0.00022141164,0.089446954,0.993810647981402,0.8635885671292912,0.0,0.045671295,0.045671295
1875,0.0,0.04530660255906333,0.95449812,0.00014062723,0.050069634,0.9926450252759232,0.9000379432607072,0.0,0.04550188,0.04550188
1876,0.0,0.04589888068504523,0.952620424,0.0002356495,0.096387014,0.993015517408459,0.8547879419423249,0.0,0.047379576,0.047379576
1877,0.0,0.045829838203603736,0.954342768,0.0001952114,0.07667598,0.9938269088870682,0.8757280731209033,0.2652492894395628,0.2652492894395628,0.045657232
1878,0.0,0.04582165157400267,0.954198815,0.0002160883,0.08685216,0.9939686399989194,0.8660693145867376,0.0093333333333333,0.045801185,0.045801185
1879,0.0,0.04433923826714477,0.959366795,7.893866e-05,0.020000331,0.9927081365478352,0.9333234836288377,0.0099521531100478,0.040633205,0.040633205
1880,0.0,0.04417753019081769,0.95622674,0.00017025553,0.06451157,0.9929340293885596,0.8882182650763321,0.0099521531100478,0.04377326,0.04377326
1881,0.0,0.043298622993441206,0.958898645,0.000103252154,0.03185163,0.9937431853557288,0.9225476077340206,0.0,0.041101355,0.041101355
1882,0.0,0.04419799928102944,0.95355356,0.00028017975,0.118092716,0.992574824725666,0.8347016600623183,0.0,0.04644644,0.04644644
1883,0.0,0.04409506720073531,0.956162263,0.00018642373,0.072392546,0.9937898915578822,0.8814352286750485,0.0,0.043837737,0.043837737
1884,0.0,0.04339228800052522,0.95836466,0.00021503167,0.08633712,0.992850049908563,0.8693615602071446,0.0,0.04163534,0.04163534
1885,0.0,0.044102410571803724,0.954122283,0.00026815548,0.112231635,0.9937500338997388,0.8417456105334667,0.0,0.045877717,0.045877717
1886,0.0,0.04388721155128837,0.956650786,0.00022402401,0.090720326,0.9936054243103712,0.8643007092985531,0.0,0.043349214,0.043349214
1887,0.0,0.04363356539377741,0.95700055,0.00014898743,0.054144703,0.993740026301896,0.8995176111705165,0.0,0.04299945,0.04299945
1888,0.0,0.04388519699555529,0.955485724,0.00018572918,0.072054,0.9932408239940056,0.8806462055361073,0.0455692915152193,0.0455692915152193,0.044514276
1889,0.0,0.04373540071111093,0.95663909,0.00017427458,0.0664706,0.9933804210856942,0.8871390960171645,0.0555101906209194,0.0555101906209194,0.04336091
1890,0.0,0.044588873079364946,0.953277446,0.00031057754,0.13290973,0.9937428408778736,0.8214055704793476,0.0095722891566265,0.046722554,0.046722554
1891,0.0,0.04508684705668925,0.953668218,0.0001841,0.07125988,0.992165183243875,0.8787705601839351,0.0,0.046331782,0.046331782
1892,0.0,0.04531111932620661,0.9541282,0.00015171706,0.055475228,0.9923933080370398,0.8943425871057199,0.0,0.0458718,0.0458718
1893,0.0,0.04579695151871901,0.952988468,0.0002633646,0.10989639,0.9923393002558908,0.8417602221677795,0.0374983955942871,0.047011532,0.047011532
1894,0.0,0.045693236799085005,0.9545660499999999,0.00016882451,0.06381404,0.992677011438012,0.8871071354060834,0.1057949737370139,0.1057949737370139,0.04543395
1895,0.0,0.04533815399934643,0.955549553,0.0001139035,0.037043493,0.9935705452245376,0.9142365799094424,0.0,0.044450447,0.044450447
1896,0.0,0.04621821114239031,0.951581646,0.000333099,0.14388752,0.9924464033369776,0.8085073028509844,0.0,0.048418354,0.048418354
1897,0.0,0.04630078510170737,0.95349278,0.00014188307,0.050681774,0.9932129582663558,0.8990246609164022,0.0,0.04650722,0.04650722
1898,0.0,0.04680421507264812,0.95193721,0.00021970559,0.08861536,0.993093188068814,0.8615887329717895,0.0,0.04806279,0.04806279
1899,0.0,0.04722553705189152,0.951721158,0.0002311753,0.094206125,0.9934262685659564,0.8563962236970997,0.0,0.048278842,0.048278842
1900,0.0,0.047791609322779656,0.95079321,0.000180785,0.06964403,0.993358333183789,0.8787010791690997,0.1084769864530976,0.1084769864530976,0.04920679
1901,0.0,0.04912546608769975,0.947539892,0.0002660117,0.111186676,0.9929413720835712,0.8362414028487271,0.0779772923930122,0.0779772923930122,0.052460108
1902,0.0,0.0482071234912141,0.954088733,0.00013959495,0.04956646,0.9933527215795144,0.9007701936543178,0.0,0.045911267,0.045911267
1903,0.0,0.047222976779438645,0.95523739,0.000113730755,0.03695929,0.9931023966218364,0.9135871648038901,0.0,0.04476261,0.04476261
1904,0.0,0.047073136842456176,0.953301463,0.00018515736,0.07177527,0.9927608338572708,0.8784722142936714,0.0,0.046698537,0.046698537
1905,0.0,0.047099161744611553,0.952835776,0.00026654164,0.111444995,0.992107625961948,0.8399649429237547,0.0,0.047164224,0.047164224
1906,0.0,0.04623210581757968,0.955935534,0.00011881587,0.03943797,0.9921328829261672,0.9110115118752863,0.0,0.044064466,0.044064466
1907,0.0,0.04684445558398549,0.95162467,0.00021505091,0.0863465,0.9917693632598756,0.862299040432972,0.0,0.04837533,0.04837533
1908,0.0,0.04617691570284678,0.955491934,0.00019827922,0.07817135,0.9924630750449972,0.8741613173136269,0.0,0.044508066,0.044508066
1909,0.0,0.04628512835917627,0.95344434,0.00022204027,0.089753374,0.99370531261682,0.862406526412414,0.0,0.04655566,0.04655566
1910,0.0,0.04496105739941162,0.95834912,0.00011560164,0.037871227,0.9929927786194672,0.9155942175787853,0.0,0.04165088,0.04165088
1911,0.0,0.04405288271386544,0.958217554,0.00012406845,0.041998267,0.9928327829826524,0.9113947578945476,0.027770691463655,0.041782446,0.041782446
1912,0.0,0.04357587565276103,0.957616642,0.00020190138,0.07993693,0.9934265219941188,0.8752760283245254,0.0195890410958904,0.042383358,0.042383358
1913,0.0,0.04372003118054359,0.95591958,0.00023058748,0.0939196,0.9939196712620924,0.8608735795090637,0.0,0.04408042,0.04408042
1914,0.0,0.043885393700388284,0.9557012,0.00016832551,0.063570805,0.9923145275114222,0.8880684186307138,0.0,0.0442988,0.0442988
1915,0.0,0.0445849383574202,0.9536662,0.00030767833,0.13149655,0.9924725703210248,0.8220276979907034,0.0,0.0463338,0.0463338
1916,0.0,0.04584127425530014,0.951017886,0.00030753686,0.1314276,0.992492119796995,0.8198261692608592,0.0276777757867001,0.048982114,0.048982114
1917,0.0,0.0450322450395001,0.9569903280000001,0.00010489414,0.032651998,0.9936620411597104,0.919875362710658,0.0,0.043009672,0.043009672
1918,0.0,0.045419302456785784,0.953613054,0.0001460486,0.052712206,0.9934481533140186,0.8974274217158978,0.0,0.046386946,0.046386946
1919,0.0,0.04451955432627556,0.957729816,0.00016442341,0.061668776,0.9931265620616812,0.892490853223348,0.0,0.042270184,0.042270184
1920,0.0,0.04413414023305397,0.956829395,0.00025783636,0.10720172,0.993840159237386,0.8489935594081213,0.0,0.043170605,0.043170605
1921,0.0,0.04408242359503855,0.956046868,0.0002178703,0.087720774,0.9933770239082608,0.8664052582334784,0.0,0.043953132,0.043953132
1922,0.0,0.044069045996456106,0.955964398,0.00014560453,0.05249575,0.9926631284778488,0.8991347360455295,0.0,0.044035602,0.044035602
1923,0.0,0.045080449140325794,0.952391043,0.00026644516,0.11139797,0.9931706694463764,0.8405169748390816,0.0,0.047608957,0.047608957
1924,0.0,0.04658746938594699,0.94964498,0.00016250178,0.060732096,0.9924645305485044,0.8852496293105162,0.0,0.05035502,0.05035502
1925,0.0,0.048288300132819276,0.947459623,0.00023476593,0.09595633,0.9936127724935642,0.8510739277692126,0.1820727865562211,0.1820727865562211,0.052540377
1926,0.0,0.0504655163805852,0.944091443,0.00034119308,0.14783289,0.9933094707886244,0.7991409873977916,0.0,0.055908557,0.055908557
1927,0.0,0.052511654557560856,0.942373,0.00031660713,0.13584878,0.9934438187181636,0.809013733207452,0.0,0.057627,0.057627
1928,0.0,0.05323863439825775,0.944943916,0.00045328715,0.2024717,0.9938023271329888,0.7489488277031355,0.0,0.055056084,0.055056084
1929,1.0,0.0534712508558984,0.945947208,0.00020812184,0.08296901,0.9935795696127208,0.8618934194471879,0.0,0.054052792,0.054052792
1930,1.0,0.05314193918278457,0.94768134,0.000179368,0.06895332,0.9935510944875864,0.8766454666140576,0.0,0.05231866,0.05231866
1931,1.0,0.053031317701988975,0.947245236,0.00026107664,0.10878115,0.9929329496089576,0.8382367860981047,0.0,0.052754764,0.052754764
1932,1.0,0.05313087264427784,0.94662024,0.00018285606,0.070653535,0.9930995644742244,0.8736675971939851,0.0,0.05337976,0.05337976
1933,1.0,0.05337872246019846,0.9460016529999999,0.00020428075,0.08109672,0.993396594799056,0.863543787196291,0.0,0.053998347,0.053998347
1934,1.0,0.05266418861442747,0.949122146,0.00019774417,0.07791055,0.9929551701287832,0.8690100549590983,0.0,0.050877854,0.050877854
1935,1.0,0.05047624101030534,0.954993628,0.00018048286,0.06949675,0.9926513315528694,0.8820944664758391,0.0,0.045006372,0.045006372
1936,1.0,0.04986042072164667,0.95167913,0.0005543978,0.2517568,0.9937055057878316,0.7076052073498572,0.065120303885652,0.065120303885652,0.04832087
1937,1.0,0.04901355080117619,0.953103624,0.00027307993,0.114632,0.9939964946812492,0.8387814067231032,0.0,0.046896376,0.046896376
1938,1.0,0.04740356771512585,0.95662139,7.11238e-05,0.016191078,0.9930498933066482,0.9345916860691604,0.0196429794703829,0.04337861,0.04337861
1939,1.0,0.04913434351080418,0.946538717,0.00038413395,0.16876386,0.9926340458469346,0.7810016774541647,0.0,0.053461283,0.053461283
1940,1.0,0.04958512250771727,0.94928793,0.0002841649,0.12003524,0.992585888697358,0.8291466223101984,0.0,0.05071207,0.05071207
1941,1.0,0.051365977219798055,0.944181886,0.00022443112,0.090918764,0.9930490763581156,0.8523717937869909,0.0385081800171669,0.055818114,0.055818114
1942,1.0,0.05559016087128432,0.9338493800000001,0.00029810163,0.1268285,0.9932841012883904,0.809934448481493,0.0682287136500491,0.0682287136500491,0.06615062
1943,1.0,0.05939021776520309,0.93110964,0.0004978218,0.22417954,0.9926148841277398,0.7170390941925823,0.0,0.06889036,0.06889036
1944,1.0,0.06469705268943078,0.92203586,0.00029966267,0.12758942,0.9934448372078802,0.7991209068371313,0.0,0.07796414,0.07796414
1945,1.0,0.07287754906387912,0.9066712100000001,0.00060069305,0.2743228,0.9929892928205284,0.653337925823033,0.0,0.09332879,0.09332879
1946,1.0,0.6252505245594819,0.8174644,0.0006245036,0.28592896,0.9933125605196108,0.5798240109100092,0.0,0.1825356,0.1825356
1947,1.0,0.95,0.5215626,0.0006892249,0.31747654,0.9936478675496178,0.35371748644088197,0.0,0.4784374,0.4784374
1948,1.0,0.95,0.5516959,0.0011819638,0.5576558,0.9929178164592932,0.24231114912941426,0.0,0.5516959,0.5516959
1949,1.0,0.95,0.7354389,0.000880257,0.41059268,0.9929382785645132,0.43041200499504734,0.0,0.2645611,0.2645611
1950,1.0,0.95,0.90042466,0.00041431724,0.18347633,0.9926016766166076,0.729778667065723,0.0,0.09957534,0.09957534
1951,1.0,0.95,0.9354030799999999,0.00026700788,0.11167226,0.9940755739827616,0.8260216348067911,0.0,0.06459692,0.06459692
1952,1.0,0.897679982671522,0.95072093,0.00013890542,0.04923036,0.9937551699375948,0.8982717908217307,0.0,0.04927907,0.04927907
1953,1.0,0.7209465961939443,0.953481145,0.00020347936,0.0807061,0.9921739888397596,0.8696696714939919,0.0,0.046518855,0.046518855
1954,1.0,0.09910671002308861,0.95352093,0.00014810404,0.053714104,0.9920613037093192,0.8951402948848222,0.0,0.04647907,0.04647907
1955,1.0,0.08397391773077759,0.953858063,0.00022249101,0.089973085,0.9923251997856402,0.8613745036235239,0.0,0.046141937,0.046141937
1956,1.0,0.07319924037912684,0.953737453,0.0002264167,0.09188661,0.9931435765705944,0.8601633912717815,0.0,0.046262547,0.046262547
1957,1.0,0.06534437255651918,0.954292797,0.00018155681,0.07002023,0.992026086879472,0.8803963633008608,0.0,0.045707203,0.045707203
1958,1.0,0.058895629540370836,0.957226228,0.00014836587,0.053841732,0.99334910485387,0.899663877304692,0.0,0.042773772,0.042773772
1959,0.0,0.05512884567169346,0.954288114,0.00019274821,0.075475335,0.9931528003754538,0.8762218687191689,0.0,0.045711886,0.045711886
1960,0.0,0.05091085090835247,0.959634136,0.00011445682,0.0373132,0.9933128210790396,0.917649318342843,0.027770691463655,0.040365864,0.040365864
1961,0.0,0.04911340407739462,0.955380213,0.00020673386,0.08229246,0.9937596337969116,0.8712883239045932,0.0455692915152193,0.0455692915152193,0.044619787
1962,0.0,0.047804071483853294,0.95546926,0.0001835907,0.071011625,0.9931858050867504,0.881571420643866,0.0095890410958904,0.04453074,0.04453074
1963,0.0,0.04617746620275235,0.957889047,0.000110820845,0.035540894,0.9935247113085128,0.9178626520405674,0.0,0.042110953,0.042110953
1964,0.0,0.04633744071625168,0.953262623,0.00023569466,0.09640903,0.9927729868739829,0.8551344417817384,0.0,0.046737377,0.046737377
1965,0.0,0.04607405479732263,0.95458441,0.00020792786,0.08287446,0.9935094050685144,0.8697913970611327,0.0,0.04541559,0.04541559
1966,0.0,0.046375843712373306,0.952869684,0.0003316112,0.14316233,0.9941540489756988,0.811681686014057,0.0,0.047130316,0.047130316
1967,0.0,0.04642575750883808,0.953449458,0.00022162768,0.08955226,0.992845792804607,0.8618555809021335,0.0,0.046550542,0.046550542
1968,0.0,0.04631584622059863,0.953958932,0.00029680296,0.12619549,0.993352407251646,0.8280323592038883,0.0,0.046041068,0.046041068
1969,0.0,0.045709491014713305,0.955806397,0.00014342155,0.051431686,0.9935594588637904,0.9008083609462433,0.0,0.044193603,0.044193603
1970,0.0,0.04585877929622379,0.953768,0.00027555172,0.115836844,0.9928472281257802,0.837254688834081,0.0,0.046232,0.046232
1971,0.0,0.04631173606873128,0.952555872,0.00021664091,0.087121524,0.9932266657259408,0.8636778796729861,0.0755629104830272,0.0755629104830272,0.047444128
1972,0.0,0.04630791719195091,0.95370163,0.00023687899,0.096986316,0.993475764196588,0.8555869137877143,0.0,0.04629837,0.04629837
1973,0.0,0.04555716170853637,0.956319727,0.00012276918,0.041364957,0.992848853034098,0.9102057056614019,0.0,0.043680273,0.043680273
1974,0.0,0.04622903750609741,0.952091273,0.00040133685,0.17714919,0.9922108237608268,0.7773268080444962,0.0,0.047908727,0.047908727
1975,0.0,0.04509986393292672,0.95772307,9.739965e-05,0.028998904,0.993232466861497,0.92365668217291,0.0,0.04227693,0.04227693
1976,0.0,0.044582379952090516,0.95671133,0.0001311154,0.045433212,0.9936938710645956,0.9074858214762204,0.0,0.04328867,0.04328867
1977,0.0,0.04396399510863608,0.957581967,8.200886e-05,0.02149686,0.9932130305851276,0.9306375917972329,0.0,0.042418033,0.042418033
1978,0.0,0.04479410136331149,0.953130633,0.00016167396,0.06032859,0.9931979622925952,0.8895374994746107,0.0,0.046869367,0.046869367
1979,0.0,0.0443046632595082,0.956918932,0.00011577094,0.037953757,0.9937186955126768,0.9148176928207339,0.0,0.043081068,0.043081068
1980,0.0,0.045181346899648714,0.952626944,0.00029925935,0.12739283,0.9926058627063524,0.8251225838038764,0.0,0.047373056,0.047373056
1981,0.0,0.04661912978546336,0.949786413,0.00013864288,0.049102385,0.9936151277897162,0.8973831398756247,0.0,0.050213587,0.050213587
1982,0.0,0.04994229470390241,0.9417497930000001,0.00025489926,0.10577007,0.9936491579622744,0.8367925479506908,0.0,0.058250207,0.058250207
1983,0.0,0.05188192193135886,0.94326901,0.0002510005,0.10386967,0.9936652821509924,0.8399372830850953,0.0292320205662733,0.05673099,0.05673099
1984,0.0,0.05179665166525633,0.948416524,0.00017982369,0.069175445,0.993594745452692,0.8771547700542444,0.0,0.051583476,0.051583476
1985,0.0,0.05321036976089738,0.943255335,0.00026211367,0.109286636,0.992894976564861,0.834200704067534,0.0,0.056744665,0.056744665
1986,0.0,0.0524570841149267,0.94942613,0.00015291227,0.056057815,0.9938784468562816,0.8907172190566832,0.0746491243864964,0.0746491243864964,0.05057387
1987,0.0,0.05282505636780479,0.946255013,9.597965e-05,0.028306745,0.9933148702294758,0.9133228399547867,0.0490187180553926,0.053744987,0.053744987
1988,0.0,0.05604623597700342,0.935900815,0.00024142969,0.099204496,0.9934634032728018,0.8375445341778498,0.0199020807833537,0.064099185,0.064099185
1989,0.0,0.061564745697859594,0.92463898,0.0005316326,0.2406602,0.9929048309644832,0.6971335522740604,0.0093945188017845,0.07536102,0.07536102
1990,0.0,0.06887743264132828,0.91284085,0.00030350708,0.12946333,0.9938259458229696,0.789755151054298,0.0,0.08715915,0.08715915
1991,0.0,0.07791218045809163,0.89950095,0.0004286182,0.19044714,0.9937389911080274,0.7236343402493741,0.0,0.10049905,0.10049905
1992,0.0,0.07435788775577973,0.934527844,0.00022483802,0.0911171,0.9930301727181228,0.8434563703405723,0.0,0.065472156,0.065472156
1993,0.0,0.06716716382555694,0.950809646,0.00021612638,0.08687072,0.9918642242993015,0.8611485483393205,0.0098311588641596,0.049190354,0.049190354
1994,0.0,0.06114202844682639,0.95392081,0.00015657257,0.057841983,0.9912809133357324,0.8909079106900911,0.0,0.04607919,0.04607919
1995,0.0,0.05641204403344742,0.955412917,0.00016825399,0.063535936,0.9932636748415404,0.8886828064919161,0.1046058624204543,0.1046058624204543,0.044587083
1996,0.0,0.05371701059531959,0.953020573,0.00017072282,0.06473934,0.9921060346047392,0.8842865799416759,0.0,0.046979427,0.046979427
1997,0.0,0.05218012899665685,0.951662075,0.00016697987,0.062914886,0.9920184038741152,0.884670469489314,0.0,0.048337925,0.048337925
1998,0.0,0.051137617854754895,0.95146866,0.00016441749,0.06166589,0.9921492686898244,0.8857864007021091,0.0093945188017845,0.04853134,0.04853134
1999,0.0,0.050085948467682065,0.952543225,0.00024041618,0.09871047,0.9921850969501496,0.8518080066023687,0.0,0.047456775,0.047456775
2000,0.0,0.049409635476915764,0.952281147,0.00019597873,0.07705001,0.9922984030390152,0.8721388808809764,0.0,0.047718853,0.047718853
2001,0.0,0.04716115019779697,0.958460063,9.422879e-05,0.027453307,0.9924888187921742,0.9251456383772253,0.0,0.041539937,0.041539937
2002,0.0,0.046149195855569265,0.95638069,0.000118104464,0.0390912,0.9917143804107852,0.9113801813355139,0.0,0.04361931,0.04361931
2003,0.0,0.04639019418254947,0.95300731,0.00020558722,0.08173354,0.9925501185766896,0.8685951485416574,0.0,0.04699269,0.04699269
2004,0.0,0.04732836155896391,0.95032622,0.0002413732,0.09917696,0.9917249947287358,0.8489917231110851,0.0,0.04967378,0.04967378
2005,0.0,0.047550841970688505,0.951892957,0.00015990908,0.059468318,0.9919835250802084,0.888108450303176,0.0,0.048107043,0.048107043
2006,0.0,0.04784623283620608,0.95141529,0.00017697921,0.067788936,0.9919836477163908,0.8798099977533084,0.0,0.04858471,0.04858471
2007,0.0,0.04714698345443291,0.95460114,0.00020730622,0.08257145,0.9925370674135694,0.8692424649887206,0.0,0.04539886,0.04539886
2008,0.0,0.046774465324594935,0.95415683,0.0001336957,0.04669095,0.9919759857478224,0.902307646912986,0.086333143354391,0.086333143354391,0.04584317
2009,0.0,0.04657588837471067,0.953920554,0.00020542042,0.08165224,0.9927133131753928,0.8696474418665198,0.0390087487070629,0.046079446,0.046079446
2010,0.0,0.047378694553364756,0.95061429,0.00022457911,0.0909909,0.9925414691619364,0.8576719966080107,0.0,0.04938571,0.04938571
2011,0.0,0.04658896868097483,0.955385346,0.00018468335,0.07154422,0.9918512743670423,0.8798048576967189,0.0,0.044614654,0.044614654
2012,0.0,0.04630868848641059,0.954392012,0.00018657983,0.07246863,0.9922697430821248,0.878385486436334,0.0,0.045607988,0.045607988
2013,0.0,0.04617445349029328,0.954161134,0.00022936877,0.093325555,0.9919181718959432,0.8581218178782823,0.5349521049749498,0.5349521049749498,0.045838866
2014,0.0,0.04596148449306663,0.954570938,0.00019306864,0.07563152,0.991827880473033,0.8751644106981368,0.1850475745296678,0.1850475745296678,0.045429062
2015,0.0,0.04569700606647617,0.95496419,0.00019075883,0.074505635,0.9919503451019264,0.8766995791158899,0.02,0.04503581,0.04503581
2016,0.0,0.04575995004748298,0.95408269,0.00019365165,0.0759157,0.9921494347658496,0.8747313616378395,0.0,0.04591731,0.04591731
2017,0.0,0.04537953174820213,0.955571514,0.00022975882,0.09351568,0.9934810909563224,0.8605638460041852,0.0,0.044428486,0.044428486
2018,0.0,0.04481107410585866,0.95661007,0.00013427532,0.046973474,0.9934650790956324,0.9057170492248315,0.0099521531100478,0.04338993,0.04338993
2019,0.0,0.04596283807561333,0.951157752,0.00026832588,0.1123147,0.994101349418564,0.8393483541331954,0.0,0.048842248,0.048842248
2020,0.0,0.044942739196866664,0.957607508,0.00014833942,0.053828835,0.9935468620049858,0.9002136772995272,0.0,0.042392492,0.042392492
2021,0.0,0.04482114085490476,0.955482855,0.00025119656,0.10396523,0.9927916009746623,0.8499744192345198,0.0099521531100478,0.044517145,0.044517145
2022,0.0,0.046078722896360544,0.950777322,0.00025113835,0.10393686,0.9932834245823742,0.8462342824227487,0.0099521531100478,0.049222678,0.049222678
2023,0.0,0.04504314206882896,0.95754581,0.00012986996,0.04482614,0.993440028803526,0.9086228287167188,0.0,0.04245419,0.04245419
2024,0.0,0.044675787192020686,0.9562425999999999,0.00016832985,0.06357291,0.9926963490733048,0.8889114102549989,0.1171826168067737,0.1171826168067737,0.0437574
2025,0.0,0.045306697708586204,0.953116026,0.00028516282,0.12052166,0.9932284355857924,0.8325686710361142,0.116945634173281,0.116945634173281,0.046883974
2026,0.0,0.044832328648990144,0.956353594,0.0001491919,0.054244366,0.993601279674968,0.8986893055403896,0.0,0.043646406,0.043646406
2027,0.0,0.04492122903499296,0.95485652,0.00028322553,0.11957735,0.9937689695418704,0.8354390217983899,0.0,0.04514348,0.04514348
2028,0.0,0.04510158473928069,0.954447526,0.00019789243,0.07798281,0.9936346702752896,0.8744154273916005,0.0,0.045552474,0.045552474
2029,0.0,0.04522397281377192,0.954470057,0.0002740275,0.11509388,0.9936962579515056,0.8392921509133253,0.0,0.045529943,0.045529943
2030,0.0,0.0448299097241228,0.956155248,0.00017700857,0.06780325,0.9937030947877072,0.885712226809633,0.0,0.043844752,0.043844752
2031,0.0,0.04498508808865914,0.954626966,0.000165996,0.06243531,0.9943683683954156,0.8899840869827489,0.0099521531100478,0.045373034,0.045373034
2032,0.0,0.044984440063327955,0.95501718,0.00019600701,0.07706379,0.9934501774317602,0.8756467924012875,0.0,0.04498282,0.04498282
2033,0.0,0.045731099188091394,0.952402253,0.000279029,0.11753179,0.9943843030220316,0.8357449162649516,0.0,0.047597747,0.047597747
2034,0.0,0.04624249484863671,0.952479016,0.00024061822,0.09880895,0.993479517925158,0.8527686072548142,0.0095722891566265,0.047520984,0.047520984
2035,0.0,0.04658636117759765,0.952553973,0.00017858723,0.068572745,0.9931355828677174,0.8811443830139042,0.0095890410958904,0.047446027,0.047446027
2036,0.0,0.04627581341256975,0.954500556,0.00016271668,0.060836848,0.993607705304667,0.8907014948336095,0.0,0.045499444,0.045499444
2037,0.0,0.04562376843754982,0.956006344,0.00011569245,0.037915494,0.9941306065805812,0.9143604644166441,0.0,0.043993656,0.043993656
2038,0.0,0.045220135169678446,0.955788948,0.0003386183,0.14657784,0.9939368805028538,0.8107458336599314,0.0,0.044211052,0.044211052
2039,0.0,0.04525855083548461,0.95464541,0.0001813784,0.069933265,0.993080349737662,0.8817400932261245,0.0,0.04535459,0.04535459
2040,0.0,0.04466299431106043,0.956825897,9.621684e-05,0.02842236,0.9929469266867595,0.9230738937913354,0.0,0.043174103,0.043174103
2041,0.0,0.04468654165075745,0.95525459,0.00016817395,0.063496925,0.99363612486024,0.8889057454916524,0.0,0.04474541,0.04474541
2042,0.0,0.04907676689339818,0.93994767,0.00028116838,0.11857461,0.9935290818171704,0.8231326263924008,0.0,0.06005233,0.06005233
2043,0.0,0.0503765757809987,0.946373902,0.0002252878,0.09133634,0.993098272460382,0.8540005324897425,0.0,0.053626098,0.053626098
2044,0.0,0.0509566998435705,0.94759299,0.00020173831,0.07985744,0.9930861319716632,0.8658922954228853,0.0,0.05240701,0.05240701
2045,0.0,0.05310246503112179,0.9415331220000001,0.000104262195,0.032343965,0.993223334269931,0.9049061216351268,0.1726674985133107,0.1726674985133107,0.058466878
2046,0.0,0.05530074445080127,0.939203557,0.0002978584,0.12670995,0.9929490596177718,0.8144139602490799,0.0,0.060796443,0.060796443
2047,0.0,0.05392951546485805,0.949498557,0.00018514032,0.071766965,0.9940055669880457,0.8760726982263882,0.0,0.050501443,0.050501443
2048,0.0,0.052881431046327185,0.94973878,0.00015716175,0.05812917,0.9935219177808686,0.8887364059972593,0.0,0.05026122,0.05026122
2049,0.0,0.0521941478902337,0.94952406,0.00015920772,0.05912645,0.993507960007255,0.8875822009949699,0.0,0.05047594,0.05047594
2050,0.0,0.05288302277873835,0.94539479,0.0001961159,0.07711687,0.993262176478125,0.866610226628487,0.0,0.05460521,0.05460521
2051,0.0,0.05416044569909882,0.942645997,0.00024185664,0.09941261,0.9938530115168048,0.8437167038609792,0.0,0.057354003,0.057354003
2052,0.0,0.053079145213642015,0.949624106,0.00024280233,0.09987357,0.9927773361503968,0.8486079550846464,0.0,0.050375894,0.050375894
2053,0.0,0.05058355029545858,0.955655437,0.00015749298,0.058290623,0.9930609728764908,0.8937049109215701,0.0093945188017845,0.044344563,0.044344563
2054,0.0,0.048400514782470413,0.957057074,0.00021236402,0.08503681,0.9935412328311328,0.8700162319171851,0.0093945188017845,0.042942926,0.042942926
2055,0.0,0.04749393055890744,0.95477253,0.00029948106,0.1275009,0.993476084303555,0.8276035023163041,0.0,0.04522747,0.04522747
2056,0.0,0.04733842754207674,0.95305033,0.00021785403,0.08771285,0.9934408922774892,0.8637527166228756,0.0,0.04694967,0.04694967
2057,0.0,0.04629034967291196,0.956329845,0.00018646041,0.07241043,0.9941157783961492,0.8818618050472155,0.0190139567408946,0.043670155,0.043670155
2058,0.0,0.045675501194937115,0.95586162,0.00023248327,0.09484368,0.9932493576465538,0.8593635023634256,0.0095722891566265,0.04413838,0.04413838
2059,0.0,0.04447532028209794,0.958525132,9.597352e-05,0.028303754,0.9928131261113264,0.9247014520973701,0.0,0.041474868,0.041474868
2060,0.0,0.04508960705864139,0.953374676,0.00024298245,0.09996137,0.9934187989658922,0.8524268795223529,0.0099020807833537,0.046625324,0.046625324
2061,0.0,0.04594147532760099,0.951928854,0.00025496975,0.10580443,0.9915658676770552,0.8440313416688088,0.0,0.048071146,0.048071146
2062,0.0,0.04569688523400071,0.95491459,0.00013210527,0.04591571,0.9917462059572132,0.9035492326549517,0.0,0.04508541,0.04508541
2063,0.0,0.04570562459571479,0.954272527,0.0001404306,0.049973782,0.99180977390909,0.8991587924938368,0.0,0.045727473,0.045727473
2064,0.0,0.04484144613979628,0.957319,0.00011328302,0.036741048,0.9919685888432104,0.9147399622207051,0.1655489236444875,0.1655489236444875,0.042681
2065,0.0,0.0462018958141402,0.9503969800000001,0.00019328063,0.075734854,0.9919836848064928,0.8713771214770787,0.0,0.04960302,0.04960302
2066,0.0,0.049249082724385856,0.94313295,0.00014700941,0.053180546,0.99269889290871,0.8864569068009565,0.0,0.05686705,0.05686705
2067,0.0,0.050093203660275615,0.947796494,0.00014172443,0.050604448,0.992364861836664,0.8929634204040158,0.0,0.052203506,0.052203506
2068,0.0,0.05126931404305401,0.94579041,0.00023633374,0.09672054,0.9923858015298088,0.8478081416933759,0.0,0.05420959,0.05420959
2069,0.0,0.051714025745038576,0.947174195,0.00031194347,0.13357554,0.9921512460971992,0.814213772154704,0.0,0.052825805,0.052825805
2070,0.0,0.050234877817884695,0.953462992,0.0001410512,0.05027629,0.9929073148828254,0.899103796417745,0.0,0.046537008,0.046537008
2071,0.0,0.0493640567270605,0.952812996,0.0002008577,0.0794282,0.993558738261089,0.871482933008906,0.0,0.047187004,0.047187004
2072,0.0,0.04827617766218607,0.95444352,8.460953e-05,0.022764523,0.9927239975887858,0.9259296241731074,0.2431532110835914,0.2431532110835914,0.04555648
2073,0.0,0.04753647547299005,0.95431278,0.00016584313,0.062360797,0.9928384802762424,0.8883929389083876,0.01,0.04568722,0.04568722
2074,0.0,0.04732685505213575,0.953197196,0.00015196268,0.05559495,0.9927074415832488,0.8936394535005717,0.0,0.046802804,0.046802804
2075,0.0,0.047173197608668394,0.953210946,0.00010354279,0.0319933,0.9937057745854092,0.9169068086673812,0.0,0.046789054,0.046789054
2076,0.0,0.04626636000619171,0.956000734,0.00015333014,0.056261502,0.9931449408914976,0.8960299617169883,0.0,0.043999266,0.043999266
2077,0.0,0.04520210143299408,0.957458545,0.0001505253,0.05489432,0.992785391049646,0.8983710131454726,0.0,0.042541455,0.042541455
