frame_idx,true_label,p_attack,C,U_raw,U_norm,ECP,Trust_Score
0,0.0,0.042569447,0.95743054,8.362107e-05,0.016796906,0.9937556967168998,0.9354706053105777
1,0.0,0.04343413,0.95656586,0.00015640788,0.04678507,0.9941901412364443,0.9065153380620522
2,0.0,0.04446952,0.95553046,0.00014796112,0.043305006,0.9928026278854146,0.9075717645913349
3,0.0,0.04655396,0.95344603,0.00027402415,0.09524297,0.9931771813317042,0.8567513676803555
4,0.0,0.04910843,0.95089155,0.00037875603,0.13839251,0.993615379202714,0.8140643974029201
5,0.0,0.048781123,0.9512189,0.0005142773,0.19422728,0.9927064928609521,0.7608760328175288
6,0.0,0.04401651,0.9559835,0.00014653141,0.042715967,0.9935889446854693,0.9092807183247239
7,0.0,0.049034268,0.95096576,0.0003235941,0.1156658,0.9928237424193391,0.8349365011702171
8,0.0,0.043296292,0.9567037,0.00014291018,0.041224018,0.9938830255584519,0.9116536967301814
9,0.0,0.04800568,0.9519943,0.00023404777,0.0787727,0.9933389160105444,0.8711613417670597
10,0.0,0.046552375,0.95344764,0.0002923255,0.102783136,0.9942350923634133,0.8505177325746456
11,0.0,0.050959703,0.9490403,0.00046497385,0.17391425,0.9938192802160452,0.7791430404255291
12,0.0,0.05401647,0.9459835,0.0002447195,0.08316946,0.9937981316124677,0.861927668756944
13,0.0,0.06275881,0.9372412,0.0001954314,0.06286276,0.9940272855820419,0.873077638480782
14,0.0,0.06006982,0.9399302,0.00021338467,0.07025951,0.9940139070063495,0.8686599809546006
15,0.0,0.053698972,0.94630104,0.00025525864,0.087511584,0.9929215631431008,0.8573765832898392
16,0.0,0.061657954,0.93834203,0.00042404688,0.15705234,0.9931825807503347,0.785580849863649
17,0.0,0.047573995,0.952426,8.895448e-05,0.018994272,0.9925478410018014,0.927372535397078
18,0.0,0.053558193,0.9464418,0.00017514465,0.05450462,0.9924177702416485,0.8880713865622369
19,0.0,0.057914972,0.942085,0.00013951115,0.039823618,0.9932461493875473,0.8984585216703914
20,0.0,0.07461514,0.9253849,0.0003056197,0.10826035,0.9932573906931322,0.8196383880336731
21,0.0,0.09678095,0.90321904,0.00026342308,0.09087533,0.9934558823470059,0.8157651110645951
22,0.0,0.09155335,0.90844667,0.00032341725,0.115592934,0.9935979382926594,0.7982929859972132
23,0.0,0.053391308,0.94660866,0.00016322054,0.049591884,0.9925832347030695,0.8929919206175018
24,0.0,0.04612563,0.95387435,0.00021010809,0.068909556,0.9919771262199369,0.881017839407519
25,0.0,0.045816373,0.95418364,0.00029193042,0.10262036,0.9930393202751988,0.850304762776427
26,0.0,0.044709306,0.9552907,0.00016932256,0.05210592,0.9915552888398567,0.8978676113583612
27,0.0,0.050759472,0.9492405,0.00029546756,0.10407766,0.9929155404026758,0.8444208580208685
28,0.0,0.044078656,0.95592135,0.00017237416,0.053363178,0.9941341661767468,0.8996022724067427
29,0.0,0.045947574,0.95405245,0.00020646678,0.06740934,0.9924269724644785,0.8830023788616755
30,0.0,0.04408979,0.9559102,0.00018008518,0.056540117,0.99237980111738,0.8949905445204375
31,0.0,0.04818728,0.95181274,0.00018156611,0.05715026,0.9933410469059655,0.8914405590314988
32,0.0,0.043136906,0.9568631,0.000103949234,0.025172109,0.9926565497031672,0.9259270086056974
33,0.0,0.045447636,0.95455235,0.00016554583,0.050549906,0.9932548195522023,0.9001866735933609
34,0.0,0.043625645,0.95637435,0.000244697,0.08316019,0.9935330579468574,0.8711715946156635
35,0.0,0.04683946,0.9531605,0.0002555469,0.087630354,0.9939781487023847,0.8643979363724725
36,0.0,0.046368223,0.95363176,0.00020106946,0.065185644,0.9941240521529378,0.8862304208818803
37,0.0,0.047684565,0.95231545,0.0002359653,0.07956272,0.993422660927464,0.870781276981307
38,0.0,0.04470521,0.9552948,0.00019228658,0.061567094,0.9945517366969217,0.89159582392489
39,0.0,0.04184251,0.9581575,0.00011459519,0.029558245,0.9945372237136336,0.9247565485338036
40,0.0,0.04626287,0.95373714,0.00019076245,0.060939156,0.9916689349103085,0.888155801050701
41,0.0,0.04376379,0.9562362,0.00014176535,0.04075235,0.9923154747665457,0.9102185586543994
42,0.0,0.04502984,0.9549702,0.00016789735,0.05151873,0.9934530379820229,0.8998412647008903
43,0.0,0.04554187,0.9544581,0.00023879245,0.08072751,0.9929543829651621,0.8712251997477266
44,0.0,0.047806274,0.95219374,0.00033070578,0.11859581,0.9925927548027212,0.8330508913559208
45,0.0,0.04563137,0.95436865,0.00022951158,0.0769038,0.9941899584677073,0.8758555584919803
46,0.0,0.044282664,0.9557173,0.00016024405,0.04836557,0.9939273115641178,0.9039704352586212
47,0.0,0.046412736,0.9535873,0.00043738063,0.16254584,0.993478211497076,0.7933774465727288
48,0.0,0.043592457,0.95640755,0.0001331951,0.037221406,0.9919784484642507,0.9134223586806961
49,0.0,0.047175582,0.9528244,0.00015730143,0.047153212,0.9929703329712388,0.9015134798851763
50,0.0,0.052851602,0.9471484,0.0002589532,0.08903374,0.9938686687046899,0.8575299715286805
51,0.0,0.08837159,0.9116284,0.00085332425,0.3339146,0.9930847145037685,0.6030232621486101
52,0.0,0.08377273,0.9162273,0.00031244746,0.11107338,0.9931641083943193,0.808891294650205
53,0.0,0.08345114,0.91654885,0.00036945983,0.13456248,0.9928374031254258,0.7875342669843326
54,0.0,0.070064396,0.9299356,0.0003023676,0.10692049,0.9927234130350041,0.8244631916127653
55,0.0,0.05103505,0.94896495,0.00013046015,0.036094606,0.9927567491461882,0.9080869374639465
56,0.0,0.055060484,0.9449395,0.00041938658,0.1551323,0.9929998323836885,0.792760268326713
57,0.0,0.0530893,0.9469107,0.00013189428,0.036685467,0.992594360342933,0.905417571322164
58,0.0,0.04964399,0.950356,0.00014754476,0.043133467,0.9933356091518638,0.9033034504197276
59,0.0,0.04980256,0.95019746,0.00023398746,0.07874786,0.9930769942315842,0.8693112545058334
60,0.0,0.046911832,0.95308816,0.00019417418,0.062344786,0.9927897231923551,0.8872244614798103
61,0.0,0.044629455,0.95537055,0.00014099566,0.040435236,0.9921425223172158,0.9095366178824862
62,0.0,0.043210104,0.9567899,0.00012481226,0.033767674,0.993209130484112,0.9182033002045557
63,0.0,0.045157768,0.9548422,0.00015581558,0.046541043,0.9928932424341662,0.9039328813650463
64,0.0,0.04478596,0.955214,0.00018596668,0.058963295,0.9933931812600567,0.8929526361043492
65,0.0,0.04421456,0.95578545,0.00011844342,0.031143714,0.9937838180068527,0.9202624140438767
66,0.0,0.04612431,0.95387566,0.00022401747,0.07464022,0.9944629309722393,0.8777907012785695
67,0.0,0.046391074,0.95360893,0.000179278,0.056207556,0.993205407683214,0.8938937231833575
68,0.0,0.047347337,0.9526527,0.00018313163,0.057795256,0.9933405825480441,0.891616403669381
69,0.0,0.049174838,0.95082515,0.00027402985,0.095245324,0.9930546634904854,0.8542887067616816
70,0.0,0.046280704,0.9537193,0.000118273005,0.031073501,0.9930672657044382,0.9176774604647381
71,0.0,0.048340674,0.9516593,0.00017768305,0.055550437,0.9931209461274043,0.8926113798442992
72,0.0,0.049513664,0.95048636,0.00018354865,0.057967067,0.9925708526863164,0.8887374576398687
73,0.0,0.049740158,0.95025986,0.00022343762,0.07440132,0.9923219533394455,0.8728059813072034
74,0.0,0.060904566,0.93909544,0.00023920456,0.0808973,0.9931839178636337,0.8572420135500829
75,0.0,0.09025669,0.9097433,0.00045951118,0.17166364,0.9943443565256624,0.7493115343490732
76,0.0,0.06744457,0.93255544,0.00026584484,0.091873094,0.9937392334557761,0.8415765382990698
77,0.0,0.0604442,0.9395558,0.0002322825,0.07804541,0.9934220482615358,0.8605298009146237
78,0.0,0.06288582,0.9371142,0.00031631195,0.11266556,0.9935389635763976,0.8261611603128817
79,0.0,0.058695827,0.94130415,0.00024931022,0.085060835,0.9928602903532191,0.8550870605906954
80,0.0,0.054926585,0.9450734,0.00022167293,0.07367427,0.9928422513879506,0.8691796214771024
81,0.0,0.04569718,0.95430285,0.00012360985,0.03327228,0.9924678104114866,0.9156022065737071
82,0.0,0.050043322,0.94995666,0.00035457595,0.12843032,0.9927795189792471,0.8219752356039913
83,0.0,0.051410556,0.94858944,0.00022809142,0.07631869,0.9927118371559545,0.8698085107088042
84,0.0,0.050638475,0.9493615,0.00016888916,0.051927358,0.9928439388809045,0.8936227827214747
85,0.0,0.048151135,0.95184886,0.00022097344,0.07338608,0.9927304602311587,0.8755846853473662
86,0.0,0.04498661,0.9550134,0.00014804034,0.043337647,0.9932473095406942,0.907455930286504
87,0.0,0.043364536,0.9566355,0.0001208424,0.032132097,0.9922479350476876,0.9187191519494491
88,0.0,0.042540725,0.9574593,8.38185e-05,0.016878247,0.9934538661193199,0.9351371518292323
89,0.0,0.04679504,0.953205,0.00018708417,0.0594237,0.9937209629762025,0.8909324936097793
90,0.0,0.04708217,0.9529178,0.000149198,0.043814596,0.9923542162889837,0.9041995523302043
91,0.0,0.045611244,0.95438874,0.00014933226,0.043869916,0.9928708189507709,0.906014293629004
92,0.0,0.04662193,0.9533781,0.00021860702,0.07241111,0.993292915236834,0.8784115460098292
93,0.0,0.04700846,0.95299155,0.00022131615,0.07352728,0.9938403014287075,0.877482157164137
94,0.0,0.04228487,0.95771515,0.00012732144,0.034801457,0.9925510646549313,0.9174995636564003
95,0.0,0.04496092,0.9550391,0.00016373102,0.049802203,0.993178889478777,0.901286072990954
96,0.0,0.04780044,0.9521996,0.0002826794,0.09880894,0.9927925508864421,0.8519289544165072
97,0.0,0.044057366,0.95594263,0.00013484438,0.037900906,0.9928223692722832,0.913110180468727
98,0.0,0.04314383,0.9568562,0.00010209002,0.024406115,0.9941253576760518,0.928019035310913
99,0.0,0.05185288,0.9481471,0.0005920437,0.22626701,0.9935027672300274,0.7288462636178175
100,0.0,0.054593462,0.94540656,0.00030836233,0.10939031,0.9936969433804951,0.8366811065749246
101,0.0,0.05095829,0.9490417,0.00020903234,0.06846635,0.9941533067697934,0.8788954046376111
102,0.0,0.050721206,0.9492788,0.00025748747,0.08842986,0.9933931526546768,0.8596170225226298
103,0.0,0.052889775,0.94711024,0.00025771942,0.08852543,0.9931617566415855,0.8573636562357998
104,0.0,0.052003246,0.94799674,0.00023905834,0.080837056,0.9927060182494977,0.8650077518348916
105,0.0,0.044702243,0.95529777,0.00012446546,0.03362479,0.9924922809551311,0.9162451629295576
106,0.0,0.044711944,0.95528805,0.00017513057,0.054498818,0.9919432361563634,0.8959489392278981
107,0.0,0.04732531,0.9526747,0.00023375737,0.07865306,0.9929921552526466,0.8715928068443444
108,0.0,0.04463538,0.95536464,0.00016871093,0.05185393,0.9929627833622902,0.8994507095445978
109,0.0,0.043049023,0.95695096,9.791428e-05,0.022685708,0.9928972300222328,0.9285990700994432
110,0.0,0.04584334,0.95415664,0.00021160855,0.069527745,0.9924672512502285,0.8811285535745924
111,0.0,0.046934575,0.9530654,0.00021773485,0.07205178,0.9930783186634412,0.8782738580826517
112,0.0,0.04684448,0.9531555,0.0002662275,0.09203075,0.9934260105186538,0.8597465318117558
113,0.0,0.046094235,0.95390576,0.00019935616,0.06447976,0.9937732889995352,0.8868414137885764
114,0.0,0.042997103,0.9570029,0.0001339486,0.03753185,0.9936635646500969,0.9152483675757845
115,0.0,0.04923475,0.95076525,0.0003147382,0.11201716,0.993537787566943,0.8388074470890742
116,0.0,0.045656253,0.95434374,0.00023038378,0.07726314,0.9936581406581105,0.875023448454049
117,0.0,0.04592735,0.95407265,0.00029555845,0.10411511,0.9930250152534441,0.848777455530262
118,0.0,0.044066016,0.955934,0.00012611071,0.034302637,0.9931929423945447,0.9168590230371996
119,0.0,0.043912843,0.9560872,0.000119650846,0.031641174,0.9930495291732109,0.9194004384711542
120,0.0,0.04355721,0.9564428,0.00016811276,0.051607482,0.9935536055471376,0.9012357379142147
121,0.0,0.05076439,0.9492356,0.00046790348,0.17512126,0.9932453896649619,0.7777153950765853
122,0.0,0.04808766,0.95191234,0.00018521039,0.058651704,0.9935310462967347,0.89028438288804
123,0.0,0.045340884,0.9546591,0.00012892333,0.035461437,0.9931382770617483,0.9144872015426816
124,0.0,0.051184252,0.94881576,0.00015530504,0.046330698,0.9935628555555078,0.899031810998384
125,0.0,0.049338404,0.9506616,0.00022823385,0.07637737,0.9928093424872171,0.8717387576321998
126,0.0,0.05104726,0.94895273,0.00037397433,0.13642246,0.9931737979723466,0.8139002141430219
127,0.0,0.046157226,0.95384276,0.00010001939,0.023553014,0.9923703075035676,0.9242707552965509
128,0.0,0.04700945,0.95299053,0.00017349959,0.053826854,0.9930668680793865,0.895442495506289
129,0.0,0.052411705,0.9475883,0.00054550916,0.20709479,0.9926538656064939,0.7458282192910652
130,0.0,0.046665173,0.9533348,0.00017687859,0.055219002,0.9932966118290751,0.8946549493348309
131,0.0,0.047113094,0.9528869,0.00012509912,0.03388586,0.9929728293145654,0.9141282979280776
132,0.0,0.058114305,0.9418857,0.000568164,0.21642858,0.9937920293207163,0.7334530272549412
133,0.0,0.0459992,0.95400083,0.00012975263,0.03580311,0.9939694998380874,0.9142975634512183
134,0.0,0.043623243,0.95637673,0.00010385251,0.02513226,0.9930294685866891,0.925841949111721
135,0.0,0.046424855,0.95357513,0.00023309205,0.07837895,0.9925830227184653,0.8723166047286516
136,0.0,0.045647755,0.95435226,0.00017776393,0.05558376,0.9929769368225534,0.8949758079913555
137,0.0,0.04345104,0.9565489,0.00020835297,0.06818645,0.9926530914935721,0.8847767504131109
138,0.0,0.046285454,0.95371455,0.00028481625,0.09968932,0.9940162157595027,0.8535015060546732
139,0.0,0.046602387,0.95339763,0.00018011233,0.056551304,0.99293225858895,0.8931244687982872
140,0.0,0.04616045,0.95383954,0.00022983686,0.07703781,0.9933165572734678,0.8744739809662656
141,0.0,0.044239637,0.95576036,0.00015265669,0.04523958,0.9935077299674558,0.9065978562575949
142,0.0,0.043810263,0.95618975,0.00014080433,0.04035641,0.9932259789775987,0.9113855553559302
143,0.0,0.04258011,0.9574199,0.00022340154,0.074386455,0.9936649203309388,0.8805866330571075
144,0.0,0.043178998,0.956821,0.00013147868,0.036514238,0.9940371094327082,0.9163863736487676
145,0.0,0.046159007,0.953841,0.00013876222,0.039515056,0.9926809152803691,0.9094444762578998
146,0.0,0.04696507,0.95303494,0.0002202298,0.073079705,0.993092622258597,0.877285555619181
147,0.0,0.045860566,0.9541394,0.00020238973,0.06572959,0.9932771731403568,0.8854312886627131
148,0.0,0.051414713,0.9485853,0.00039998163,0.14713746,0.9935223841146259,0.8037723558966688
149,0.0,0.04744445,0.95255554,0.00020415774,0.06645801,0.9930515317756383,0.8830717063123295
150,0.0,0.04482809,0.9551719,0.00016738838,0.051309038,0.992331665748584,0.8992141574754808
151,0.0,0.042232066,0.95776796,0.00012649094,0.03445929,0.992792703282663,0.9180989291480721
152,0.0,0.046836633,0.9531634,0.000247081,0.0841424,0.9936467182188522,0.8674157652024423
153,0.0,0.041964393,0.9580356,9.823534e-05,0.022817984,0.9936821739146756,0.9302605756665302
154,0.0,0.044732735,0.95526725,0.00024376251,0.082775176,0.9930613089291286,0.8701151894332273
155,0.0,0.04653089,0.9534691,0.00013906854,0.03964126,0.9938519961014673,0.9100428046003016
156,0.0,0.046174232,0.9538258,0.00013010201,0.03594705,0.9944454618311495,0.9144309455139223
157,0.0,0.0530966,0.9469034,0.00015729613,0.04715103,0.9938642354421574,0.8967199222636636
158,0.0,0.04930141,0.9506986,0.00017767827,0.055548474,0.9941407437923264,0.8926277599788845
159,0.0,0.056734458,0.94326556,0.00031724235,0.113048874,0.9930506709558699,0.830816443220258
160,0.0,0.04524308,0.9547569,0.000102209335,0.024455272,0.9935144515435392,0.9253674148682216
161,0.0,0.050363798,0.9496362,0.0003480915,0.12575872,0.9926982568686568,0.8241492330827266
162,0.0,0.05109131,0.9489087,0.00018219871,0.057410892,0.9932143369605737,0.8883616876434839
163,0.0,0.05444753,0.94555247,0.00037107867,0.13522944,0.9931779279664988,0.8121075899936508
164,0.0,0.05327155,0.94672847,0.00018144473,0.05710025,0.9930314037945387,0.8864493783410893
165,0.0,0.05953506,0.9404649,0.00024737042,0.08426164,0.9928832061780188,0.855090640261733
166,0.0,0.061733723,0.9382663,0.00024165346,0.081906244,0.9931675754188998,0.8555308368965497
167,0.0,0.057764694,0.9422353,0.00025650125,0.08802354,0.9919543796128153,0.8523828089881237
168,0.0,0.04932235,0.95067763,0.00025587657,0.08776617,0.9920039406497124,0.8603058047278259
169,0.0,0.049866367,0.9501336,0.00039137917,0.14359325,0.9927088185603862,0.8077680142085324
170,0.0,0.047860984,0.952139,0.00023331391,0.07847036,0.9924034632403425,0.8707589729221887
171,0.0,0.043053556,0.95694643,0.00015610801,0.046661526,0.9923041231732616,0.9052729502656025
172,0.0,0.04551332,0.95448667,0.00025355606,0.08681012,0.9920062622815244,0.8646600070222423
173,0.0,0.048071284,0.95192873,0.000464352,0.17365804,0.9923370147538333,0.7805908619984597
174,0.0,0.042616982,0.95738304,0.0001045978,0.025439316,0.9928471223711144,0.9263540293705285
175,0.0,0.046888657,0.95311135,0.00021518572,0.07100154,0.9934574276757563,0.8796459301153614
176,0.0,0.046027962,0.95397204,0.000182293,0.057449743,0.9926027570929002,0.8925152303789873
177,0.0,0.046284404,0.9537156,0.0002362595,0.07968394,0.9932396653207156,0.8717860806092781
178,0.0,0.04286666,0.95713335,0.00020441154,0.06656258,0.9933507817493816,0.88748352193377
179,0.0,0.044782367,0.95521766,0.00023565836,0.079436265,0.9928005849502622,0.8730080167345396
180,0.0,0.040747747,0.95925224,0.00012359141,0.033264685,0.9932111354037931,0.9210474047671495
181,0.0,0.043414894,0.9565851,0.00014033027,0.040161096,0.9937074293796418,0.9123900159162598
182,0.0,0.043165673,0.9568343,0.00020406248,0.06641877,0.9934275129832538,0.8874114448435515
183,0.0,0.044105697,0.9558943,0.00020020475,0.06482938,0.9933926052734888,0.8880177852236074
184,0.0,0.043417133,0.95658284,0.000110199806,0.027747344,0.993685414942335,0.9241674220834324
185,0.0,0.043475248,0.9565247,0.0001348556,0.03790553,0.9926889809100062,0.9135390738981152
186,0.0,0.04427317,0.9557268,0.00019936329,0.0644827,0.9938184953698904,0.8885721200256395
187,0.0,0.04623651,0.9537635,0.00038088116,0.13926807,0.9924835834628933,0.814764225634983
188,0.0,0.04658018,0.9534198,0.00021078349,0.06918782,0.9937267659311811,0.8818875367930338
189,0.0,0.040180977,0.959819,0.00012488865,0.03379915,0.9933349093934691,0.9211968812328157
190,0.0,0.04309638,0.95690364,0.00020546526,0.06699671,0.9941158757846794,0.8875409391677469
191,0.0,0.048103638,0.95189637,0.00023283232,0.07827194,0.994161116616522,0.8722666342001127
192,0.0,0.04562563,0.9543744,0.00019460738,0.06252326,0.9939743833813056,0.8893126633277164
193,0.0,0.049864564,0.9501354,0.00034827637,0.1258349,0.9937118698076608,0.825352462570882
194,0.0,0.04646429,0.95353574,0.00020035949,0.064893134,0.9939989824572887,0.8863069750090348
195,0.0,0.050233174,0.9497668,0.00020063078,0.0650049,0.9941843066518556,0.8828628158495014
196,0.0,0.049610637,0.9503894,0.0002774329,0.09664738,0.9941654064871143,0.8535275074971831
197,0.0,0.055559754,0.94444025,0.00039729095,0.1460289,0.993449655481664,0.8012416793578896
198,0.0,0.050508026,0.949492,0.00017808944,0.05571787,0.9934468153762028,0.8907127574578979
199,0.0,0.05049341,0.9495066,0.00024855518,0.08474976,0.9930512115213632,0.8629973897540544
200,0.0,0.04932333,0.9506767,0.0002021606,0.06563519,0.9934381917148393,0.8824501265075639
201,0.0,0.047426052,0.95257396,0.00024044827,0.08140971,0.9932279125431847,0.8690994654969787
202,0.0,0.04799015,0.95200986,0.00020084697,0.06509398,0.992834585062521,0.8836622379307242
203,0.0,0.046243817,0.9537562,0.00019181291,0.061371945,0.9936093586066345,0.8895013207486636
204,0.0,0.046426106,0.9535739,0.00011403414,0.029327093,0.9933969410939013,0.9194964905528115
205,0.0,0.044698443,0.9553016,0.00012354914,0.03324727,0.9926411676111918,0.9167442342733175
206,0.0,0.043968298,0.9560317,0.00013471533,0.03784774,0.9926475303810187,0.9130848701883696
207,0.0,0.046386328,0.9536137,0.00026046587,0.08965696,0.9920688441246356,0.8612304437512418
208,0.0,0.04586298,0.954137,0.000256049,0.08783721,0.9927639062409613,0.8640305299200987
209,0.0,0.042344723,0.95765525,0.000110832465,0.028007999,0.9944313114598904,0.9256497594669469
210,0.0,0.042959634,0.95704037,0.00013739668,0.038952455,0.9942397190628652,0.9144632166033698
211,0.0,0.04393079,0.95606923,0.00014290388,0.041221425,0.9931138782095316,0.9103464760673463
212,0.0,0.04725158,0.9527484,0.00018697414,0.05937837,0.9922882786168331,0.8892646845155444
213,0.0,0.051423594,0.9485764,0.00037715235,0.13773179,0.9910233443548679,0.8105849901372276
214,0.0,0.043990307,0.9560097,9.586608e-05,0.021841852,0.9901752085174632,0.9259412444353374
215,0.0,0.045339007,0.954661,0.000116887306,0.030502597,0.9915775880238831,0.9177460508273824
216,0.0,0.044365004,0.955635,0.00015107746,0.04458894,0.9919688774461393,0.9056916370728224
217,0.0,0.04528345,0.95471656,0.00012919288,0.035572488,0.9912404182414036,0.9126894816058518
218,0.0,0.048943695,0.9510563,0.00013307408,0.037171543,0.9928024737007545,0.9091132673846549
219,0.0,0.056900814,0.9430992,0.00025022074,0.085435964,0.9930507750308839,0.8565306917629653
220,0.0,0.053479634,0.9465204,0.00024466775,0.08314814,0.9930444535275119,0.8617828557492058
221,0.0,0.051459413,0.94854057,0.00013686622,0.038733907,0.993064970002838,0.9054765479731258
222,0.0,0.04989909,0.9501009,0.00015521556,0.046293832,0.9927686357331996,0.8995646189564264
223,0.0,0.046594217,0.9534058,0.00021107843,0.06930933,0.9925993777004166,0.8807591191956085
224,0.0,0.046535913,0.9534641,0.0002102532,0.06896934,0.9928762952784381,0.8813805102168683
225,0.0,0.04058856,0.95941144,9.21058e-05,0.020292616,0.9924966279075875,0.9328897409672019
226,0.0,0.04397042,0.9560296,0.000104039835,0.025209436,0.9925460494212243,0.9249820846579757
227,0.0,0.04816566,0.9518343,0.00035337673,0.12793624,0.9933593801128352,0.8245480698364958
228,0.0,0.04972516,0.9502748,0.00023239158,0.078090355,0.9931623260398669,0.8700772551246575
229,0.0,0.04786912,0.95213085,0.00025341226,0.08675087,0.9932672975492779,0.8636783993837498
230,0.0,0.04409473,0.95590526,0.00016524337,0.05042529,0.9924724377818779,0.9008706649976421
231,0.0,0.041257888,0.95874214,0.00013248927,0.036930602,0.9935322623124424,0.9173633047514242
232,0.0,0.043664526,0.9563355,0.000105259176,0.025711806,0.9925496286747336,0.9248045072497482
233,0.0,0.043347888,0.9566521,0.00014720343,0.042992838,0.9923995006823342,0.908564501578665
234,0.0,0.043076836,0.9569232,0.00014566013,0.042356998,0.9930457260996945,0.9100180033639261
235,0.0,0.045547694,0.9544523,0.00018081235,0.056839712,0.9926901798129171,0.8936211883689171
236,0.0,0.043498155,0.95650184,0.0002038597,0.06633522,0.9934616190451586,0.88721298628551
237,0.0,0.042870108,0.9571299,0.00014839592,0.043484144,0.992429707972825,0.9085792616002479
238,0.0,0.044768266,0.9552317,0.00019498303,0.06267803,0.993615007920903,0.8896428303974853
239,0.0,0.04062244,0.9593776,0.00016136728,0.04882834,0.9938203699957809,0.9068936320499323
240,0.0,0.04453727,0.95546275,0.00016848976,0.051762804,0.9923282961213585,0.8990547183831806
241,0.0,0.047831535,0.95216846,0.0002250044,0.07504684,0.9941402131154905,0.8755504771822424
242,0.0,0.043252207,0.9567478,0.00017641913,0.055029705,0.9933438692111464,0.8980804167691374
243,0.0,0.043417014,0.95658296,0.00012517603,0.033917546,0.9934688606859563,0.918102335462425
244,0.0,0.04764703,0.952353,0.00026672363,0.092235155,0.9927932419891647,0.8582822299146909
245,0.0,0.043171216,0.9568288,0.00015205011,0.044989668,0.9924613328979882,0.9068927106827409
246,0.0,0.045003533,0.95499647,0.00014079966,0.040354483,0.9924604595000205,0.9095483975407724
247,0.0,0.04383446,0.95616555,0.00018003711,0.056520313,0.9924822540466184,0.8953408064293269
248,0.0,0.042536978,0.957463,0.00012293372,0.032993715,0.993640038430396,0.9199842280650814
249,0.0,0.04644346,0.95355654,0.0002294656,0.07688485,0.9931448861317247,0.8742083045841015
250,0.0,0.045800976,0.954199,0.00018329834,0.05786394,0.9942805788590923,0.8938435913458403
251,0.0,0.04802893,0.95197105,0.00033353898,0.11976309,0.993025236743154,0.8321154913432041
252,0.0,0.04972826,0.9502717,0.00017285338,0.05356062,0.9938846525599122,0.8938746160415304
253,0.0,0.04973269,0.9502673,0.00021459137,0.07075667,0.9938836428730181,0.877628655850592
254,0.0,0.046904396,0.9530956,0.00027980364,0.09762412,0.9936018714777543,0.8545477858082056
255,0.0,0.0505793,0.9494207,0.00022069756,0.07327242,0.9924308154675542,0.8731945417588469
256,0.0,0.04455228,0.95544773,0.00016749646,0.051353566,0.9931364866926665,0.9001611183984952
257,0.0,0.047710184,0.9522898,0.00014373496,0.041563828,0.9924538570797656,0.9058216243398725
258,0.0,0.044400997,0.955599,0.00010280657,0.02470133,0.9930690700295691,0.9255348499875897
259,0.0,0.044783544,0.95521647,0.00011426014,0.0294202,0.9928262506002188,0.920462948754268
260,0.0,0.050193552,0.94980645,0.00028605163,0.10019829,0.9927723192426894,0.8484604565845435
261,0.0,0.051150132,0.94884986,0.00035885404,0.13019289,0.992709874597021,0.819299709702508
262,0.0,0.051860753,0.94813925,0.00027219782,0.09449053,0.9921544779458129,0.8518132928647757
263,0.0,0.05015964,0.94984037,0.000402941,0.14835672,0.992305978853462,0.8027012646008435
264,0.0,0.047661174,0.9523388,0.0002530053,0.086583205,0.9927058628261586,0.863537244878716
265,0.0,0.04619704,0.95380294,0.00026699074,0.09234521,0.9932793993217746,0.8599056048565006
266,0.0,0.0457649,0.9542351,0.00016337342,0.04965487,0.9924411712833403,0.8999979186157611
267,0.0,0.043317813,0.9566822,0.00017332101,0.05375328,0.9914091243471085,0.8974804500602159
268,0.0,0.047074076,0.9529259,0.00022004626,0.07300408,0.9930601961536889,0.8772281439790566
269,0.0,0.047938064,0.95206195,0.00019238768,0.06160875,0.993754014968737,0.8878264251273003
270,0.0,0.046457127,0.9535429,0.00038191557,0.13969424,0.9933125582129712,0.8148525217434698
271,0.0,0.044970397,0.9550296,0.00017462902,0.05429218,0.994067357949701,0.8978206929818542
272,0.0,0.04529527,0.95470476,0.00028685044,0.100527406,0.9941059512605559,0.8536693918512684
273,0.0,0.04804293,0.95195705,0.0002848769,0.09971431,0.9943620308510727,0.8522013849462421
274,0.0,0.043947473,0.95605254,0.00017357044,0.053856045,0.9935699197299542,0.8987469523052795
275,0.0,0.04987088,0.95012915,0.0002419851,0.08204288,0.9940645636612546,0.8670010832380688
276,0.0,0.04270297,0.957297,0.00016724263,0.051248986,0.9934487504576254,0.9022864788366496
277,0.0,0.045003872,0.9549961,0.00024020375,0.08130897,0.9941189115212594,0.8721866446622235
278,0.0,0.045510516,0.95448947,0.00012813736,0.035137612,0.9935745057513808,0.9150334433864088
279,0.0,0.04419043,0.9558096,0.00017923907,0.05619152,0.9941758398021175,0.8968472366879927
280,0.0,0.045211297,0.9547887,0.00018982375,0.06055241,0.9938174327090251,0.8914283064034059
281,0.0,0.044389,0.955611,0.00014889646,0.043690365,0.993165366720297,0.9076140656980949
282,0.0,0.044851325,0.9551487,0.0002808934,0.09807311,0.9938103197446139,0.8561420252748531
283,0.0,0.047190398,0.9528096,0.0002634725,0.09089569,0.994492582339072,0.8614327054320773
284,0.0,0.04776844,0.9522316,0.00014299247,0.04125792,0.9937188652252964,0.907210168258771
285,0.0,0.050604586,0.9493954,0.0002395152,0.08102529,0.9936570524754138,0.8669363450457678
286,1.0,0.04144598,0.958554,0.0001722548,0.053314004,0.9932141469231867,0.9012918425998073
287,1.0,0.048991136,0.95100886,0.000297929,0.10509177,0.9936434428758346,0.8456558475772954
288,1.0,0.044507533,0.9554925,0.00016605486,0.050759625,0.9933159235286955,0.9009296734203875
289,1.0,0.046499997,0.95350003,0.00013325857,0.037247553,0.9938409893845999,0.9123306094344762
290,1.0,0.046440624,0.9535594,0.0001579273,0.04741107,0.9939014689628303,0.9028105087152352
291,1.0,0.050734315,0.94926566,0.00015471489,0.046087556,0.9938940772402043,0.8999873136805597
292,1.0,0.055206373,0.94479364,0.00033747643,0.12138532,0.9932715391758244,0.8245241771506874
293,1.0,0.052981578,0.94701844,0.00024144839,0.08182176,0.9933455642225172,0.8637455074876405
294,1.0,0.05363168,0.94636834,0.0003295236,0.11810876,0.9920781170790941,0.8279823961302375
295,1.0,0.05126941,0.9487306,0.00023317825,0.07841446,0.9927773891423748,0.8680214297586468
296,1.0,0.046471883,0.9535281,0.00015522145,0.04629626,0.992353965232753,0.9024301798100983
297,1.0,0.048209023,0.951791,0.0002392879,0.08093163,0.9930271984167321,0.8686614505906508
298,1.0,0.048189074,0.95181096,0.00019961281,0.0645855,0.9929314025737843,0.8840443259811531
299,1.0,0.048335794,0.9516642,0.00016395906,0.04989616,0.9926043904529971,0.8974928506316896
300,1.0,0.04765773,0.9523423,0.00028608245,0.100210994,0.9928200368055,0.8507545084616437
301,1.0,0.046179,0.953821,0.00023957307,0.08104913,0.992538309141375,0.8699743325484253
302,1.0,0.049713016,0.950287,0.00041776482,0.15446414,0.9923247055266843,0.7973346128461355
303,1.0,0.047893826,0.9521062,0.00016799604,0.051559392,0.9938981190530634,0.897506052957264
304,1.0,0.042862996,0.957137,0.00016854842,0.05178697,0.9937681250132048,0.9019139047208317
305,1.0,0.044578575,0.95542145,0.00024038751,0.08138468,0.9926356840333871,0.8712014035258093
306,1.0,0.049352933,0.95064706,0.00019347234,0.06205563,0.9930199331021943,0.8854302099158853
307,1.0,0.054412898,0.9455871,0.00019838144,0.064078175,0.9927594765024815,0.87858780760246
308,1.0,0.054617513,0.9453825,0.00030163408,0.10661827,0.9923911863736894,0.838161136796996
309,1.0,0.052346975,0.94765306,0.00012660191,0.03450501,0.9927843673211904,0.9083523305145537
310,1.0,0.052399024,0.94760096,0.00014928466,0.043850306,0.9922718623362465,0.8990462910500497
311,1.0,0.05982985,0.94017017,0.00026512574,0.09157683,0.992394564959791,0.847576799889955
312,1.0,0.06271383,0.93728614,0.00029671847,0.10459304,0.9924304019115879,0.83289972717012
313,1.0,0.09125264,0.9087474,0.00029128103,0.10235281,0.9933970437625068,0.8103483056222168
314,1.0,0.1378809,0.8621191,0.0007176904,0.27803347,0.9931894934945769,0.6181820829803147
315,1.0,0.13055006,0.86945,0.0005156889,0.19480886,0.9936171436786098,0.6956049529407581
316,1.0,0.12521234,0.8747877,0.00064296136,0.24724509,0.9938549879684653,0.6544542360766472
317,1.0,0.06898015,0.93101984,0.0003413582,0.1229846,0.9933746289487654,0.8111089844481445
318,1.0,0.04628001,0.95372,0.00013958832,0.03985541,0.9926310638498835,0.9089612765817576
319,1.0,0.046900507,0.9530995,0.00023374235,0.07864687,0.9941972621950852,0.8730455418447443
320,1.0,0.051799804,0.9482002,0.00014935223,0.04387814,0.9948311735185377,0.9019089594829828
321,1.0,0.056320958,0.94367903,0.00018391178,0.058116674,0.9947689210267854,0.884185980401679
322,1.0,0.052822623,0.94717735,0.00018940639,0.060380455,0.9950847942926079,0.8856118703118869
323,1.0,0.05205832,0.94794166,0.0002107569,0.06917687,0.9948319858607588,0.8778059809303093
324,1.0,0.05248617,0.9475138,0.00011005093,0.027686011,0.9950882669324311,0.916755893855639
325,1.0,0.04534688,0.95465314,0.00015939241,0.048014697,0.9930231033059721,0.9024750279963775
326,1.0,0.044900447,0.9550996,0.00021416954,0.070582874,0.9947503737684408,0.8830258758065261
327,1.0,0.049469262,0.95053077,0.0003252016,0.11632809,0.9940753128333815,0.8349808126311524
328,1.0,0.050715826,0.9492842,0.00015212012,0.045018513,0.9931022323680903,0.9002956943215925
329,1.0,0.04901019,0.9509898,0.00016134858,0.048820637,0.9941292580116965,0.8992514278568772
330,1.0,0.048495498,0.9515045,0.00020015668,0.064809576,0.9944012709022453,0.8848559592070241
331,1.0,0.046708927,0.95329106,0.00021261121,0.06994084,0.9927254692905123,0.8801673414129266
332,1.0,0.042778265,0.95722175,0.00028705993,0.10061372,0.993432031220962,0.8552576408864533
333,1.0,0.04541271,0.9545873,0.00025188972,0.086123586,0.993881873211698,0.8670374735572264
334,1.0,0.045983933,0.9540161,0.00022002915,0.07299703,0.9939732093020196,0.8790458034687663
335,1.0,0.04876748,0.9512325,0.00014636674,0.04264812,0.9930844017245132,0.904366413006295
336,1.0,0.047993034,0.95200694,0.00017639593,0.055020146,0.9933732158409735,0.893665751002983
337,1.0,0.04532078,0.95467925,0.00011222965,0.02858364,0.9925432921342715,0.9204757680922041
338,1.0,0.050799165,0.9492008,0.00042950633,0.15930164,0.992030921391109,0.7916323162296482
339,1.0,0.048159484,0.9518405,0.00023120329,0.07760078,0.9916097217177869,0.8706104830140172
340,1.0,0.04938643,0.95061356,0.00021951467,0.072785065,0.9925401222541052,0.8748477478845306
341,1.0,0.0636446,0.9363554,0.000379132,0.1385474,0.99289708319303,0.8008963876092952
342,1.0,0.06438652,0.9356135,0.0003721834,0.13568458,0.9937930312680638,0.8036457970242805
343,1.0,0.05761342,0.94238657,0.00018021924,0.05659535,0.9937824233370177,0.8835241657810844
344,1.0,0.06970068,0.93029934,0.0003076338,0.10909016,0.9936635408006901,0.8235610988713868
345,1.0,0.05658232,0.94341767,0.0007400776,0.287257,0.992628800504336,0.667457862021347
346,1.0,0.048407964,0.951592,0.00018294081,0.057716638,0.9923335705167602,0.889795135185901
347,1.0,0.051566307,0.9484337,0.00015403658,0.04580809,0.9937049318275633,0.8992907928407766
348,1.0,0.058426544,0.94157344,0.00018532138,0.058697432,0.9943016484567001,0.8812549713563463
349,1.0,0.06537607,0.93462396,0.00017255386,0.053437214,0.9953536707743749,0.8805696960218076
350,1.0,0.055747267,0.9442527,0.00018670695,0.05926829,0.9947744297685325,0.8836466839930939
351,1.0,0.06288279,0.9371172,0.00025452406,0.087208934,0.995003620947357,0.8511183538781174
352,1.0,0.047750983,0.952249,0.00017484528,0.054381277,0.9938484667355854,0.8949252379825378
353,1.0,0.046256132,0.9537439,0.00018613585,0.05903299,0.9926606043916706,0.8908548281351027
354,1.0,0.0497441,0.9502559,0.00029878278,0.10544353,0.9932349107648178,0.8443068271952042
355,1.0,0.04649815,0.9535018,0.00023817716,0.08047401,0.9934954340530896,0.871066715034223
356,0.0,0.04847966,0.9515203,0.00029088018,0.10218766,0.9925318435621006,0.8479067833448359
357,0.0,0.04661788,0.95338213,0.00026900618,0.09317557,0.9937120549325462,0.8591139292849646
358,0.0,0.044632837,0.95536715,0.00015613703,0.04667348,0.9941406041485101,0.9054402514440107
359,0.0,0.046578657,0.95342135,0.00032516883,0.11631459,0.9915551650957414,0.8354095479574183
360,0.0,0.04502998,0.95497,0.00022180207,0.07372747,0.9921896371214206,0.8776536791772995
361,0.0,0.046199735,0.95380026,0.00025499382,0.08740248,0.9920736386259357,0.8635363858261005
362,0.0,0.04479865,0.9552013,0.00015727914,0.04714403,0.9927233570754138,0.9035462672243963
363,0.0,0.04400068,0.9559993,0.00012294069,0.032996587,0.9918786009342145,0.9169467053369198
364,0.0,0.045223594,0.9547764,0.00017787184,0.05562822,0.991994457322088,0.894445590593739
365,0.0,0.046646833,0.95335317,0.00022091741,0.073363,0.9916690818877836,0.8760526659969172
366,0.0,0.044918586,0.9550814,0.00028454815,0.09957886,0.9924262298814619,0.8534622599243273
367,0.0,0.044654436,0.9553456,0.00011935047,0.03151742,0.9917608340493632,0.9176123409631755
368,0.0,0.045446657,0.95455337,0.00014611085,0.042542692,0.99282029301978,0.9073822149837217
369,0.0,0.046690363,0.95330966,0.00020474686,0.06670073,0.9926123544259418,0.8831502813632508
370,0.0,0.046209484,0.95379055,0.00019718162,0.06358385,0.9907737445641663,0.8849044634724759
371,0.0,0.04672944,0.95327055,0.00016025206,0.048368875,0.9924486047636923,0.9003116126292312
372,0.0,0.04633936,0.95366067,5.9144128e-05,0.006712406,0.9939286451840521,0.9415082187954724
373,0.0,0.06086307,0.9391369,0.0003376019,0.12143701,0.9939133626387296,0.8200689153961336
374,0.0,0.05059716,0.9494028,0.00014199791,0.040848162,0.9939219173753553,0.9050866317529704
375,0.0,0.052788425,0.94721156,0.00015974086,0.048158254,0.9939566746328183,0.8961468977392577
376,0.0,0.051550508,0.9484495,0.00022719575,0.07594967,0.9931650613883009,0.8704248306433323
377,0.0,0.04656306,0.953437,0.00015918996,0.047931287,0.9930131516714673,0.9013952693257028
378,0.0,0.045918707,0.9540813,0.00013582647,0.03830553,0.9929527173222773,0.9110685825159645
379,0.0,0.046510816,0.9534892,0.00018430216,0.058277514,0.9928086490280118,0.8914649440318407
380,0.0,0.048104644,0.95189536,0.00025196737,0.08615558,0.9924813103952201,0.8633438628612218
381,0.0,0.045022313,0.9549777,0.00017102786,0.0528085,0.9930802758061072,0.8982875237257304
382,0.0,0.043336753,0.95666325,0.00010721007,0.026515573,0.9929171990325554,0.9247005761704741
383,0.0,0.048248902,0.9517511,0.00015000661,0.04414775,0.9924660286344671,0.9028795683093072
384,0.0,0.044996325,0.9550037,0.000216633,0.071597815,0.9919079449292929,0.8794528567697684
385,0.0,0.044723295,0.9552767,0.00019845279,0.064107575,0.992805149657051,0.8876037765244726
386,0.0,0.04792327,0.95207673,0.00024136245,0.08178635,0.993972940605089,0.8689409659534838
387,0.0,0.04422741,0.9557726,0.00018779802,0.059717808,0.9942951408604974,0.8935689526954501
388,0.0,0.046578377,0.9534216,0.00033293586,0.1195146,0.9935248874744305,0.8340380967564085
389,0.0,0.04456314,0.9554369,0.00024046194,0.08141535,0.9934023243960677,0.8718592170960747
390,0.0,0.0426471,0.9573529,0.00010585702,0.025958115,0.9935870311080512,0.9265216879181112
391,0.0,0.04265925,0.9573408,0.000119962606,0.031769622,0.99410667019748,0.9214637508615976
392,0.0,0.04482068,0.95517933,0.00018608168,0.059010677,0.9931988436141674,0.8927005742178511
393,0.0,0.04505309,0.95494694,0.00015867384,0.047718644,0.9935423428748023,0.903505718541857
394,0.0,0.04523179,0.9547682,0.00015515392,0.046268437,0.9932611773871668,0.9044561750893275
395,0.0,0.048656274,0.9513437,0.00017889391,0.056049313,0.9936087125609855,0.8922820647522808
396,0.0,0.038791787,0.9612082,5.2121373e-05,0.0038190314,0.9936575511139071,0.9514642213206146
397,0.0,0.045493994,0.954506,0.00026611864,0.0919859,0.9936531571624273,0.8612040415237756
398,0.0,0.046451025,0.95354897,0.000426991,0.15826532,0.9935295424958692,0.7974417759643015
399,0.0,0.045026083,0.95497394,0.00019240301,0.06161506,0.9924727423321446,0.8893877590490405
400,0.0,0.04574503,0.954255,0.00017141676,0.05296873,0.9924174221993857,0.8968568463929536
401,0.0,0.045569018,0.954431,0.00032545143,0.11643102,0.9939753975862746,0.8382250661345266
402,0.0,0.042713493,0.9572865,0.00013814382,0.039260276,0.9938892901057933,0.9140830869621763
403,0.0,0.045857385,0.95414263,0.00018684984,0.059327155,0.9919319886919123,0.8902947675612594
404,0.0,0.043480583,0.9565194,0.00014783701,0.043253873,0.9931428959563735,0.9088709787257404
405,0.0,0.045377232,0.95462275,0.00018043359,0.056683663,0.9926945680536938,0.8939325818699323
406,0.0,0.04305408,0.9569459,0.00011501615,0.02973168,0.9929834827685429,0.9219794785390873
407,0.0,0.040583357,0.9594166,7.57053e-05,0.013535609,0.99335660823808,0.9401428180804058
408,0.0,0.04740836,0.95259166,0.00018932369,0.060346384,0.9927863646043494,0.888649226662261
409,0.0,0.053067163,0.94693285,0.00032823262,0.11757687,0.9934092514932218,0.8300882888298586
410,0.0,0.07062451,0.92937547,0.0003303639,0.118454956,0.9935770323257969,0.8140240967164754
411,0.0,0.058976218,0.94102377,0.00021586377,0.0712809,0.9937853692416516,0.8685154701156144
412,0.0,0.053174064,0.9468259,0.00028369552,0.09922758,0.9930886633201583,0.8469801920831961
413,0.0,0.054121494,0.9458785,0.00018768862,0.059672736,0.9926085971393588,0.8828611758979678
414,0.0,0.057424847,0.94257516,0.00015671579,0.04691193,0.9932184687308436,0.8922648566148838
415,0.0,0.061616186,0.9383838,0.00034744348,0.12549174,0.9922288730648734,0.8142472346413405
416,0.0,0.05506529,0.9449347,0.00018340674,0.0579086,0.9927383839508604,0.8837504619215519
417,0.0,0.050683104,0.9493169,0.00018714722,0.059449676,0.9931956164477341,0.8868048203817257
418,0.0,0.05333188,0.94666815,0.00016694561,0.051126614,0.9928743522770862,0.8918674798924142
419,0.0,0.057768907,0.9422311,0.00020254796,0.06579478,0.9937119066834897,0.874702207927007
420,0.0,0.048836503,0.9511635,0.00020718719,0.067706145,0.9939640444754279,0.8814113441867814
421,0.0,0.048083805,0.9519162,0.0002408429,0.081572294,0.9922891806466965,0.867524898427613
422,0.0,0.045734104,0.9542659,0.0004263939,0.15801932,0.9932426814446296,0.7980441463900992
423,0.0,0.041918736,0.95808125,0.00013003072,0.03591768,0.9936487953774726,0.9178027475774382
424,0.0,0.045491174,0.95450884,0.00039486465,0.14502926,0.9921797362532189,0.8096951748889935
425,0.0,0.045008585,0.9549914,0.00024656462,0.08392965,0.9935995842027823,0.869239970564319
426,0.0,0.04433448,0.9556655,0.00025286252,0.08652438,0.9928984587024774,0.8667777135527575
427,0.0,0.04683281,0.9531672,0.00022357648,0.07445853,0.9933124217225612,0.8762960174676564
428,0.0,0.044262007,0.955738,0.00018932871,0.06034845,0.9937770821409354,0.8924721215951457
429,0.0,0.042750705,0.9572493,0.00016383287,0.049844164,0.9922652883566339,0.9025010053457536
430,0.0,0.046068307,0.9539317,0.00016036516,0.04841547,0.9935747634016806,0.9019141262656523
431,0.0,0.046239957,0.95376,0.00013119291,0.036396503,0.9935704500096713,0.9131374656354202
432,0.0,0.04522836,0.95477164,0.00016968895,0.05225687,0.9926767107786495,0.8982515735065294
433,0.0,0.04703461,0.9529654,0.000315471,0.11231908,0.9931253844380653,0.8401137081428882
434,0.0,0.04600761,0.95399237,0.00019303382,0.061874956,0.9939482998386736,0.8895480445484807
435,0.0,0.052642394,0.9473576,0.00013255168,0.036956314,0.9941535071648803,0.907012751385971
436,0.0,0.069728255,0.93027174,0.00015763189,0.047289364,0.9939475503079005,0.8809155981198619
437,0.0,0.06503117,0.9349688,0.00020244504,0.06575238,0.99387538040295,0.8681426109280062
438,0.0,0.06433938,0.9356606,0.00018526013,0.058672197,0.9934904891815528,0.8750300133494696
439,0.0,0.06545626,0.9345437,0.00032026443,0.11429397,0.9936323302539948,0.8224602955668265
440,0.0,0.055864967,0.944135,0.00016205334,0.049111,0.9935733299488384,0.8919979472277124
441,0.0,0.051726185,0.94827384,0.00023356528,0.07857392,0.9939068257664546,0.8684402192872636
442,0.0,0.049326524,0.95067346,0.00027798253,0.09687383,0.9935839860761296,0.8530694369454929
443,0.0,0.043646436,0.95635355,0.00010843188,0.027018959,0.9923939933978414,0.9234363642417699
444,0.0,0.045087505,0.9549125,0.00021202926,0.06970108,0.9926719844560199,0.8818441906515861
445,0.0,0.04633638,0.95366365,0.00022091523,0.0733621,0.9929685312472191,0.877487132728846
446,0.0,0.044421162,0.95557886,0.00022206036,0.07383389,0.9931277846427132,0.8789427050695858
447,0.0,0.0435498,0.9564502,0.00013795661,0.039183147,0.9929090651030584,0.9124571241974855
448,0.0,0.046208568,0.95379144,0.00017566947,0.054720845,0.9908272382827332,0.8933290144377843
449,0.0,0.045357052,0.95464295,0.00019988835,0.064699024,0.9940026866791662,0.887523600846184
450,0.0,0.044233352,0.9557667,0.00014931697,0.043863613,0.9936055302041775,0.9079997901255672
451,0.0,0.044417165,0.95558286,0.00018852446,0.060017098,0.9938307813779076,0.8926901790486769
452,0.0,0.0434619,0.9565381,0.00016632036,0.05086901,0.991743633502,0.9003841590240685
453,0.0,0.043448996,0.956551,8.956842e-05,0.019247215,0.9936303735775092,0.932164433122732
454,0.0,0.04296465,0.95703536,0.00014384958,0.041611053,0.9928745682560173,0.9106765370419134
455,0.0,0.046940535,0.95305943,0.00022602608,0.075467765,0.9914235597094926,0.8735771579663226
456,0.0,0.045456916,0.9545431,0.00017561477,0.054698307,0.9924438951837401,0.8955131236488783
457,0.0,0.046779923,0.95322007,0.00013157,0.036551867,0.9930159978031806,0.9119641007413737
458,0.0,0.050132688,0.9498673,0.00017363956,0.053884525,0.9935583911663733,0.8928952315200156
459,0.0,0.05489573,0.94510424,0.00020470053,0.06668164,0.9937449939360223,0.876565741941917
460,0.0,0.056976866,0.94302315,0.00032214998,0.11507082,0.9933159079867173,0.828930784009373
461,0.0,0.04716074,0.95283926,0.0002000685,0.06477325,0.9937263016465828,0.8855301091626154
462,0.0,0.049440216,0.9505598,0.00025128727,0.08587538,0.9924511549356074,0.8623706826874381
463,0.0,0.050011963,0.949988,0.00025367326,0.08685841,0.9928624428282257,0.8612819598635368
464,0.0,0.047655195,0.9523448,0.00018358581,0.057982378,0.9929756386591416,0.8908238081875766
465,0.0,0.046706848,0.95329314,0.00020431141,0.066521324,0.9928281173461633,0.8834967030545308
466,0.0,0.05479775,0.94520223,0.0003061299,0.108470544,0.9927794561921683,0.8365910500025918
467,0.0,0.048946664,0.9510533,0.000110172135,0.027735947,0.9937934268417319,0.9189358655989068
468,0.0,0.048515514,0.9514845,0.00021656306,0.071569,0.9928781836032421,0.8770963599236226
469,0.0,0.0467095,0.9532905,0.00032507465,0.11627579,0.9929764436214049,0.8365289436323192
470,0.0,0.04209217,0.95790786,8.619894e-05,0.017858988,0.992913610445343,0.9341337276085288
471,0.0,0.042666797,0.9573332,9.12634e-05,0.019945545,0.9934093579792774,0.9320550850904357
472,0.0,0.045364562,0.95463544,0.00022731836,0.07600019,0.9925242213673706,0.87548868235926
473,0.0,0.042630013,0.95737,0.00016521662,0.05041427,0.994026950153175,0.9036747548846491
474,0.0,0.03975553,0.9602445,0.00015104031,0.04457363,0.9934824505469124,0.91146343823649
475,0.0,0.045015167,0.95498484,0.000130714,0.036199193,0.9930276178414399,0.9139976767789117
476,0.0,0.04546703,0.954533,0.00021670967,0.071629405,0.992764494646473,0.879748555559843
477,0.0,0.048652004,0.951348,0.00025862793,0.08889973,0.9938952188983479,0.861481964499034
478,0.0,0.043789998,0.95621,0.00019433215,0.06240987,0.9935172248635958,0.8907210496866896
479,0.0,0.044589143,0.95541084,0.00023198398,0.077922426,0.9938112115528611,0.8755108151989281
480,0.0,0.046963535,0.9530365,0.00026359537,0.09094632,0.9933409981275969,0.8605922183665857
481,0.0,0.047116075,0.9528839,0.00016069517,0.048551433,0.9945418408229376,0.9016715492217386
482,0.0,0.047407676,0.9525923,0.0003575994,0.12967598,0.9944944560452061,0.8244995039402455
483,0.0,0.04335867,0.9566413,0.00012436087,0.033581704,0.9939457552880971,0.9189184205041445
484,0.0,0.04374538,0.9562546,0.00010347645,0.024977323,0.9925022469810162,0.9253792678452926
485,0.0,0.045701485,0.9542985,0.00018951308,0.060424414,0.9927599180521345,0.8901438768204596
486,0.0,0.046844028,0.953156,0.00018628874,0.059095986,0.9935013906207022,0.8910001570386433
487,0.0,0.04333717,0.95666283,0.000179366,0.05624382,0.993783824385922,0.8972441547877881
488,0.0,0.046807274,0.9531927,0.00029746213,0.10489943,0.9927747140330468,0.8470387180290355
489,0.0,0.043662153,0.95633787,0.00011759663,0.030794837,0.9930218351067509,0.9204195974980709
490,0.0,0.044368505,0.9556315,0.00010888055,0.027203813,0.9933678283435249,0.9234691934409466
491,0.0,0.04456776,0.95543224,0.00024036966,0.08137732,0.9921976487644812,0.8708337510302852
492,0.0,0.044615302,0.9553847,0.00018077614,0.056824796,0.9932587174064268,0.8950206148385801
493,0.0,0.044685207,0.9553148,0.000118337506,0.03110008,0.9935809826586965,0.9196629915268275
494,0.0,0.053054243,0.9469458,0.00015301508,0.045387235,0.9937223974509217,0.8982918033648355
495,0.0,0.051514376,0.9484856,0.00018692501,0.059358127,0.9928916700901762,0.885843323540851
496,0.0,0.0491373,0.9508627,0.00013857127,0.039436385,0.9937254637018684,0.9076331761006455
497,0.0,0.051220737,0.9487793,0.000120891986,0.032152522,0.9931888125787985,0.9120190939754196
498,0.0,0.05835456,0.94164544,0.00032887378,0.11784103,0.9934285324577165,0.8252222325816722
499,0.0,0.05132535,0.9486747,0.000101649865,0.02422477,0.99315016084282,0.9193524235116496
500,0.0,0.05014321,0.9498568,0.00019764337,0.063774094,0.9933686739353493,0.8833834482918311
501,0.0,0.057604298,0.9423957,0.00024883478,0.08486495,0.9927175271614754,0.8561387620515676
502,0.0,0.061988547,0.93801147,0.00018729789,0.059511755,0.993504747984948,0.8764586992182213
503,0.0,0.07249378,0.9275062,0.00030498384,0.10799837,0.9926811085991174,0.8212818367464836
504,0.0,0.05859595,0.94140404,0.00028665655,0.10044752,0.9925025483999532,0.8404931890542766
505,0.0,0.05034041,0.9496596,0.00016596919,0.05072433,0.9914058960420519,0.8937412335823195
506,0.0,0.046231862,0.95376813,0.00016116042,0.048743118,0.9916487261818043,0.8997015471452496
507,0.0,0.0456944,0.9543056,0.0001592005,0.04793563,0.990667362581603,0.9000811304992861
508,0.0,0.04656231,0.9534377,0.00016681715,0.05107369,0.9911508140006431,0.8967358903801272
509,0.0,0.049782187,0.95021784,0.00028080904,0.098038346,0.9914265965770889,0.8497121530272294
510,0.0,0.046006054,0.9539939,0.00011371739,0.029196592,0.9905700982855371,0.9174071324686154
511,0.0,0.04866018,0.95133984,0.00033227046,0.119240455,0.9915951979829668,0.8308592543656611
512,0.0,0.046969723,0.9530303,0.00031521087,0.112211905,0.9903841488725619,0.8379530805216161
513,0.0,0.04641067,0.9535893,0.00027032132,0.09371741,0.9928284872121351,0.8580236192829799
514,0.0,0.044344526,0.95565546,0.0001977661,0.06382465,0.9914706432581253,0.8870301854964665
515,0.0,0.044639982,0.95536,0.00023038154,0.077262215,0.9930221104038603,0.8753953999675544
516,0.0,0.049767174,0.9502328,0.0001938057,0.06219297,0.9940325789749643,0.8858171997407707
517,0.0,0.055232935,0.94476706,0.00023843348,0.080579616,0.9939985044336239,0.8634249705445266
518,0.0,0.04950522,0.95049477,0.00016222602,0.049182143,0.9940051538781504,0.898329612552335
519,0.0,0.0496005,0.9503995,0.00023695375,0.07996997,0.9937214013356511,0.8689061036431022
520,0.0,0.049938064,0.9500619,0.0002308408,0.07745143,0.991950551077161,0.8694230878511224
521,0.0,0.048975717,0.9510243,0.00025891076,0.08901626,0.9932256331017386,0.8604986050626308
522,0.0,0.044386517,0.9556135,9.185682e-05,0.020190034,0.9926002954132949,0.9293911012529732
523,0.0,0.049368344,0.9506317,0.00027984273,0.09764023,0.9930656318779036,0.8518634257259032
524,0.0,0.055170976,0.94482905,0.00023123207,0.07761264,0.992852149383624,0.8652690063367589
525,0.0,0.05809045,0.94190955,0.00044900095,0.16733342,0.9934043657256686,0.7791236388555062
526,0.0,0.05816518,0.9418348,0.00028081372,0.098040275,0.9931476409187292,0.8436760208196252
527,0.0,0.047183767,0.95281625,0.0001594202,0.04802615,0.992110582676975,0.899900008295568
528,0.0,0.047036532,0.9529635,0.00019937768,0.06448863,0.9931197455960139,0.885374359063698
529,0.0,0.042694855,0.95730513,7.9372105e-05,0.015046333,0.9936107530424011,0.9368767655099198
530,0.0,0.04587492,0.9541251,0.00021725427,0.07185379,0.9910215751564384,0.8776166033056192
531,0.0,0.043680683,0.95631933,0.00017461287,0.054285526,0.9932831950533497,0.8983303450667441
532,0.0,0.04714694,0.9528531,0.00022737242,0.07602246,0.9939349265353666,0.8750750628537245
533,0.0,0.044511043,0.955489,0.00014327341,0.04137367,0.9935720755575267,0.910069212586412
534,0.0,0.045746338,0.9542537,0.00019292765,0.061831214,0.9942182830439165,0.890074888337278
535,0.0,0.043326277,0.95667374,0.00018898238,0.06020576,0.9940930157257404,0.8937656312708299
536,0.0,0.044099875,0.95590013,0.00014856906,0.043555476,0.9939324859005202,0.9087181352837675
537,0.0,0.0464143,0.9535857,0.00020001325,0.064750485,0.9937437056696984,0.8862609007476052
538,0.0,0.045730144,0.9542699,0.00022616058,0.07552318,0.9928940153761946,0.8759314581027624
539,0.0,0.045969177,0.9540308,0.00022023197,0.0730806,0.9924825075048168,0.8776618583141785
540,0.0,0.04678919,0.95321083,0.000221317,0.07352763,0.9918417298941025,0.8759187568475845
541,0.0,0.047040895,0.9529591,0.00020587427,0.067165226,0.9937964224115066,0.883438696423892
542,0.0,0.043302108,0.9566979,0.00014455988,0.041903693,0.9918017634642363,0.9090941754701853
543,0.0,0.046320274,0.95367974,0.00022755249,0.07609665,0.9936397731129001,0.8755038800449862
544,0.0,0.048861213,0.9511388,0.00026786543,0.09270558,0.9932304920367907,0.8571210673579717
545,0.0,0.045679264,0.9543207,0.00022315638,0.074285455,0.9941975227036222,0.8783024993670643
546,0.0,0.044554256,0.95544577,0.00020525871,0.06691161,0.9934665534528994,0.8856907061405075
547,0.0,0.044407476,0.9555925,0.0001308489,0.03625477,0.9937273975462059,0.9151709915468202
548,0.0,0.045449242,0.95455074,0.00021835009,0.07230526,0.9932904716017857,0.87959022325296
549,0.0,0.04592451,0.9540755,0.00026803368,0.0927749,0.9928244050369992,0.8593503891256712
550,0.0,0.045943312,0.9540567,0.000106100204,0.02605831,0.9932002040560184,0.9228772425111263
551,0.0,0.04454176,0.9554582,0.00019400631,0.062275622,0.9930054512739291,0.8896896455686696
552,0.0,0.04749848,0.95250154,0.0002647815,0.091435,0.993521436536351,0.8598029423395059
553,0.0,0.049590115,0.9504099,0.00019690652,0.06347051,0.994227848104743,0.884949172542142
554,0.0,0.05873692,0.9412631,0.00014427528,0.04178644,0.9942724356982476,0.8967651793696182
555,0.0,0.06389927,0.9361007,0.00034093816,0.12281155,0.9939510866200472,0.8161697281777488
556,0.0,0.064300634,0.93569934,0.00021193935,0.06966403,0.994310672358572,0.8655621661140058
557,0.0,0.07826777,0.92173225,0.0003463015,0.12502125,0.9935280238365323,0.8012765195254324
558,0.0,0.123441994,0.876558,0.00034181998,0.12317486,0.993855154027432,0.7638652700569126
559,0.0,0.09381809,0.90618193,0.0003052447,0.108105846,0.9938604504067788,0.8032562632441569
560,0.0,0.09352419,0.9064758,0.0003040334,0.10760679,0.9936542242794514,0.803799534443271
561,0.0,0.07708258,0.9229174,0.0005173096,0.19547658,0.9935755828961235,0.7377384645563311
562,0.0,0.063792855,0.9362072,0.00022087232,0.07334442,0.9930750239399614,0.8615339063060006
563,0.0,0.06914678,0.93085325,0.00030061026,0.106196456,0.9936693506565897,0.8267327983491302
564,0.0,0.05581405,0.944186,0.00019014212,0.06068358,0.9930516921113686,0.8807269583063507
565,0.0,0.050924744,0.9490753,0.00025695545,0.088210665,0.9926075110636575,0.8589596031846252
566,0.0,0.044310343,0.95568967,0.00015414512,0.045852814,0.9925714683381568,0.9050947276748191
567,0.0,0.0451082,0.9548918,0.00011568316,0.030006485,0.9923021338751975,0.9191088314534274
568,0.0,0.045949902,0.9540501,0.0004161375,0.15379368,0.9927123424985708,0.8014397222906632
569,0.0,0.044963967,0.95503604,0.00028490077,0.099724144,0.9917289267834212,0.8526844338179375
570,0.0,0.0446236,0.9553764,0.00019705825,0.06353302,0.9928249292782635,0.8882590921522141
571,0.0,0.047047205,0.9529528,0.00015944875,0.04803791,0.9925543450657134,0.9004204332730352
572,0.0,0.042337723,0.9576623,0.00013818301,0.039276425,0.993061996066181,0.9136654120892367
573,0.0,0.04713439,0.9528656,0.00026086444,0.089821175,0.9914582836264644,0.8598700555209084
574,0.0,0.044770326,0.9552297,0.00013949667,0.03981765,0.9922745240052009,0.9101089582594876
575,0.0,0.047957756,0.9520422,0.00021968797,0.07285646,0.9909698756245582,0.8747090524354816
576,0.0,0.04798104,0.952019,0.00021394686,0.07049113,0.9921924560533886,0.8780011321123953
577,0.0,0.053697262,0.9463027,0.00020165212,0.065425694,0.9932432790785007,0.8784145977420543
578,0.0,0.064862855,0.93513715,0.00033129417,0.11883823,0.9933213737059764,0.8185038584625773
579,0.0,0.060583364,0.93941665,0.00031644158,0.11271896,0.9934414735724801,0.8280599050196884
580,0.0,0.053640354,0.94635963,0.0002534525,0.08676746,0.992784650530173,0.8580105880066855
581,0.0,0.050595365,0.94940466,0.00010489802,0.025563007,0.9929932771577699,0.9186528517894987
582,0.0,0.053092223,0.94690776,0.00016929474,0.052094456,0.9932246423549397,0.891497713866312
583,0.0,0.047361568,0.95263845,0.00016506262,0.050350823,0.9928684254076687,0.8982205864925279
584,0.0,0.046261895,0.9537381,0.00014819787,0.043402545,0.9925960567192587,0.9055885033396507
585,0.0,0.047813587,0.9521864,0.0001717813,0.053118918,0.9921093098533498,0.8944929713680924
586,0.0,0.04652445,0.95347553,0.00014602917,0.04250904,0.992516679786037,0.9061123438861942
587,0.0,0.050534215,0.9494658,0.0003126521,0.11115769,0.9928447223912742,0.8378868366555177
588,0.0,0.049456123,0.9505439,0.00031478796,0.112037666,0.9929794889764615,0.8381215461657819
589,0.0,0.044685863,0.95531416,0.00025192398,0.086137705,0.9921230151007249,0.8661487867043255
590,0.0,0.04586441,0.9541356,0.00018232176,0.05746159,0.9926810117250133,0.8927273618134214
591,0.0,0.045373317,0.9546267,0.0001949754,0.06267489,0.993538082165275,0.8890135009754786
592,0.0,0.047166683,0.9528333,0.00021141725,0.06944893,0.9930154228755628,0.8804670939963765
593,0.0,0.04415442,0.9558456,0.00018899873,0.0602125,0.9931990988053189,0.892182573094586
594,0.0,0.04527564,0.9547244,0.00016620794,0.050822698,0.99391913428444,0.9006922363831047
595,0.0,0.04401357,0.95598644,0.00012283312,0.03295227,0.9932998134983032,0.9182903320435895
596,0.0,0.04660034,0.95339966,0.00013158303,0.03655723,0.9931461527322308,0.9122503876522802
597,0.0,0.048707042,0.95129293,0.0005068734,0.19117688,0.9929538014423632,0.7640061762641822
598,0.0,0.04650503,0.95349497,0.00023773038,0.08028994,0.9928315916935546,0.8706526235419184
599,0.0,0.047402214,0.9525978,0.0001844975,0.058357995,0.9929945334580806,0.8907221482731117
600,0.0,0.04601962,0.9539804,0.00025604648,0.08783617,0.9925050399142616,0.8636644354015899
601,0.0,0.044716172,0.9552838,0.000117476266,0.030745247,0.9921916286911789,0.9186834587819988
602,0.0,0.04508798,0.954912,0.000112947346,0.028879333,0.9924544397566682,0.9203375249719895
603,0.0,0.048648767,0.9513512,0.00018771699,0.059684422,0.9939878023758539,0.8891920761564713
604,0.0,0.05821315,0.9417868,0.00015831295,0.04756996,0.9933019773438012,0.8909779750886259
605,0.0,0.09166739,0.9083326,0.0004342103,0.16123967,0.9931205005905276,0.7566319978931362
606,0.0,0.09017569,0.9098243,0.000307273,0.1089415,0.9931521415638254,0.8051550705086205
607,0.0,0.06522384,0.9347762,0.00014835256,0.043466277,0.9926725751862983,0.887593172386702
608,0.0,0.06555271,0.9344473,0.0002973764,0.104864106,0.9925143220246898,0.830195862028559
609,0.0,0.05921004,0.94078994,0.0001943198,0.06240478,0.992623916176119,0.8755738998593663
610,0.0,0.0479305,0.9520695,0.00029886616,0.105477884,0.9935633497677209,0.846165502285101
611,0.0,0.048367575,0.95163244,0.00020922214,0.068544544,0.99254037968841,0.8797909716731231
612,0.0,0.046367522,0.9536325,0.00016226075,0.049196452,0.9935694776310942,0.9008864568683789
613,0.0,0.047127146,0.9528729,0.00019361626,0.06211492,0.9932104313667933,0.8876175437229881
614,0.0,0.044886958,0.95511305,0.00012884858,0.03543064,0.992648631634026,0.9145001392840806
615,0.0,0.046166502,0.9538335,0.00026776266,0.09266324,0.992523734719276,0.8589779158629036
616,0.0,0.04492238,0.95507765,0.00020910735,0.068497255,0.9927866682099048,0.8832400435229739
617,0.0,0.048108302,0.9518917,0.00024629355,0.08381797,0.9934621981689454,0.8664044185909809
618,0.0,0.04248949,0.95751053,0.00010035988,0.023693297,0.9928568643927437,0.9281463561607386
619,0.0,0.046048835,0.9539512,0.0003660503,0.13315776,0.9920120754913029,0.820319801888753
620,0.0,0.044014372,0.9559856,0.00015614186,0.04667547,0.9933480530996022,0.9053022067297347
621,1.0,0.044622913,0.9553771,0.00027146176,0.09418727,0.9938673119058644,0.8600855607599692
622,1.0,0.04565784,0.9543422,0.00014507839,0.04211732,0.9927348853989378,0.9075064649307735
623,1.0,0.048038688,0.95196134,0.00028737672,0.10074424,0.9905429850988985,0.8479609493405035
624,1.0,0.051597916,0.9484021,0.00025369323,0.08686663,0.9911184366094773,0.8583260490732466
625,1.0,0.049540143,0.95045984,0.00023926381,0.08092172,0.9916672312553447,0.8662679522892802
626,1.0,0.05320054,0.94679946,0.00025732515,0.088362984,0.9915740021039452,0.8558646298735929
627,1.0,0.05166921,0.94833076,0.00014422786,0.0417669,0.9913056278225534,0.900821157216558
628,1.0,0.05667596,0.943324,0.00022067015,0.07326113,0.9912548015335659,0.8665698230912595
629,1.0,0.061211444,0.93878853,0.0003049428,0.107981466,0.9909553272696054,0.8298426074678613
630,1.0,0.06981434,0.9301857,0.00033378112,0.119862854,0.9910691009545416,0.8113793093646448
631,1.0,0.100835264,0.89916474,0.00059986644,0.22949,0.9915390752342981,0.6869535638411591
632,1.0,0.124828584,0.8751714,0.00034632478,0.12503085,0.9926532208120106,0.7601221831742034
633,1.0,0.16924468,0.83075535,0.00037824738,0.13818295,0.9930038149794278,0.7109501491650168
634,1.0,0.06493987,0.93506014,0.00029720063,0.10479169,0.9925035940730464,0.8307985804568087
635,1.0,0.06571895,0.93428105,0.0002609554,0.08985864,0.9924221428918344,0.8438841272973963
636,1.0,0.06758616,0.9324138,0.00030830706,0.10936754,0.9933645128294709,0.8249276570318227
637,1.0,0.061454922,0.9385451,0.00022011714,0.07303329,0.9922523772290673,0.8632596320635672
638,1.0,0.06126028,0.9387397,0.00019437747,0.06242854,0.9927987631602487,0.8737975309220519
639,1.0,0.0612738,0.9387262,0.0001913451,0.061179202,0.9930057984654596,0.8751316622075657
640,1.0,0.07312015,0.9268799,0.00047924233,0.17979287,0.9932816247111098,0.7551259281529156
641,1.0,0.17629355,0.82370645,0.00087492185,0.3428128,0.9939517753945784,0.5380552429069153
642,1.0,0.11444511,0.8855549,0.00054027274,0.20493738,0.9944333525263963,0.7001522630740437
643,1.0,0.11555705,0.8844429,0.00041825042,0.1546642,0.9940459070438857,0.743199693758865
644,1.0,0.44937637,0.55062366,0.0010025064,0.39537764,0.9943069426324724,0.33102405982908256
645,1.0,0.7430565,0.7430565,0.0008435652,0.3298939,0.9931382344966528,0.49451002610246236
646,1.0,0.7316333,0.7316333,0.0007771171,0.30251727,0.9930353139946164,0.5067474996236604
647,1.0,0.7415674,0.7415674,0.0007116876,0.27556032,0.993528729541693,0.53374433436217
648,1.0,0.7673681,0.7673681,0.00042385873,0.15697482,0.993226498119717,0.6425287575963803
649,1.0,0.76836854,0.76836854,0.000576319,0.21978845,0.9930750933216386,0.5953386338745326
650,1.0,0.7680922,0.7680922,0.00040371346,0.14867498,0.9931705084031454,0.6494303746912292
651,1.0,0.7755498,0.7755498,0.00069601164,0.2691018,0.9932610696456288,0.5630280309635433
652,1.0,0.74701864,0.74701864,0.0006841129,0.26419953,0.9935265616440674,0.546098520472774
653,1.0,0.35487667,0.64512336,0.001563691,0.62658566,0.9934259527916135,0.2393146342683103
654,1.0,0.10500458,0.89499545,0.00040123318,0.1476531,0.9924946868619083,0.757121186561006
655,1.0,0.103360765,0.8966392,0.00055842346,0.21241549,0.9916831962347551,0.7003060477601069
656,1.0,0.05104838,0.9489516,0.00019286897,0.06180704,0.9901221101041966,0.8815054546726327
657,1.0,0.042564586,0.9574354,0.0001868801,0.059339628,0.9928222625357029,0.8941571084724661
658,1.0,0.04673414,0.95326585,0.00015850736,0.047650058,0.9935184684237337,0.9019584846144965
659,1.0,0.043143034,0.95685697,8.621682e-05,0.017866356,0.994023075264421,0.9341445170642445
660,1.0,0.042093646,0.95790637,0.00014011603,0.040072825,0.994129720232436,0.9141225362412946
661,1.0,0.042669427,0.9573306,0.00024111655,0.081685044,0.993800493456676,0.8736807813748773
662,1.0,0.042798314,0.95720166,0.00013431645,0.0376834,0.9936072986927134,0.9152424993812664
663,1.0,0.045700878,0.9542991,0.00025398296,0.086986005,0.9934847934847344,0.8656117947871917
664,1.0,0.042494293,0.9575057,8.654013e-05,0.01799956,0.9939086582909606,0.9345435670956457
665,1.0,0.043960623,0.95603937,0.000122057594,0.032632753,0.9934139182597477,0.9187500860295887
666,1.0,0.045069803,0.9549302,0.00017385511,0.05397333,0.993496526933705,0.8975142849062043
667,1.0,0.05172631,0.94827366,0.00043096443,0.15990238,0.9933813205248317,0.7913697018240718
668,1.0,0.050767384,0.94923264,0.0002338912,0.0787082,0.9923348544297739,0.8678169764012881
669,1.0,0.04940156,0.9505984,0.0002564775,0.08801375,0.9916410124658395,0.8596860105937187
670,1.0,0.04847774,0.95152223,0.00014962838,0.043991916,0.9918118572511271,0.9022145117739492
671,1.0,0.045606546,0.95439345,9.497498e-05,0.021474717,0.9917596759387182,0.9262024684035649
672,1.0,0.049405247,0.9505948,0.000260677,0.08974395,0.991465999259259,0.8579002821128734
673,1.0,0.051513072,0.9484869,0.0002544486,0.08717784,0.9916020508994379,0.8585289012415722
674,1.0,0.052656244,0.94734377,0.00024119293,0.08171651,0.9913764414473151,0.862428195464955
675,1.0,0.05514133,0.9448587,0.00031121256,0.110564604,0.9915503455938867,0.8332897304905844
676,1.0,0.051491212,0.9485088,0.00020374413,0.06628761,0.9908086535224097,0.8774941904175878
677,1.0,0.05689779,0.94310224,0.0002882186,0.101091094,0.9897377218188622,0.8390630221614256
678,1.0,0.059250366,0.94074965,0.00022751317,0.07608045,0.9909434972678974,0.8613052801045459
679,1.0,0.05408376,0.94591624,0.0001981221,0.063971326,0.9938278936648691,0.8799398940062165
680,1.0,0.053067032,0.946933,0.00022914296,0.07675192,0.9936063848550344,0.8686644039496227
681,1.0,0.053933326,0.9460667,0.00026105688,0.08990046,0.9928471086796404,0.8548560973899576
682,1.0,0.044278506,0.9557215,0.00010398117,0.025185268,0.9925314202060879,0.9246932413598287
683,1.0,0.04369644,0.95630354,9.620013e-05,0.02197948,0.9931473852571289,0.9288753510320592
684,1.0,0.047347687,0.95265234,0.00025442307,0.08716733,0.9929908694847218,0.8635169322363156
685,1.0,0.051520813,0.9484792,0.0003335294,0.11975914,0.9943692980534784,0.8301891097177514
686,0.0,0.06567597,0.934324,0.00021598469,0.07133072,0.9943315526148169,0.8627595996074091
687,0.0,0.05755358,0.9424464,0.00018259574,0.05757447,0.9947818263836827,0.8835508542440218
688,0.0,0.06492533,0.9350747,0.0003109757,0.110467024,0.994884806584095,0.8275250635597652
689,0.0,0.06078388,0.93921614,0.00018740597,0.059556283,0.9941245080766494,0.8780902155905181
690,0.0,0.056039575,0.9439604,0.0003098597,0.11000723,0.9943469966294185,0.835368741868269
691,0.0,0.04824638,0.9517536,0.00020570421,0.06709516,0.9935789472834585,0.8821943597541134
692,0.0,0.04885992,0.9511401,0.00017408439,0.05406779,0.9931671902859709,0.8935664777581735
693,0.0,0.045563668,0.9544363,0.0001702524,0.052489012,0.9925507557613773,0.8976021958010957
694,0.0,0.048736792,0.9512632,0.00022266574,0.074083306,0.9919178052854528,0.8736717519329701
695,0.0,0.05261731,0.9473827,0.00021838224,0.0723185,0.9924066999504491,0.8721958951621516
696,0.0,0.052296065,0.94770396,0.00026634312,0.09207839,0.9926466717027052,0.8541138053718761
697,0.0,0.047498953,0.95250106,0.0001805015,0.056711644,0.9920843660127975,0.8913710933421699
698,0.0,0.042947814,0.9570522,0.00013559511,0.03821021,0.9932161726393548,0.9142385954121394
699,0.0,0.045979742,0.95402026,0.00019388978,0.06222761,0.993037148519785,0.8884245148235212
700,0.0,0.042642698,0.9573573,9.31643e-05,0.020728717,0.9927037076643963,0.9306721515832627
701,0.0,0.042806085,0.9571939,0.00011818801,0.031038484,0.993435726608507,0.9213958359301126
702,0.0,0.041505896,0.9584941,0.00011877229,0.03127921,0.9943202286292054,0.923239426772304
703,0.0,0.045216266,0.95478374,0.00018172055,0.05721389,0.9935019257122492,0.8943075694649831
704,0.0,0.044401035,0.95559895,0.0001453985,0.042249206,0.9936856715249713,0.9094466490411741
705,0.0,0.051396534,0.94860345,0.00033025062,0.118408285,0.9937043276328112,0.8310159911456715
706,0.0,0.0449446,0.9550554,0.00014179097,0.0407629,0.9942869652800007,0.910890730744178
707,0.0,0.043914653,0.9560853,0.00019403691,0.062288232,0.994381737683519,0.8914955213232119
708,0.0,0.043479845,0.95652014,0.00015053157,0.04436403,0.993568575928493,0.9082061620868048
709,0.0,0.04266313,0.95733684,0.0001398284,0.039954323,0.9933228974920162,0.9129502730896643
710,0.0,0.044931255,0.95506877,0.0002199544,0.07296623,0.9935523658425275,0.8796723706820199
711,0.0,0.045878988,0.954121,0.00032732054,0.11720109,0.9940105671189607,0.8372520768740027
712,0.0,0.042571887,0.9574281,0.00011775831,0.03086145,0.9942417474580821,0.9225374959324942
713,0.0,0.042256795,0.9577432,0.00014522107,0.042176105,0.9930080013862285,0.9109352332281377
714,0.0,0.045549423,0.9544506,0.00017564006,0.054708727,0.9944989641177915,0.8972706183123598
715,0.0,0.044856925,0.9551431,0.00025813913,0.08869834,0.9941692600373069,0.8653482827082505
716,0.0,0.04405107,0.95594895,0.00016259376,0.04933365,0.9931492131987293,0.9025625859402089
717,0.0,0.043612722,0.9563873,0.00015819856,0.047522828,0.992225416198462,0.9038548551100901
718,0.0,0.045123458,0.95487654,0.0001837172,0.05803651,0.9939029355086529,0.8939747671213036
719,0.0,0.047554832,0.95244515,0.00029951686,0.10574598,0.9921858863957287,0.8450724042961474
720,0.0,0.045979597,0.9540204,0.00023221059,0.07801578,0.9925432902158319,0.8730328433539899
721,0.0,0.050150156,0.94984984,0.00024895274,0.08491355,0.9927790258783805,0.8629183132498164
722,0.0,0.048918854,0.95108116,0.00013673586,0.0386802,0.9941099135004121,0.9089079041181439
723,0.0,0.077910766,0.9220892,0.00029381984,0.10339881,0.994189257519734,0.8219422752032713
724,0.0,0.1038789,0.8961211,0.00039398685,0.14466761,0.9940987270659551,0.7619581835986015
725,0.0,0.09534588,0.90465415,0.00045227597,0.16868272,0.9939667071126741,0.7475172658496757
726,0.0,0.095410004,0.90459,0.00044167126,0.16431358,0.9943157974458728,0.751656616502948
727,0.0,0.08666186,0.9133381,0.00031915697,0.113837704,0.9941503652747429,0.8046313146222253
728,0.0,0.13950986,0.86049014,0.00064974447,0.25003973,0.9938979268289488,0.6413955968669903
729,0.0,0.22177231,0.7782277,0.00045630345,0.17034204,0.9942511620552656,0.6419509738609402
730,0.0,0.1459552,0.8540448,0.00093413616,0.3672091,0.9945611914099519,0.5374924924018228
731,0.0,0.14595121,0.8540488,0.0006246297,0.23969246,0.9939957252699305,0.6454409213428246
732,0.0,0.13342373,0.86657625,0.00065047777,0.25034186,0.9940403116667406,0.6457642834282733
733,0.0,0.071083196,0.9289168,0.00027793113,0.09685265,0.9937912539609894,0.8337399070705064
734,0.0,0.049812846,0.95018715,0.0001737668,0.053936947,0.9937505394180141,0.893319056425604
735,0.0,0.04111205,0.95888793,0.00013087149,0.036264077,0.9930348720264567,0.9176781861450578
736,0.0,0.04168581,0.9583142,0.000111571906,0.02831265,0.9928909914535137,0.9245620091521345
737,0.0,0.044210467,0.9557895,0.00016223361,0.049185272,0.9935553088582068,0.902921928842497
738,0.0,0.05154332,0.9484567,0.00033685184,0.121127985,0.9921235174100344,0.8270064736203051
739,0.0,0.051198617,0.9488014,0.0005016727,0.18903418,0.9916579237876901,0.7630267651972505
740,0.0,0.04777159,0.9522284,0.0003227567,0.115320794,0.9927289026311655,0.8362914098232767
741,0.0,0.043756556,0.95624346,0.00020597558,0.067206964,0.9926963784328985,0.8854625862913483
742,0.0,0.047323164,0.95267683,0.0003081487,0.1093023,0.9934549014411727,0.8429932766128245
743,0.0,0.047005937,0.95299405,0.00024147851,0.08183417,0.9916600619122988,0.8677090560032916
744,0.0,0.043730885,0.95626915,0.00016837193,0.05171426,0.9918510570270836,0.8994268276218642
745,0.0,0.050210677,0.94978935,0.00018871031,0.06009367,0.9931234573637425,0.8865742904285514
746,0.0,0.061890874,0.9381091,0.00022439592,0.07479614,0.9934365138502839,0.8622454280982929
747,0.0,0.0627256,0.9372744,0.00035124595,0.12705836,0.9932537205064522,0.8126660961476331
748,0.0,0.0574879,0.9425121,0.0003031532,0.10724415,0.9934573175934333,0.8359279966912246
749,0.0,0.052762657,0.9472374,0.00027651724,0.09627013,0.9931021511187181,0.8501417960249853
750,0.0,0.054356717,0.9456433,0.0002725207,0.09462355,0.9929241051960559,0.8501050237688853
751,0.0,0.051133484,0.9488665,0.00023633201,0.079713814,0.9927878769485158,0.8669308957272206
752,0.0,0.045902632,0.9540974,0.00016943301,0.052151427,0.9934393518864302,0.8984067944182899
753,0.0,0.052831218,0.94716877,0.00028892283,0.101381235,0.9928200874763621,0.8450324619738283
754,0.0,0.054009706,0.9459903,0.00020467835,0.066672504,0.993087115990086,0.8768152599993199
755,0.0,0.049356136,0.95064384,0.00016318535,0.04957739,0.9926538333230237,0.8968760121192468
756,0.0,0.046685144,0.95331484,0.0002072887,0.067747965,0.9930478299631746,0.882551091573311
757,0.0,0.039019763,0.96098024,5.8035464e-05,0.006255637,0.9916005004687725,0.9469474318008744
758,0.0,0.045341685,0.9546583,0.00021092067,0.06924434,0.9923131919247126,0.8817235373944282
759,0.0,0.04623445,0.9537656,0.0001739299,0.054004144,0.9931261308777499,0.8960562716292438
760,0.0,0.045567032,0.95443296,0.0004323897,0.16048959,0.9924586408144109,0.7952138557785323
761,0.0,0.04768156,0.95231843,0.00030853957,0.109463334,0.9925310189147142,0.8417402434244022
762,0.0,0.04499611,0.9550039,0.00017134112,0.052937564,0.9933413095400773,0.8984258889332309
763,0.0,0.043729275,0.9562707,0.00020228887,0.06568804,0.9937656247351848,0.887885013069913
764,0.0,0.04655037,0.9534496,0.00017810501,0.055724286,0.9946928756010065,0.8955412311200865
765,0.0,0.04364785,0.9563522,0.00023161214,0.07776923,0.9932174900770022,0.8759954181953162
766,0.0,0.0469438,0.9530562,0.00020736636,0.067779966,0.9939228974779578,0.883058881584609
767,0.0,0.044780165,0.95521986,0.00014309831,0.041301526,0.9935467796555931,0.9098581375610257
768,0.0,0.042389892,0.95761013,9.235255e-05,0.020394277,0.9929032585559912,0.9314230565835634
769,0.0,0.048932977,0.95106703,0.00036000862,0.13066858,0.9929380215390544,0.820953687886129
770,0.0,0.04238279,0.9576172,0.00013352816,0.037358623,0.9940969690780365,0.9164002580666385
771,0.0,0.048919424,0.95108056,0.00021408037,0.070546135,0.9937719557336662,0.8784799592300768
772,0.0,0.060782246,0.93921775,0.00029565237,0.104153804,0.9940251101020131,0.8363674223857309
773,0.0,0.052897185,0.9471028,0.00013161819,0.03657172,0.9938681200206035,0.9068704429821522
774,0.0,0.05043483,0.9495652,0.00020408545,0.06642823,0.9930334777480379,0.8803115124374201
775,0.0,0.050074443,0.94992554,0.00019710379,0.06355178,0.9928671729154974,0.8832110008118309
776,0.0,0.05186527,0.9481347,0.0003937809,0.14458276,0.9926709186682106,0.8051065155898446
777,0.0,0.04513552,0.9548645,0.00017691331,0.055233307,0.992735557803661,0.8955707376272701
778,0.0,0.04541357,0.95458645,0.00016062259,0.04852153,0.9928083028225514,0.9017364600302844
779,0.0,0.04259705,0.95740294,0.00011950935,0.031582877,0.9923045999820658,0.9200304805093663
780,0.0,0.044935517,0.9550645,0.000225935,0.075430244,0.9925132698804859,0.8764127192807059
781,0.0,0.043853,0.956147,0.00012469856,0.033720832,0.9919499514057806,0.9164674164749845
782,0.0,0.046261564,0.95373845,0.00029861685,0.10537517,0.9935372315180221,0.8477238254363075
783,0.0,0.04397966,0.95602036,0.00022468792,0.074916445,0.9930318469445902,0.8782361325007825
784,0.0,0.047076754,0.95292324,0.00029439357,0.10363518,0.9936117401970564,0.8487102254979018
785,0.0,0.041603908,0.9583961,0.00013519115,0.03804378,0.9926258990452943,0.9151365799522869
786,0.0,0.04278222,0.95721775,0.00013162782,0.036575686,0.9924037406958439,0.9152015560797155
787,0.0,0.045079567,0.9549204,0.00023858515,0.080642104,0.9943657715442245,0.8729672284914981
788,0.0,0.04646759,0.9535324,0.000430578,0.15974316,0.993781752233302,0.7962299371927551
789,0.0,0.04669992,0.95330006,0.00018554689,0.05879034,0.9930374571029308,0.891008063759734
790,0.0,0.045810338,0.95418966,0.0002322438,0.07802947,0.9920799847507389,0.8727672418909389
791,0.0,0.043756828,0.95624316,9.160569e-05,0.02008657,0.9909120587666684,0.9285197774366023
792,0.0,0.043984894,0.9560151,0.00017364135,0.053885262,0.990953662518804,0.8963175362431937
793,0.0,0.044463977,0.955536,0.00013339237,0.03730268,0.9929110603564253,0.9133708949315757
794,0.0,0.052949287,0.9470507,0.00026735658,0.09249593,0.993176668121519,0.8535880380962987
795,0.0,0.065629505,0.9343705,0.00023581552,0.07950102,0.993583163544134,0.854568058453864
796,0.0,0.06084233,0.93915766,0.00015262463,0.045226373,0.9932845824149442,0.8906613770398834
797,0.0,0.058820028,0.94118,0.00022681821,0.07579413,0.9932456360783096,0.8639688355528264
798,0.0,0.061871238,0.93812877,0.00027636884,0.09620898,0.9919413271454781,0.8410396503378238
799,0.0,0.060986195,0.9390138,0.00050426536,0.19010235,0.9927572290605629,0.7549969161287494
800,0.0,0.048177555,0.95182246,0.00014163562,0.0406989,0.9927603684139574,0.9064739340316178
801,0.0,0.05184957,0.94815046,0.00031837795,0.11351674,0.9922226648052155,0.8339824860629997
802,0.0,0.047167655,0.95283234,0.00015117426,0.044628818,0.992228338112513,0.9032339888236773
803,0.0,0.05006865,0.9499313,0.00030362557,0.107438765,0.993068465841803,0.8419948465709113
804,0.0,0.0465501,0.9534499,0.0001800524,0.056526612,0.9930677091471071,0.8933186360560501
805,0.0,0.05163145,0.94836855,0.00036586486,0.13308135,0.9917935536419474,0.8154113974674497
806,0.0,0.050606832,0.94939315,0.00043293054,0.1607124,0.9929529771423774,0.7911987394356137
807,0.0,0.045867335,0.9541327,0.0001767735,0.055175703,0.9933456965523991,0.8954889353278112
808,0.0,0.045991387,0.95400864,0.00019628003,0.063212395,0.9935028154993827,0.8878969044203944
809,0.0,0.042675987,0.957324,0.000113143346,0.028960085,0.9937601110227953,0.9237992218877247
810,0.0,0.04866789,0.9513321,0.00023873155,0.080702424,0.9928416187681864,0.8682968424461107
811,0.0,0.04394366,0.95605636,0.00016264313,0.049353994,0.9929184652281617,0.9024349118552887
812,0.0,0.044633325,0.9553667,0.00013247151,0.036923286,0.993366656654733,0.9139881085068027
813,0.0,0.044367164,0.9556328,0.00014933989,0.043873057,0.993694588017633,0.907944948744961
814,0.0,0.04240336,0.95759666,0.00010758217,0.026668882,0.9927284837047745,0.925281152840398
815,0.0,0.047361627,0.9526384,0.00019465924,0.06254463,0.9928656032427333,0.8866845597819478
816,0.0,0.04534491,0.9546551,0.00021892865,0.07254363,0.9935974446524082,0.8797321223156578
817,0.0,0.04421498,0.95578504,0.00014264115,0.041113175,0.993276068261664,0.9103272468221929
818,0.0,0.041320577,0.95867944,0.00017467748,0.054312143,0.9935025936853391,0.9007208788714155
819,0.0,0.04332379,0.9566762,0.00017209916,0.053249877,0.9934003064752043,0.8997557252228291
820,0.0,0.043294486,0.9567055,0.00017975665,0.056404762,0.9929260280442679,0.8963567666414225
821,0.0,0.044677768,0.9553222,0.00018403366,0.05816689,0.9927495683423597,0.8932305013369702
822,0.0,0.04616926,0.9538307,0.00014983039,0.044075143,0.9924152489769279,0.9048747862974557
823,0.0,0.043556593,0.9564434,0.00015209205,0.04500695,0.9915377617948041,0.9056674537307381
824,0.0,0.0454124,0.9545876,0.00017824495,0.055781946,0.9925179549940547,0.8945949581044957
825,0.0,0.04275795,0.9572421,0.0001539211,0.045760512,0.9928229821974861,0.9068824387209037
826,0.0,0.047682934,0.95231706,0.0003811321,0.13937145,0.9934019160535793,0.8141834924945941
827,0.0,0.04574597,0.95425403,0.00016176887,0.048993796,0.9932813891383608,0.9014043099614957
828,0.0,0.046785716,0.9532143,0.00013006241,0.035930738,0.9938373949681197,0.9133013491491047
829,0.0,0.052037954,0.94796205,0.00022848423,0.07648053,0.9940299879858489,0.8702348844819361
830,0.0,0.05298146,0.94701856,0.00043762822,0.16264786,0.9943525112518713,0.7885096707478989
831,0.0,0.055149984,0.94485,0.00026053243,0.08968438,0.9938217255681434,0.854797766438317
832,0.0,0.052690282,0.94730973,0.00024617513,0.08376917,0.9928461974051894,0.8617451991113625
833,0.0,0.051252164,0.9487478,0.00027744504,0.09665238,0.9929165807571999,0.8509782102286791
834,0.0,0.048084535,0.95191544,0.0001417177,0.040732715,0.9928587010951674,0.9066202951764005
835,0.0,0.050574996,0.949425,0.00017008587,0.052420404,0.9925967458468272,0.8929953790978448
836,0.0,0.04980722,0.9501928,0.00023047627,0.07730125,0.9929039687085904,0.8705203207353198
837,0.0,0.048990555,0.95100945,0.00018951282,0.060424305,0.9923955338690208,0.8867503943755547
838,0.0,0.05500349,0.94499654,0.00020569285,0.067090474,0.991727776368689,0.8743035057483576
839,0.0,0.052245833,0.94775414,0.00017948047,0.056290977,0.992629892061822,0.8878122584373765
840,0.0,0.050667156,0.94933283,0.0002631709,0.09077143,0.9916045724388213,0.855913948718148
841,0.0,0.046509076,0.9534909,0.00025889988,0.08901177,0.991604258337958,0.8613262647147851
842,0.0,0.04804478,0.9519552,0.00017508464,0.054479897,0.991912879436772,0.8928136217553344
843,0.0,0.04617804,0.95382196,0.0001687697,0.051878136,0.9926410806116425,0.8976844717312968
844,0.0,0.050395478,0.9496045,0.00019932084,0.06446521,0.992097953869523,0.8813679544260559
845,0.0,0.04664288,0.9533571,0.00011677798,0.030457554,0.9916463521621693,0.9165987162253578
846,0.0,0.050287798,0.9497122,0.00025824062,0.088740155,0.9913176365574623,0.8579205693817084
847,0.0,0.04597111,0.9540289,0.00017702606,0.055279758,0.9920180631525658,0.8940963735300923
848,0.0,0.043579206,0.9564208,0.00012574825,0.0341533,0.9924593515994834,0.9167901658400939
849,0.0,0.048227277,0.95177275,0.00016081127,0.048599266,0.9928719995481803,0.8990628116998629
850,0.0,0.04451874,0.9554813,0.00014663354,0.04275804,0.9917747025591117,0.9071036998824471
851,0.0,0.04723877,0.95276123,0.00016391258,0.049877007,0.9933048926815607,0.8991796755835736
852,0.0,0.044539645,0.95546037,0.00017127805,0.05291158,0.992581336265147,0.8981922492636556
853,0.0,0.042739857,0.95726013,0.00016760685,0.051399045,0.992527340533312,0.9012722612534797
854,0.0,0.04484882,0.9551512,0.00020561188,0.06705712,0.9925061804605655,0.884423725851411
855,0.0,0.042458557,0.95754147,0.00011034542,0.02780734,0.9920092225509162,0.9234760269676072
856,1.0,0.042741723,0.9572583,0.00011199969,0.028488895,0.9917179831498559,0.9222849043360974
857,1.0,0.04142528,0.9585747,0.00010386163,0.025136018,0.9917501135365937,0.9267706574662715
858,1.0,0.047825597,0.9521744,0.00015750257,0.04723608,0.9906508664166626,0.8987159060016637
859,1.0,0.04860387,0.9513961,0.00018758874,0.059631582,0.9903337767008314,0.8860148461018919
860,1.0,0.04438561,0.9556144,0.00020044837,0.06492975,0.9919483592908467,0.8863719311481885
861,1.0,0.049202975,0.950797,0.00046498462,0.1739187,0.9909152619480273,0.7783001401331996
862,1.0,0.050557017,0.949443,0.0002430786,0.0824934,0.9963435298835385,0.8679349300435513
863,1.0,0.05136476,0.9486352,0.00021075818,0.0691774,0.9903987849575927,0.8745331231947624
864,1.0,0.056307293,0.9436927,0.00015751208,0.047240004,0.9902029811063783,0.8903040182720507
865,1.0,0.06752095,0.932479,0.00023772183,0.08028642,0.9925613186855808,0.8512341087087829
866,1.0,0.1235203,0.8764797,0.00040463143,0.14905317,0.9900196295040292,0.7383938929757267
867,1.0,0.23973031,0.7602697,0.0011541751,0.45786518,0.9907577692045474,0.40835932353934773
868,1.0,0.30214608,0.6978539,0.00090999866,0.35726446,0.9909942767713904,0.4444961449020409
869,1.0,0.3270528,0.67294717,0.0009776067,0.385119,0.9905987445299802,0.4098923730778459
870,1.0,0.28687835,0.71312165,0.000781263,0.30422536,0.9907273313638184,0.49157114272900426
871,1.0,0.21335642,0.78664356,0.00056212564,0.21394078,0.9901051613293506,0.6122299618114413
872,1.0,0.32601088,0.6739891,0.0012279677,0.4882677,0.991949115543869,0.34212527211297367
873,1.0,0.44455525,0.5554447,0.0013032254,0.5192739,0.9924065016868691,0.2649892066506793
874,1.0,0.4561886,0.54381144,0.0011400089,0.4520287,0.9918016132922247,0.2955500015523909
875,1.0,0.45758426,0.54241574,0.0007806806,0.30398545,0.9916402100737591,0.37437316860937936
876,1.0,0.60720557,0.60720557,0.0014374423,0.57457125,0.9927339406145701,0.2564457275659649
877,1.0,0.7797787,0.7797787,0.0007454574,0.28947347,0.9924157539912789,0.5498514074583103
878,1.0,0.78483033,0.78483033,0.00058493915,0.22333995,0.9928560413346406,0.6051917893293101
879,1.0,0.7857807,0.7857807,0.000682281,0.26344478,0.9930836881738011,0.5747679160769266
880,1.0,0.8080189,0.8080189,0.00053146103,0.20130695,0.9927643950721434,0.6406895354349659
881,1.0,0.84078515,0.84078515,0.00032966796,0.11816823,0.9924450010418661,0.7358295465865687
882,1.0,0.8357322,0.8357322,0.00041961554,0.15522663,0.9922763373570581,0.7005513823708591
883,1.0,0.8389822,0.8389822,0.00043070965,0.1597974,0.9929867405702159,0.6999712945934858
884,1.0,0.83633894,0.83633894,0.00050558744,0.19064705,0.9917309972832905,0.6712961204835175
885,1.0,0.85961473,0.85961473,0.00029740814,0.10487718,0.9928905953439269,0.7639903299539237
886,1.0,0.8407846,0.8407846,0.00074261473,0.28830227,0.993626335954013,0.5945705977794088
887,0.0,0.8353321,0.8353321,0.00054808566,0.2081563,0.9920992894616035,0.656226527692093
888,0.0,0.75506663,0.75506663,0.00080468925,0.313877,0.992178409065833,0.5140164908659187
889,0.0,0.47742757,0.5225724,0.0012280919,0.48831886,0.9921219662041414,0.2652839191295811
890,0.0,0.10825403,0.891746,0.0006853803,0.2647217,0.98953621428358,0.6488205802791515
891,0.0,0.09300862,0.90699136,0.00047888912,0.17964734,0.9893941847508767,0.7361614815632075
892,0.0,0.07529726,0.92470276,0.00021199964,0.06968887,0.990851805060841,0.8523914237446935
893,0.0,0.057831716,0.9421683,0.0002845373,0.09957439,0.9892407857578026,0.8392248856428447
894,0.0,0.051530715,0.9484693,0.00017180933,0.053130466,0.9894410706734058,0.8885939845418482
895,0.0,0.049722914,0.9502771,0.00040076723,0.14746113,0.9895041810884262,0.8016450109471979
896,0.0,0.044721063,0.95527893,0.00015854748,0.047666587,0.9910866036858592,0.9016351152439336
897,0.0,0.044221327,0.95577866,0.00017639375,0.05501925,0.9930228649465722,0.8968907055717775
898,0.0,0.046310097,0.95368993,0.00031431366,0.11184225,0.9939545620548834,0.8419064138203148
899,0.0,0.046215292,0.9537847,0.00017786674,0.05562612,0.9934714474551908,0.894848899252622
900,0.0,0.0438684,0.9561316,0.00016853382,0.051780958,0.9939738840750143,0.9011587610969469
901,0.0,0.042163793,0.9578362,0.00011917798,0.031446356,0.9940579553779912,0.9222032497993279
902,0.0,0.045802224,0.95419776,0.00019416022,0.062339038,0.9943104103001755,0.8896233830289583
903,0.0,0.04460906,0.95539093,0.00013125564,0.03642235,0.99365722922365,0.9147542089080017
904,0.0,0.04614998,0.95385003,0.00026648276,0.09213592,0.9936516861879006,0.8604687756350211
905,0.0,0.045222968,0.954777,0.00024501185,0.08328991,0.9935394365319917,0.8695990454349194
906,0.0,0.04603995,0.95396006,0.00017326178,0.05372888,0.9942420964963155,0.8975071476061666
907,0.0,0.04328834,0.95671165,0.00019382684,0.062201682,0.9944298308695615,0.8922049814095353
908,0.0,0.044400062,0.95559996,0.00012157906,0.0324356,0.9936581315751173,0.9187408147961722
909,0.0,0.04287675,0.9571233,0.00014836359,0.043470822,0.9943779157271622,0.9103692662735413
910,0.0,0.04781047,0.9521895,0.00025127886,0.08587191,0.9933957885644951,0.864674679698989
911,0.0,0.049019877,0.9509801,0.00021788878,0.0721152,0.9931098581172838,0.8763201744137777
912,0.0,0.04489473,0.95510525,0.00012745008,0.034854457,0.9925282358958368,0.9149279856514233
913,0.0,0.049274005,0.950726,0.00024257156,0.08228451,0.9925592895265678,0.866003959520593
914,0.0,0.052178312,0.9478217,0.0001578305,0.047371186,0.9937431873193394,0.8972727979251115
915,0.0,0.055004608,0.9449954,0.0003023333,0.10690635,0.9933189893865402,0.8383308361471994
916,0.0,0.051732436,0.9482676,0.00020573426,0.06710754,0.9929086439388265,0.8783583958605854
917,0.0,0.049573984,0.95042604,0.00025396107,0.08697698,0.9927102263501634,0.8614350569936025
918,0.0,0.04808452,0.9519155,0.00015630394,0.046742246,0.9920866662473959,0.900240090281786
919,0.0,0.047851276,0.95214874,0.00012660613,0.03450675,0.9925897836473069,0.9124810039611739
920,0.0,0.055135813,0.9448642,0.00033116748,0.11878603,0.9921685484475714,0.8261068526658093
921,0.0,0.052218646,0.9477813,0.00020324018,0.06607998,0.993019132141719,0.8789728532844504
922,0.0,0.0486063,0.9513937,0.00013361059,0.037392586,0.9928760594807658,0.9092943941907433
923,0.0,0.04590796,0.954092,0.00015688408,0.046981264,0.9930577729164416,0.9029552029710598
924,0.0,0.046099953,0.95390004,0.0002510942,0.085795835,0.9926431141638784,0.8656437633662085
925,0.0,0.044159494,0.9558405,0.00010451016,0.025403213,0.9929016396508146,0.9249466029496045
926,1.0,0.042514745,0.95748526,0.0001874917,0.059591606,0.9913911525896952,0.8926755225999234
927,1.0,0.04418034,0.95581967,9.816752e-05,0.022790043,0.9898651727659653,0.9245701948114984
928,1.0,0.048266888,0.9517331,0.00021269797,0.06997658,0.9903209314184687,0.8765668272474028
929,1.0,0.052879047,0.94712096,0.00022238505,0.073967665,0.9892069384108512,0.8675983735947626
930,1.0,0.10464233,0.89535767,0.00047088112,0.17634805,0.9922315184293585,0.7317341480151222
931,1.0,0.1340062,0.8659938,0.0005938363,0.22700557,0.992480621166758,0.6643748457744846
932,1.0,0.17403479,0.8259652,0.0008189419,0.3197491,0.9921783163251109,0.5574688818506522
933,1.0,0.35956395,0.64043605,0.0012023704,0.4777216,0.9923810976439845,0.33193753230786005
934,1.0,0.74880457,0.74880457,0.00066211575,0.2551367,0.9914806439265366,0.5530052893408178
935,1.0,0.84652716,0.84652716,0.0007031738,0.27205262,0.990814485299222,0.6105668454755172
936,1.0,0.86842126,0.86842126,0.00046059585,0.17211051,0.9908512011345658,0.7123792367039943
937,1.0,0.88118845,0.88118845,0.0003006002,0.106192306,0.9899277640377167,0.7796800099204327
938,1.0,0.8945365,0.8945365,0.00026368492,0.09098321,0.9901575843718571,0.8051453300991461
939,1.0,0.8996839,0.8996839,0.0003334663,0.11973315,0.9906767477302529,0.7845782476809657
940,1.0,0.89977235,0.89977235,0.00033657308,0.121013135,0.9909521030031593,0.7837321972571981
941,1.0,0.89685327,0.89685327,0.00027108096,0.09403038,0.9916476526467056,0.805735350866473
942,1.0,0.8701872,0.8701872,0.0004034888,0.14858241,0.9916423710615884,0.7347006019623851
943,1.0,0.861972,0.861972,0.000443472,0.1650555,0.9914229244323125,0.7135258167623197
944,1.0,0.85474825,0.85474825,0.00043286916,0.16068712,0.9917611930950281,0.7114907355932585
945,1.0,0.8317135,0.8317135,0.00042192102,0.1561765,0.9920684193804782,0.6962528234199818
946,1.0,0.7170603,0.7170603,0.0006712178,0.25888675,0.9923337646827594,0.5273488999698909
947,1.0,0.5604852,0.5604852,0.0011126571,0.44075975,0.9919213930672635,0.31091366016096345
948,1.0,0.54679334,0.54679334,0.0007043551,0.27253932,0.992552850540009,0.3948083858032907
949,1.0,0.5069546,0.5069546,0.00082556123,0.32247624,0.9918025621883528,0.34065818702563627
950,1.0,0.18183184,0.81816816,0.0004777085,0.17916092,0.990634404898651,0.6652945804873137
951,1.0,0.079645775,0.92035425,0.0003507465,0.12685259,0.9913719527024323,0.7966714188343393
952,1.0,0.056880094,0.9431199,0.0002652083,0.09161085,0.9929285985334638,0.8506616414795712
953,1.0,0.05651869,0.9434813,0.00013960777,0.039863426,0.9903952430193036,0.897170303502123
954,1.0,0.06737075,0.9326292,0.00049882516,0.187861,0.9920465195995394,0.7514004313167737
955,1.0,0.07038221,0.92961776,0.00027371373,0.09511508,0.9911016022404622,0.8337118263800812
956,1.0,0.085145056,0.91485494,0.00031816252,0.11342799,0.9910109456669378,0.8037939215209808
957,0.0,0.0892616,0.9107384,0.00051145774,0.19306561,0.9889873525171579,0.7268128747699498
958,0.0,0.07559309,0.9244069,0.00021284584,0.070037514,0.9898643437054756,0.8509504688548422
959,0.0,0.06723728,0.93276274,0.00038623487,0.1414738,0.9939207388489155,0.795932997066663
960,0.0,0.05713378,0.9428662,0.00014479537,0.042000715,0.9911840439650031,0.8953020321045964
961,0.0,0.05541553,0.9445845,0.0002971436,0.10476819,0.9901311700097004,0.8372768213268561
962,0.0,0.05384998,0.94615,0.00013884479,0.039549075,0.9907178023921597,0.9002956679138301
963,0.0,0.06993452,0.9300655,0.00029318337,0.10313658,0.9918763743365993,0.8273654760872119
964,0.0,0.057371713,0.94262826,0.00018489352,0.058521155,0.9916829427698842,0.8800834891942274
965,0.0,0.051868454,0.94813156,0.00014748007,0.04310681,0.9916425539132677,0.8996782743346962
966,0.0,0.050555777,0.94944423,0.0002713615,0.09414596,0.9923047090659928,0.8534394947283582
967,0.0,0.046372585,0.9536274,0.00019764542,0.063774936,0.9934186058022243,0.8869339341748433
968,0.0,0.04817455,0.95182544,0.00028676083,0.10049048,0.9927683473636721,0.8499845103256092
969,0.0,0.046171978,0.95382804,0.00014681797,0.04283403,0.9938314417202628,0.9073400156455064
970,0.0,0.04609353,0.9539065,0.00029442902,0.10364979,0.993166449220421,0.8491913714933166
971,0.0,0.04530794,0.95469207,0.00014358156,0.041500628,0.9932148911941875,0.9088628646203537
972,0.0,0.045692973,0.954307,0.00015509238,0.046243083,0.9940848466571689,0.9047930966850479
973,0.0,0.046548944,0.95345104,0.00019460538,0.06252244,0.9927159928666981,0.8873282719914959
974,0.0,0.042299982,0.9577,0.0001108829,0.028028779,0.9916658898445182,0.9230989606116624
975,0.0,0.044822987,0.955177,0.00014156262,0.040668823,0.992574093945794,0.9095264644676543
976,0.0,0.040810518,0.9591895,0.00012885641,0.035433866,0.9931657616400542,0.9188786057967846
977,0.0,0.049145684,0.9508543,0.00037294574,0.13599867,0.9930154913060156,0.8158013529122806
978,0.0,0.04388393,0.9561161,0.00018936135,0.0603619,0.9931248387693,0.8922263827066246
979,0.0,0.0453339,0.9546661,0.00026190863,0.09025138,0.9934510490378277,0.8628183294773595
980,0.0,0.044031348,0.9559687,0.00017416391,0.054100554,0.9910684567633864,0.8961738547643685
981,0.0,0.045837663,0.95416236,0.00017456111,0.0542642,0.9926959254158048,0.8957944416203086
982,0.0,0.04511011,0.9548899,0.000191561,0.06126816,0.9934925960568177,0.8905524076330339
983,0.0,0.044876922,0.95512307,0.00017010042,0.052426398,0.9937668703384251,0.899408093481931
984,0.0,0.045650452,0.9543495,0.00023543026,0.07934229,0.9935896354704176,0.8729968741039588
985,0.0,0.04581934,0.95418066,0.00017590747,0.0548189,0.9935811971545033,0.8960845805834172
986,0.0,0.044212364,0.95578766,0.00026674464,0.09224381,0.9928735958967377,0.8614391702918854
987,0.0,0.04383421,0.9561658,0.00015664531,0.046882894,0.9929049047232581,0.9048719419488827
988,0.0,0.045394346,0.95460564,0.00029081435,0.10216054,0.9937778825772008,0.8517497367503378
989,0.0,0.045258544,0.9547415,0.00019716941,0.06357882,0.9929918970154753,0.887774582579804
990,0.0,0.044184275,0.95581573,0.00013552445,0.038181096,0.9940182640139498,0.9138225167933028
991,0.0,0.04232632,0.95767367,0.00013620024,0.03845952,0.9946687880452767,0.9159327880657617
992,0.0,0.045578178,0.9544218,0.00022269163,0.074093975,0.9939574438273525,0.8783650642388023
993,0.0,0.045035023,0.954965,0.00013373744,0.03744485,0.9925139598671419,0.912325283303622
994,0.0,0.045116864,0.95488316,0.00018203711,0.057344314,0.992876911190152,0.8937143622589946
995,0.0,0.04287889,0.95712113,0.00012149267,0.032400005,0.9931090017492858,0.9197285617927088
996,0.0,0.04445384,0.95554614,0.00017735234,0.05541419,0.9942117930943081,0.8973709326185854
997,0.0,0.046420638,0.95357937,0.00020838648,0.06820025,0.9949417800853488,0.8840505801181604
998,0.0,0.050916947,0.94908303,0.0002067727,0.06753538,0.9950288490151301,0.8805869402789467
999,0.0,0.05384976,0.94615024,0.00015675524,0.046928182,0.9937693899710821,0.8961306868654553
1000,0.0,0.055465847,0.9445342,0.00017254459,0.053433396,0.9941942501130029,0.8888737712380459
1001,0.0,0.054943595,0.9450564,0.00015375648,0.045692693,0.9930900960895535,0.8956423798462851
1002,0.0,0.061644968,0.938355,0.0004101558,0.15132922,0.9932715444548942,0.7909962369698911
1003,0.0,0.06037061,0.9396294,0.0002494128,0.0851031,0.9936960596550298,0.8542447522052953
1004,0.0,0.059551965,0.94044805,0.00027086833,0.09394278,0.9936339224940419,0.8466752430494737
1005,0.0,0.06625238,0.93374765,0.00020082592,0.0650853,0.9936033422854108,0.8673902773487275
1006,0.0,0.07883204,0.92116797,0.00038870575,0.1424918,0.994002176672098,0.7851713297541476
1007,0.0,0.105447605,0.8945524,0.0006209038,0.23815738,0.9936379906247254,0.6771723628012478
1008,0.0,0.10188842,0.8981116,0.00037555362,0.13707311,0.9938432053418221,0.7702330809831985
1009,0.0,0.059549388,0.9404506,0.00024129816,0.08175986,0.9933783974095546,0.8578413367623631
1010,0.0,0.05068498,0.949315,0.0002878637,0.10094487,0.9927179096506138,0.8472713718521341
1011,0.0,0.044922676,0.95507735,0.00023780385,0.08032021,0.9927462242095689,0.8719938726258228
1012,0.0,0.047317076,0.9526829,0.00022608232,0.075490944,0.9911667010597366,0.8729838967155445
1013,0.0,0.04654274,0.95345724,0.00013887255,0.039560515,0.9912827549540446,0.9077552741378625
1014,0.0,0.050985552,0.9490144,0.0003049404,0.10798047,0.9907461645357246,0.8387056420466187
1015,0.0,0.046169635,0.95383036,0.00017192501,0.053178128,0.9922901182572108,0.8961446125626197
1016,0.0,0.048951313,0.9510487,0.00018606539,0.059003964,0.9915666575613253,0.8873857680830154
1017,0.0,0.045434512,0.95456547,0.00019524041,0.062784076,0.9913983030309471,0.8869385786771179
1018,0.0,0.045686893,0.9543131,0.00020830258,0.06816568,0.9932539511592791,0.8832627195520922
1019,0.0,0.04278025,0.9572197,0.0001461361,0.042553093,0.9936949842330165,0.9107086321386846
1020,0.0,0.050529208,0.9494708,0.00019717003,0.063579075,0.9940444395863542,0.8838091922852738
1021,0.0,0.057977017,0.942023,0.00037255444,0.13583745,0.9934006261689258,0.8086886932738385
1022,0.0,0.056620993,0.943379,0.0003292422,0.11799282,0.9934374458867518,0.8266065279896027
1023,0.0,0.048895616,0.9511044,0.0001752694,0.054556012,0.9928040978579561,0.8927452667759894
1024,0.0,0.04945931,0.95054066,0.0001573704,0.047181632,0.9934132949963592,0.8997271067430361
1025,0.0,0.051513463,0.94848657,0.00034712165,0.12535915,0.9932725215556952,0.8240040596660927
1026,0.0,0.05183972,0.9481603,0.00043301974,0.16074917,0.9931058432800483,0.7902583139761705
1027,0.0,0.04512347,0.95487654,0.00014746623,0.04310111,0.992888091974008,0.9072220149300328
1028,0.0,0.045584813,0.9544152,0.00018334558,0.0578834,0.9928788409185898,0.8927672632616339
1029,0.0,0.052937135,0.94706285,0.00020875997,0.06835413,0.9933534025611417,0.8764627252812484
1030,0.0,0.05312281,0.9468772,0.00041070158,0.15155408,0.9919767740138522,0.7969284004767433
1031,0.0,0.04549359,0.9545064,9.0346315e-05,0.019567708,0.9915231872776706,0.9278960185492848
1032,0.0,0.047847897,0.95215213,0.0003140143,0.111718915,0.9919960257712809,0.8390091718696151
1033,0.0,0.042960215,0.9570398,0.00014880713,0.04365356,0.9930131287712272,0.9088667519321953
1034,0.0,0.045611165,0.95438886,0.00043295647,0.16072309,0.9940517765151115,0.7962320355346271
1035,0.0,0.04426118,0.95573884,0.00015453078,0.0460117,0.9936075448357503,0.9059352596918354
1036,0.0,0.043350983,0.956649,0.0001610504,0.04869779,0.9937953248070686,0.9044156720218457
1037,0.0,0.047171507,0.95282847,0.00028761744,0.100843415,0.9935170405160729,0.8511877413709581
1038,0.0,0.043804154,0.95619583,0.00016924286,0.052073084,0.993251052390423,0.9002865083592891
1039,0.0,0.043167017,0.956833,0.00012576905,0.03416187,0.992360130945193,0.9170854647214445
1040,0.0,0.041650653,0.95834935,8.162829e-05,0.015975881,0.9938755730234455,0.9372633080633781
1041,0.0,0.044301182,0.95569885,0.00023868443,0.08068301,0.993515699020031,0.8728931827088335
1042,0.0,0.04354971,0.9564503,0.00012899066,0.03548918,0.9919973047624806,0.9151240910028371
1043,0.0,0.041028693,0.9589713,0.0001535641,0.045613434,0.9931298678457746,0.9089416333378396
1044,0.0,0.04047821,0.9595218,0.00011034166,0.027805787,0.9933357819542483,0.9266248207549256
1045,0.0,0.04297946,0.9570205,0.00012338055,0.03317781,0.9927389935624072,0.9185503276022351
1046,0.0,0.044569157,0.95543087,0.00023779091,0.08031488,0.9936526744159354,0.8731181808509563
1047,0.0,0.043786656,0.95621336,0.00014291333,0.041225314,0.9931471103269104,0.9105104851605509
1048,0.0,0.046806373,0.9531936,0.00028196012,0.09851259,0.9934946846290064,0.8537020646813654
1049,0.0,0.04086842,0.9591316,0.00012370756,0.03331254,0.9934441064269065,0.9211019725580507
1050,0.0,0.050630838,0.9493692,0.00048493192,0.18213698,0.9936829691293333,0.7715490289247635
1051,0.0,0.041020412,0.9589796,0.000119714496,0.0316674,0.9936728506150188,0.9227357570265556
1052,0.0,0.04701753,0.9529825,0.0003321058,0.11917261,0.9933458589424494,0.8338274740176523
1053,0.0,0.04475503,0.95524496,0.00017058337,0.052625373,0.9921238458973352,0.8978471562374567
1054,0.0,0.047983572,0.9520164,0.00035794216,0.1298172,0.9924611987611931,0.8221829715315919
1055,0.0,0.04284924,0.95715076,0.00017810521,0.05572437,0.9936331136097664,0.8980596550539128
1056,0.0,0.049838,0.950162,0.00028208553,0.09856426,0.9932278827796832,0.8507095975306797
1057,0.0,0.04430854,0.95569146,0.00020277093,0.06588665,0.9943136330843901,0.8876477992720965
1058,0.0,0.05615622,0.9438438,0.0003599998,0.13066494,0.9936847722196941,0.8153347187072283
1059,0.0,0.062791005,0.937209,0.00038513236,0.14101955,0.9939431433953703,0.8001681370708483
1060,0.0,0.057976075,0.94202393,0.00020186974,0.065515354,0.9937052782962313,0.8747656126010175
1061,0.0,0.064898744,0.9351013,0.00035707236,0.12945884,0.9928986800724767,0.8082633302110293
1062,0.0,0.06806439,0.9319356,0.00022669515,0.07574342,0.9918554110096187,0.8543322934109667
1063,0.0,0.07082521,0.9291748,0.00038065668,0.13917558,0.9924481160103227,0.7938158830976794
1064,0.0,0.05557343,0.9444266,0.00016252269,0.04930437,0.9931323216926943,0.8916960264377235
1065,0.0,0.053821877,0.94617814,0.00041030464,0.15139054,0.9934702634502244,0.7976927607753767
1066,0.0,0.05378216,0.94621783,9.637937e-05,0.022053327,0.9933545077043675,0.919201196115632
1067,0.0,0.06406557,0.9359344,0.00036175174,0.13138674,0.9930324696553424,0.807300676884974
1068,0.0,0.06245525,0.93754476,0.000337638,0.121451885,0.9928899656587774,0.8178218152205776
1069,0.0,0.050770234,0.9492298,0.00015399544,0.045791145,0.9918137000461622,0.8983485960180038
1070,0.0,0.04740577,0.9525942,0.00033252276,0.119344406,0.9920367878699773,0.8322270228872549
1071,0.0,0.042987924,0.95701206,0.00012457259,0.033668928,0.9929048428976301,0.9182289676989508
1072,0.0,0.04793629,0.9520637,0.00025568102,0.08768561,0.9935777520339283,0.8630031690018577
1073,0.0,0.046260055,0.95373994,0.00016540966,0.050493803,0.9933482857649149,0.899558337994086
1074,0.0,0.043978516,0.9560215,0.00017860494,0.05593026,0.993289585872194,0.8964944451949498
1075,0.0,0.04686079,0.9531392,0.00021202624,0.06969983,0.9929537008838052,0.8804575846473327
1076,0.0,0.047131296,0.9528687,0.0001464013,0.04266236,0.9931308772023294,0.9059509494483825
1077,0.0,0.049530864,0.95046914,0.00042376897,0.15693784,0.9919274392176264,0.794835998863723
1078,0.0,0.047515526,0.9524845,0.00021197133,0.06967721,0.9929757847173908,0.8798937112241428
1079,0.0,0.044456687,0.95554334,0.00023891282,0.08077711,0.9917355198760466,0.871098124846588
1080,0.0,0.046511155,0.9534888,0.00021568325,0.071206525,0.9924318222806404,0.8788918549561745
1081,0.0,0.05107163,0.94892836,0.00023550993,0.07937511,0.9931253108849843,0.8676013218415616
1082,0.0,0.058898672,0.9411013,0.00031599283,0.112534076,0.9933378203188075,0.8296311409935755
1083,0.0,0.05505795,0.94494206,0.00025605375,0.08783917,0.9935328435451111,0.856364836990976
1084,0.0,0.053721122,0.94627887,0.0002567045,0.08810727,0.9929245482039725,0.8567993458381687
1085,0.0,0.048973136,0.95102686,0.00017854948,0.05590741,0.9927763310011126,0.8913715435578118
1086,0.0,0.049955856,0.95004416,0.00036168628,0.13135977,0.9927716547091453,0.8192814053184222
1087,0.0,0.04726742,0.95273256,0.0001758043,0.054776397,0.9923118510296216,0.8936218317858926
1088,0.0,0.047250275,0.9527497,0.00016353627,0.049721967,0.9927290185330852,0.8987941691067309
1089,0.0,0.045465067,0.95453495,0.00015993208,0.04823704,0.9929123438485248,0.9020519435001625
1090,0.0,0.049525343,0.9504747,0.0002863981,0.100341044,0.9927423067040133,0.8488969996458378
1091,0.0,0.04770225,0.95229775,0.00019581355,0.06302021,0.9922334132201289,0.8853537385786545
1092,0.0,0.046996225,0.95300376,0.00022584431,0.07539288,0.992967838000687,0.8749576422649391
1093,0.0,0.042366657,0.9576333,0.0001735875,0.05386307,0.9921574677552901,0.898946547082635
1094,0.0,0.048996706,0.9510033,0.0003785953,0.13832629,0.9927059500602049,0.8134774083265904
1095,0.0,0.042991538,0.9570085,0.0001591334,0.047907986,0.9929455546509909,0.9047323822170461
1096,0.0,0.042759985,0.95724,0.00016391938,0.049879808,0.9925892299833671,0.902752985447063
1097,0.0,0.043089725,0.95691025,0.00011632395,0.03027049,0.9934777061295901,0.9218917402586941
1098,0.0,0.04314418,0.95685583,0.00012338982,0.03318163,0.9935915791851574,0.9191773428356095
1099,0.0,0.045842033,0.95415795,0.00020814972,0.06810271,0.9941443860987643,0.8839705247868124
1100,0.0,0.05157454,0.9484255,0.00050414336,0.19005209,0.9932518880133493,0.7629915117572391
1101,0.0,0.04655628,0.9534437,0.00024138702,0.081796475,0.9937583743765475,0.8699911147572943
1102,0.0,0.04483067,0.9551693,0.00026052614,0.08968179,0.9927744312156265,0.8632253379652969
1103,0.0,0.050059628,0.9499404,0.00030084568,0.10629345,0.9937507262582336,0.84366253617869
1104,0.0,0.043240517,0.95675945,0.00016202338,0.049098656,0.9939562036663143,0.9042852919417204
1105,0.0,0.045299787,0.95470023,0.00019564824,0.0629521,0.9935814223704339,0.8888577963297661
1106,0.0,0.045563504,0.9544365,0.00015922022,0.047943752,0.9939213046942099,0.9031536483907567
1107,0.0,0.050783053,0.94921696,0.0002191323,0.07262753,0.9946744782022857,0.8755897552280772
1108,0.0,0.05189014,0.94810987,0.0003263337,0.11679452,0.9937293058726921,0.8321248920482387
1109,0.0,0.046417378,0.95358264,0.00027328634,0.09493899,0.9936712867743503,0.8575884619496641
1110,0.0,0.04768698,0.952313,0.00014074065,0.04033017,0.991783313862649,0.9063967587357706
1111,0.0,0.04600357,0.9539964,0.00013548462,0.038164686,0.9925451662016671,0.9107469970844408
1112,0.0,0.047682878,0.9523171,0.00022687964,0.07581943,0.9924168159403189,0.8734388875703978
1113,0.0,0.04617935,0.95382065,0.00015953196,0.048072193,0.992985279554687,0.9015991982097713
1114,0.0,0.042479724,0.95752025,0.00018362646,0.057999123,0.9930368512280214,0.8957042747805117
1115,0.0,0.044578183,0.9554218,0.00010148675,0.024157567,0.9932118159556421,0.9260121958147263
1116,0.0,0.041237496,0.9587625,0.000104358856,0.025340872,0.9930428146185085,0.9279654022361342
1117,0.0,0.04688503,0.953115,0.00024512302,0.08333571,0.993308337511724,0.8678400773150898
1118,0.0,0.04066047,0.9593395,7.758902e-05,0.014311703,0.99343133539003,0.9393982958614552
1119,0.0,0.042059246,0.95794076,0.00016646352,0.050927993,0.9918139201423969,0.901712359185762
1120,0.0,0.042918686,0.9570813,9.859614e-05,0.022966634,0.993497852571051,0.9290202160964297
1121,0.0,0.048489276,0.9515107,0.000389783,0.14293562,0.9921399172420517,0.8090959778054032
1122,0.0,0.043399457,0.95660055,0.00013856612,0.039434265,0.9928156002657176,0.9122761359794354
1123,0.0,0.04496435,0.9550356,0.00013036726,0.036056336,0.992919673997512,0.9140823815902716
1124,0.0,0.043584973,0.95641506,0.00024001386,0.08123074,0.9934863225090513,0.8730010242067234
1125,0.0,0.045436546,0.95456344,0.00023666337,0.07985033,0.9930613161691703,0.8722467252903073
1126,0.0,0.044293262,0.9557067,0.00015229234,0.04508947,0.9936356973969641,0.9068062509208847
1127,0.0,0.04601836,0.95398164,0.00014296806,0.041247863,0.9929568912371887,0.9081901103844078
1128,0.0,0.047449354,0.95255065,0.0002285906,0.07652435,0.9929474361324477,0.8734534886406259
1129,0.0,0.049682584,0.95031744,0.00041517674,0.15339784,0.9933438181891119,0.7991855838358995
1130,0.0,0.050619923,0.9493801,0.00028078345,0.0980278,0.9936767529959613,0.8508997331048663
1131,0.0,0.07050893,0.92949104,0.00044491727,0.16565095,0.9940392234458646,0.7708972658421333
1132,0.0,0.06150258,0.9384974,0.00032620115,0.1167399,0.9942141078802829,0.8241412096126824
1133,0.0,0.057945825,0.94205415,0.00022846955,0.07647448,0.9936815542640862,0.8645139141346693
1134,0.0,0.057218045,0.9427819,0.0001476337,0.04317011,0.9932852024712657,0.896024668641447
1135,0.0,0.049116805,0.9508832,0.00016770438,0.051439226,0.9926631879501401,0.8953529176394728
1136,0.0,0.05147963,0.94852036,0.00017752247,0.05548428,0.9930340805412994,0.8896516674937274
1137,0.0,0.051930994,0.948069,0.00023949798,0.081018195,0.993554663056096,0.8656425873353832
1138,0.0,0.056611493,0.9433885,0.00020549032,0.067007035,0.9935654522475044,0.8745112887728801
1139,0.0,0.06272004,0.93727994,0.00034004118,0.12244199,0.9938373623330704,0.817448636813925
1140,0.0,0.06571891,0.9342811,0.0005812938,0.22183806,0.9942395545313112,0.72283402166593
1141,0.0,0.048316397,0.9516836,0.00021935406,0.072718896,0.9927113983092531,0.8760461456105353
1142,0.0,0.045568954,0.95443106,0.00031727256,0.113061324,0.9916307377473262,0.8394370909985361
1143,0.0,0.044341665,0.9556583,0.00013217375,0.036800608,0.9928353155789484,0.9138944733232207
1144,0.0,0.043622226,0.95637774,0.00011539314,0.029886996,0.9933381768632704,0.9216136539056128
1145,0.0,0.044432998,0.955567,0.00018976009,0.06052618,0.99376714512911,0.892134749807147
1146,0.0,0.04483526,0.95516473,0.00016641957,0.050909888,0.9934833361450273,0.9006298140007382
1147,0.0,0.048232604,0.9517674,0.00033693932,0.12116403,0.9924095679100554,0.8300984204149184
1148,0.0,0.043634996,0.956365,0.00019706745,0.063536815,0.9931113591743406,0.8894311459586323
1149,0.0,0.042346478,0.9576535,0.0002088389,0.06838665,0.9937677585079009,0.8866026258163648
1150,0.0,0.047281645,0.9527184,0.00013346417,0.037332263,0.9936876688533038,0.9113619097545538
1151,0.0,0.04337646,0.95662355,0.00013959632,0.039858706,0.9933604570616474,0.912395428243542
1152,0.0,0.046364088,0.95363593,0.00023877625,0.08072084,0.9934185552378869,0.8708879907798431
1153,0.0,0.041560575,0.9584394,0.00012934637,0.03563573,0.9936534416276088,0.9184187290257936
1154,0.0,0.044293143,0.95570683,0.00014755281,0.043136783,0.9940525520672174,0.9090419191712565
1155,0.0,0.045936707,0.9540633,0.00025358013,0.086820036,0.9938807015545712,0.8659001707929502
1156,0.0,0.046698548,0.9533014,0.0003306324,0.11856558,0.9935226286877105,0.8348299661874408
1157,0.0,0.045139242,0.95486075,0.00019369798,0.062148593,0.9928833717645521,0.8891444627315888
1158,0.0,0.042751208,0.9572488,0.00013883047,0.039543174,0.9940734414743837,0.913947306870565
1159,0.0,0.043576177,0.9564238,0.00014391082,0.04163628,0.9934162151435891,0.9105671866018854
1160,0.0,0.04554622,0.95445377,0.00013748324,0.038988117,0.9937289305096592,0.911489309995355
1161,0.0,0.042710405,0.9572896,0.0001599894,0.04826066,0.9941136903185297,0.9057271768886175
1162,0.0,0.044686932,0.9553131,0.00015920633,0.047938034,0.9936907294735081,0.9037788383595993
1163,0.0,0.045581803,0.9544182,0.00021705391,0.071771234,0.9936126814895043,0.8802597359700671
1164,0.0,0.04504992,0.9549501,0.000108761444,0.027154742,0.9939676861994712,0.9234145440990966
1165,0.0,0.050282117,0.9497179,0.0003621025,0.13153125,0.9943076063796722,0.8201052244820455
1166,0.0,0.05630867,0.9436913,0.00032478682,0.1161572,0.9941305091717235,0.8291792008853306
1167,0.0,0.049369834,0.9506302,0.00016643424,0.05091593,0.9939208195166196,0.8967431317018861
1168,0.0,0.05101328,0.9489867,0.00019094598,0.061014768,0.9939390516178285,0.8856836750951559
1169,0.0,0.052111484,0.9478885,0.0001276126,0.034921415,0.9940350845395753,0.9093302488727952
1170,0.0,0.059391007,0.940609,0.00031481768,0.112049915,0.9934643033310577,0.8297550764807018
1171,0.0,0.06070782,0.9392922,0.00013566288,0.03823813,0.9938648862038604,0.8978331356296827
1172,0.0,0.07227401,0.927726,0.0003269183,0.11703537,0.9937342342731801,0.8140165991895429
1173,0.0,0.09309596,0.90690404,0.00033374786,0.119849145,0.9943033883186674,0.793665243620965
1174,0.0,0.11391758,0.8860824,0.000647263,0.24901737,0.9933809441234817,0.6610279777761509
1175,0.0,0.12774903,0.872251,0.00064902345,0.24974267,0.9942967219850095,0.6506803893352998
1176,0.0,0.079472534,0.92052746,0.00033909376,0.122051656,0.9938801683248517,0.8032296653977568
1177,0.0,0.0506052,0.9493948,0.0001248683,0.033790763,0.9929729962323706,0.9108680832781955
1178,0.0,0.04781859,0.9521814,0.00031964172,0.11403742,0.9926975009671221,0.8374367469763984
1179,0.0,0.044532128,0.9554679,0.0001950081,0.062688366,0.992857648004961,0.889174687688667
1180,0.0,0.046134133,0.9538659,0.00013206263,0.036754828,0.991333522205902,0.9108438544754611
1181,0.0,0.04718367,0.9528163,0.00015853053,0.047659602,0.9916632040259613,0.8998406411607135
1182,0.0,0.048248086,0.9517519,0.0003049304,0.107976355,0.991848358488402,0.8420645722003145
1183,0.0,0.046076532,0.95392346,0.00014560088,0.042332586,0.9914898073448394,0.9057670225748787
1184,0.0,0.04692795,0.9530721,0.00018321609,0.057830054,0.9910934693875311,0.889958222807469
1185,0.0,0.047048658,0.9529513,0.00026223756,0.0903869,0.9924046905963176,0.8602333133874085
1186,0.0,0.048531987,0.951468,0.00021878976,0.07248641,0.9918641042249104,0.8753195919264578
1187,0.0,0.043809224,0.95619076,0.000116606316,0.030386826,0.9914974204243107,0.9192521289499274
1188,0.0,0.048020493,0.9519795,0.00023241392,0.078099556,0.993193543429757,0.8716568000916938
1189,0.0,0.051985536,0.94801444,0.0004419241,0.16441776,0.9939572307320982,0.7873573163525537
1190,0.0,0.047564626,0.9524354,0.00010879161,0.02716717,0.9937450099024974,0.9207647757777782
1191,0.0,0.04599502,0.954005,0.00013222756,0.03682278,0.9932952612245988,0.9127150503927572
1192,0.0,0.04752079,0.9524792,0.00023652671,0.07979403,0.9938255958887927,0.8710652798862302
1193,0.0,0.049278773,0.9507212,0.0002815691,0.09835149,0.992452165516812,0.8507462309969543
1194,0.0,0.04569715,0.95430285,0.00021923518,0.072669916,0.9931368159750371,0.8788801369065246
1195,0.0,0.046943806,0.9530562,0.00016185624,0.049029794,0.9924818565843532,0.8995141775819152
1196,0.0,0.0440637,0.9559363,0.000102709324,0.024661267,0.9923514364184737,0.9252304940808517
1197,0.0,0.04518517,0.95481485,0.00016512915,0.050378233,0.9929611200146168,0.9003307648299189
1198,0.0,0.049809173,0.95019084,0.00026980258,0.093503684,0.9918643365984013,0.8543368481003467
1199,0.0,0.045666598,0.9543334,0.00011220843,0.028574899,0.9924468268532856,0.9200611942483758
1200,0.0,0.044315316,0.95568466,0.00016269578,0.049375687,0.9924961688893372,0.9016798271844322
1201,0.0,0.04264564,0.95735437,0.0001470816,0.042942647,0.9936127932501665,0.9103907831389375
1202,0.0,0.054124385,0.94587564,0.00036732652,0.13368355,0.993535859736783,0.8141307144406681
1203,0.0,0.04526362,0.95473635,0.00014761768,0.04316351,0.9932938729666686,0.9074003100419215
1204,0.0,0.045774397,0.9542256,0.00019265404,0.06171849,0.9926753686248468,0.8887742979351451
1205,0.0,0.044105105,0.9558949,0.00017753501,0.055489447,0.9916821462175628,0.895343035416819
1206,0.0,0.04773459,0.9522654,0.00025710274,0.08827136,0.9935923549203192,0.8626444079017037
1207,0.0,0.045065403,0.9549346,0.00014362544,0.041518703,0.9938986553211138,0.9097024770054458
1208,0.0,0.045082536,0.9549175,0.0001398937,0.039981227,0.993391652599141,0.9106805612134086
1209,0.0,0.0454169,0.9545831,0.00023614238,0.07963569,0.9932034046823082,0.8725929929582701
1210,0.0,0.043540534,0.95645946,0.00020650536,0.06742523,0.9937242080136788,0.8863721015337274
1211,0.0,0.0434431,0.9565569,0.0001335461,0.037366018,0.9933753577092789,0.9147140921290291
1212,0.0,0.04259635,0.95740366,0.0002726263,0.094667055,0.9923762044387132,0.8601610051640298
1213,0.0,0.045135837,0.95486414,0.00020431884,0.06652439,0.9943706574748047,0.8863247298192175
1214,0.0,0.045768514,0.9542315,0.00018224744,0.05743097,0.9933461115138912,0.893444322843858
1215,0.0,0.04471713,0.95528287,0.00015545308,0.046391692,0.993984785836472,0.9054860274087532
1216,0.0,0.0422985,0.9577015,8.684005e-05,0.018123128,0.9929826672100128,0.9337462163860816
1217,0.0,0.042848445,0.95715153,0.00014851756,0.043534257,0.9929605612696584,0.9090381563115716
1218,1.0,0.044716414,0.9552836,0.00026582272,0.09186398,0.9928631137607392,0.8613359807454265
1219,1.0,0.043892384,0.9561076,0.00023157184,0.07775262,0.9929151546769021,0.8755205616682443
1220,1.0,0.044846993,0.955153,0.00019705003,0.06352963,0.9929581038360837,0.8881736974958766
1221,1.0,0.046970423,0.9530296,0.0001345182,0.03776652,0.9939544872090597,0.9114929919736803
1222,1.0,0.04506169,0.9549383,0.00021157193,0.06951266,0.9939751564256815,0.8832045477447141
1223,1.0,0.04485928,0.9551407,0.00021092576,0.06924643,0.9938774115381097,0.8835576690724372
1224,1.0,0.044375572,0.9556244,0.00020478391,0.06671599,0.9923374113380348,0.885034924040383
1225,1.0,0.04907043,0.9509296,0.00020395388,0.066374026,0.994673492538969,0.8830836146389408
1226,1.0,0.050920606,0.9490794,0.00036802527,0.13397144,0.9941695436864164,0.8171376458242451
1227,1.0,0.043925274,0.9560747,0.00015128084,0.044672728,0.9932860346395156,0.9072319357740793
1228,1.0,0.04486607,0.9551339,0.00023227948,0.07804417,0.992898087281721,0.8743373909442902
1229,1.0,0.048401646,0.95159835,0.000225995,0.075454965,0.9921197960227159,0.8728625828974974
1230,1.0,0.047703672,0.9522963,0.0002635234,0.09091666,0.9933399570198158,0.8599510445906031
1231,1.0,0.046620812,0.9533792,0.00017801445,0.055686977,0.9926254452040222,0.893649176873851
1232,1.0,0.04995343,0.95004654,0.00025435386,0.08713881,0.992851310769746,0.8610607989600629
1233,1.0,0.04637262,0.9536274,0.00024374237,0.082766876,0.9939556830787327,0.8694116831318061
1234,1.0,0.048552074,0.9514479,0.00019264659,0.06171542,0.9938935991641052,0.8872775048582782
1235,1.0,0.056245685,0.9437543,0.0003672124,0.13363653,0.9933087130309816,0.8121632588630345
1236,1.0,0.04618263,0.95381737,0.00017059808,0.052631434,0.9935795066932247,0.8978149428108293
1237,1.0,0.041912727,0.95808727,9.56547e-05,0.021754762,0.9932523620688147,0.9309201109109382
1238,1.0,0.042423792,0.9575762,0.00020637731,0.06737248,0.9933581620776286,0.887130363268744
1239,1.0,0.04700233,0.9529977,0.00019037977,0.060781486,0.9929885967615554,0.8887973380959758
1240,1.0,0.047932893,0.95206714,0.00021408532,0.07054818,0.9936581724174052,0.8792886238469834
1241,1.0,0.042984348,0.95701563,0.00011262936,0.028748322,0.9925860538411501,0.9226117382527805
1242,1.0,0.041117564,0.95888245,7.914165e-05,0.0149513865,0.9930203596512469,0.9379532154392601
1243,1.0,0.046704736,0.9532953,0.0003382823,0.121717334,0.9929156221388084,0.8313312639841597
1244,1.0,0.04617788,0.95382214,0.0002246191,0.074888095,0.993220539149973,0.8764100840879695
1245,1.0,0.045621242,0.9543788,0.00028418892,0.09943086,0.9936612530335633,0.8540360244173244
1246,1.0,0.045929108,0.95407087,0.00014415118,0.04173531,0.9935015870465145,0.9083112699740603
1247,1.0,0.044742633,0.95525736,0.00028682,0.10051486,0.9932540385578381,0.8534433587902985
1248,1.0,0.045942936,0.95405704,0.00023240871,0.07809741,0.9934222815763705,0.8737622387638433
1249,1.0,0.042734675,0.9572653,0.00012296317,0.033005852,0.9926772450716723,0.9188915138070887
1250,1.0,0.04452086,0.95547915,0.00013382008,0.037478898,0.9936542362519046,0.9138327927871054
1251,1.0,0.04548502,0.954515,0.00021224444,0.06978973,0.9929574958036413,0.8816466003012068
1252,1.0,0.042484283,0.9575157,0.00011555302,0.029952867,0.9936267832375372,0.9229156634836673
1253,1.0,0.046321362,0.9536786,0.0001658991,0.05069545,0.9934368724767063,0.8993896863883787
1254,1.0,0.04632227,0.9536777,0.00014788214,0.043272465,0.9940986571045252,0.9070252801695856
1255,1.0,0.047469262,0.95253074,0.0001935458,0.062085893,0.9939429327489546,0.8879806908388076
1256,1.0,0.04355267,0.9564473,0.000101430254,0.02413429,0.9940426789033664,0.9278038029493628
1257,1.0,0.04412634,0.95587367,9.940671e-05,0.02330059,0.9928346991409708,0.9269117262736456
1258,1.0,0.047519304,0.9524807,0.00018113387,0.05697218,0.9918957504885406,0.8909364060003813
1259,1.0,0.044045318,0.9559547,0.00013736263,0.038938425,0.9922079175339096,0.9115725015234929
1260,1.0,0.04646664,0.95353335,0.0003164936,0.11274039,0.9915155733631158,0.8388535131020904
1261,1.0,0.04263635,0.95736367,0.00016106799,0.048705034,0.9927478337061173,0.904130446040133
1262,1.0,0.046752132,0.95324785,0.00019495096,0.06266482,0.9914282228244334,0.8858537338407296
1263,1.0,0.04424499,0.955755,0.00013021177,0.035992276,0.9920043230960346,0.9139883294967297
1264,1.0,0.04613648,0.9538635,0.00011829181,0.031081254,0.9913312771543661,0.9162044366609001
1265,1.0,0.05023263,0.94976735,0.00015071884,0.044441186,0.9923298199262937,0.9005974227859166
1266,1.0,0.096859194,0.9031408,0.0006172646,0.23665802,0.993410181343768,0.6848622068099144
1267,1.0,0.20717375,0.79282624,0.00073513,0.28521857,0.9933512079093796,0.5629296245829144
1268,1.0,0.18005188,0.81994814,0.0006266663,0.24053153,0.9938775740914251,0.6189121259849732
1269,1.0,0.53900766,0.53900766,0.0009227815,0.36253098,0.9935051781961687,0.3413690651092446
1270,1.0,0.5692897,0.5692897,0.0011902043,0.47270918,0.9936781672402486,0.29828354424746395
1271,1.0,0.7121272,0.7121272,0.00082334,0.3215611,0.9937035674590391,0.48009278044100595
1272,1.0,0.7347366,0.7347366,0.0005429775,0.20605174,0.9937094242908311,0.5796733470743421
1273,1.0,0.7476013,0.7476013,0.00066905847,0.2579971,0.9937434154133692,0.551251642063495
1274,1.0,0.7532087,0.7532087,0.0008293672,0.3240443,0.9936032421123154,0.5058789051612821
1275,1.0,0.75107193,0.75107193,0.0011104802,0.43986285,0.9935293140460568,0.41798105301137567
1276,1.0,0.70631677,0.70631677,0.00087091164,0.3411606,0.9938556506077315,0.4624900478063596
1277,1.0,0.22004919,0.7799508,0.00052725675,0.19957481,0.9929145073806765,0.6198688362867454
1278,1.0,0.057322927,0.9426771,0.00020794397,0.06801794,0.9932066968317699,0.8725897877506227
1279,1.0,0.04974696,0.950253,0.00018315564,0.057805147,0.99170585864184,0.8878975751441711
1280,1.0,0.04512288,0.95487714,0.00015156603,0.044790227,0.9920332790361622,0.9048414941356768
1281,1.0,0.050572123,0.9494279,0.00039219428,0.14392908,0.9937116064817433,0.8076665728020428
1282,1.0,0.043324545,0.95667547,0.00012766146,0.034941547,0.9943831599633284,0.9180620196221646
1283,1.0,0.04608102,0.953919,0.00024199435,0.082046695,0.9934215920247721,0.8698926848345613
1284,1.0,0.045847803,0.9541522,0.00033398662,0.119947515,0.9939428596577358,0.8346178315163122
1285,1.0,0.046598073,0.9534019,0.00043448916,0.16135457,0.994134655958758,0.7948764784148622
1286,1.0,0.046970405,0.9530296,0.00026347378,0.09089622,0.9939695478084113,0.8611779449130147
1287,1.0,0.04324842,0.9567516,0.0001696595,0.052244738,0.9939603439022179,0.9012897980922222
1288,1.0,0.04347466,0.9565253,0.00019666561,0.063371256,0.9928221222441632,0.8894784043536798
1289,1.0,0.044185653,0.95581436,0.00022968817,0.07697655,0.992216255361785,0.8753719794271915
1290,1.0,0.044039115,0.95596087,0.00016796839,0.051548,0.9940656584865257,0.9013024017622573
1291,1.0,0.04132985,0.95867014,0.00018338516,0.05789971,0.9938003747839366,0.8975641582810333
1292,1.0,0.045732647,0.9542674,0.00019225958,0.06155597,0.9949680265634826,0.891020262656063
1293,1.0,0.04916217,0.95083785,0.00019430667,0.062399372,0.9937399785077436,0.8859252878952334
1294,1.0,0.046805315,0.9531947,0.00029967332,0.10581044,0.9923535173574656,0.845819326912667
1295,1.0,0.04423484,0.9557652,0.0003024821,0.10696766,0.9924494957673533,0.8470846389095282
1296,1.0,0.048102774,0.9518972,0.00026900743,0.09317608,0.9920924780648368,0.8563773699305512
1297,1.0,0.047159433,0.95284057,0.00020065956,0.06501676,0.9911933701844982,0.8830442637945182
1298,1.0,0.050477896,0.9495221,0.00038920811,0.14269876,0.9907389206968066,0.8064877112132618
1299,1.0,0.053090584,0.9469094,0.00024072874,0.081525266,0.9920053940975632,0.8627594043720759
1300,1.0,0.043354627,0.95664537,6.432589e-05,0.0088472925,0.9924180293082759,0.9409925438580274
1301,1.0,0.051891465,0.94810855,0.00027500064,0.095645286,0.9916573589604943,0.8502732042386862
1302,1.0,0.051268015,0.94873196,0.00026034866,0.08960868,0.9917173765216218,0.8565635313588591
1303,1.0,0.050673436,0.9493266,0.00016449999,0.050119016,0.9913292010322353,0.893928357792502
1304,1.0,0.04441447,0.95558554,0.00017677345,0.055175684,0.9919130611808166,0.8955590853417218
1305,1.0,0.04159994,0.9584001,6.4229054e-05,0.008807396,0.9940959003537208,0.944350386857908
1306,1.0,0.04344268,0.95655733,0.00011982585,0.031713277,0.9935742137918933,0.9202700847390093
1307,1.0,0.046407428,0.9535926,0.00023392562,0.07872238,0.9938518145370233,0.8731222029886239
1308,1.0,0.04970987,0.95029014,0.00030525346,0.10810945,0.9939992486705977,0.8424688372843813
1309,1.0,0.049994703,0.9500053,0.00022992649,0.07707474,0.9944435036285245,0.8719120015399198
1310,1.0,0.05366046,0.94633955,0.00025340274,0.08674695,0.9938231532975365,0.8589091765704292
1311,1.0,0.049023,0.950977,0.00023410287,0.07879541,0.9933363119751475,0.8702067060576415
1312,1.0,0.05210011,0.9478999,0.00035217433,0.12744085,0.9936787771106218,0.8218703925920686
1313,1.0,0.047108185,0.9528918,0.00020170912,0.06544918,0.9927065386342344,0.8840308022232342
1314,1.0,0.047209974,0.95279,0.00026082038,0.08980302,0.9926255043004603,0.8608312418099751
1315,1.0,0.048043374,0.9519566,0.00020157048,0.06539206,0.9927034374830914,0.8832143975316612
1316,1.0,0.046977114,0.9530229,0.00016099174,0.04867362,0.9924948416904622,0.8998313755009368
1317,1.0,0.047721654,0.9522784,0.0002024507,0.06575471,0.9925418605602204,0.8830263897839531
1318,0.0,0.05603187,0.9439681,0.00032778227,0.117391326,0.9922577333631634,0.826703936102575
1319,0.0,0.04806232,0.9519377,0.00016792247,0.05152908,0.9920303338558523,0.8956895641234754
1320,0.0,0.047295433,0.95270455,0.00015390466,0.045753743,0.9916731619748973,0.901544726538858
1321,0.0,0.04492342,0.9550766,0.0002239531,0.0746137,0.9934876512712005,0.8780591014410317
1322,0.0,0.044276662,0.95572335,0.00013868147,0.03948179,0.9931616893911045,0.911712231919735
1323,0.0,0.04508126,0.95491874,0.000113778384,0.029221717,0.993726842028079,0.9211990434257356
1324,0.0,0.047350537,0.9526495,0.00052182993,0.19733895,0.9934097796133183,0.7596153938095944
1325,0.0,0.046274118,0.9537259,0.00014980677,0.044065412,0.9938647294579513,0.9061060101716722
1326,0.0,0.04387851,0.9561215,0.00047483837,0.17797844,0.9937627060814588,0.7810502324154668
1327,0.0,0.04380281,0.9561972,0.00018147644,0.057113316,0.994130356447828,0.8962936521932138
1328,0.0,0.043613702,0.9563863,0.00013197697,0.036719535,0.9932540483944362,0.9150533938565074
1329,0.0,0.042325526,0.9576745,0.00022139099,0.073558114,0.9932840779126837,0.8812712340124526
1330,0.0,0.045976963,0.95402306,0.00015048313,0.044344075,0.9940155364520289,0.9062616307083589
1331,0.0,0.046287708,0.9537123,0.0001730948,0.05366008,0.9937764108487595,0.8969189618769146
1332,0.0,0.04555115,0.9544488,0.00030536123,0.10815386,0.9941415528429195,0.8462346656398144
1333,0.0,0.04289797,0.95710206,0.00014619272,0.042576425,0.9933670335981483,0.9102739605731639
1334,0.0,0.0413154,0.9586846,0.00013735342,0.038934633,0.9936570352961102,0.9155144403711165
1335,0.0,0.042698815,0.9573012,0.00017747754,0.055465773,0.9933154915795412,0.8981596148134742
1336,0.0,0.04439642,0.9556036,0.0001746879,0.05431644,0.9913245279303761,0.8958586110156304
1337,0.0,0.04607555,0.9539245,0.00012270399,0.032899067,0.9923294676659841,0.9154648781494881
1338,0.0,0.04043939,0.95956063,4.477761e-05,0.0007934013,0.9945495916584777,0.9535734548613557
1339,0.0,0.04604821,0.9539518,0.000148463,0.04351178,0.9934615536842435,0.9064776741056784
1340,0.0,0.044705737,0.95529425,0.00021342906,0.070277795,0.9934367594320179,0.8823290654414939
1341,0.0,0.044482876,0.9555171,0.000110464935,0.027856579,0.994208865034717,0.9235202625872965
1342,0.0,0.04747144,0.95252854,0.00033101856,0.118724674,0.9940321444905038,0.8344302130803352
1343,0.0,0.044270784,0.95572925,0.00020591234,0.06718091,0.99366020391209,0.8858703964869479
1344,0.0,0.051636323,0.94836366,0.0002529756,0.08657096,0.9931802963358146,0.8603552563900134
1345,0.0,0.05124324,0.94875675,0.00021233624,0.06982755,0.9939145267965996,0.8771369087873345
1346,0.0,0.05502042,0.94497955,0.0002636113,0.09095287,0.9939666147430454,0.8538480972490162
1347,0.0,0.05433372,0.94566625,0.0001568262,0.046957415,0.9939191033557094,0.8957797270540693
1348,0.0,0.058100194,0.9418998,0.00024435026,0.08301733,0.9935523602422941,0.8581368907198347
1349,0.0,0.05762425,0.9423758,0.00021613782,0.0713938,0.9926060496428434,0.8686256065303143
1350,0.0,0.05425189,0.9457481,0.00016446452,0.050104406,0.9930288670898025,0.8920993801446424
1351,0.0,0.05668488,0.94331515,0.00017868698,0.05596406,0.9929072846346695,0.8842072044440161
1352,0.0,0.049648155,0.95035183,0.0002453431,0.083426386,0.9933961586371779,0.86531507300076
1353,0.0,0.05246456,0.94753546,0.00014153798,0.04065867,0.992849905037829,0.9025104261258005
1354,0.0,0.05394746,0.94605255,0.00031690815,0.11291119,0.9934702118176172,0.833752671524853
1355,0.0,0.05874208,0.9412579,0.0002648394,0.09145885,0.9931933959439109,0.8493506878248143
1356,0.0,0.04885852,0.9511415,0.00031925418,0.11387775,0.9919085868841797,0.8360079516784521
1357,0.0,0.044530764,0.95546925,0.00016164964,0.04894468,0.9931293980340954,0.902460817044565
1358,0.0,0.0480207,0.9519793,0.00022209398,0.07384774,0.9934269224171721,0.8758824105401758
1359,0.0,0.049667798,0.9503322,0.00027593607,0.09603068,0.9940288388107444,0.8539414832977027
1360,0.0,0.044230886,0.9557691,0.00016928621,0.052090943,0.992420700171545,0.8991154856257892
1361,0.0,0.046102177,0.95389783,0.00016437392,0.05006708,0.9932419793833451,0.9000152507968862
1362,0.0,0.04797308,0.9520269,0.00019449546,0.062477153,0.9930179970111502,0.8863151862858302
1363,0.0,0.04671429,0.9532857,0.00022476452,0.074948005,0.9933851655167907,0.8760055808298477
1364,0.0,0.044190798,0.9558092,0.0001100931,0.02770338,0.9927275296798259,0.9225714665609648
1365,0.0,0.044694114,0.9553059,0.00027628127,0.09617291,0.9918696407114661,0.8564113275251174
1366,0.0,0.04499727,0.9550027,0.00015049907,0.04435064,0.9927526804554302,0.906033533635731
1367,0.0,0.04348082,0.9565192,0.00011517323,0.029796394,0.9916665899620333,0.9202847742483398
1368,0.0,0.0476615,0.9523385,0.00024451897,0.08308684,0.9926575459384114,0.8668001651828307
1369,0.0,0.05158175,0.94841826,0.00023396665,0.078739285,0.9929888392500534,0.8676145591923179
1370,0.0,0.067378245,0.9326218,0.00020952354,0.06866872,0.9934938330231812,0.8629286796539537
1371,0.0,0.062618874,0.93738115,0.00026024465,0.08956582,0.9934213016322408,0.8478094158643096
1372,0.0,0.05526418,0.9447358,0.00010773566,0.026732115,0.9938393050677139,0.9138163968696497
1373,0.0,0.05735548,0.94264454,0.0003423842,0.12340733,0.9935812104869576,0.8210113991194209
1374,0.0,0.049783435,0.9502166,0.00018959667,0.06045885,0.9932474114315584,0.886739115820566
1375,0.0,0.05170473,0.9482953,0.00030433777,0.10773219,0.9929153775840913,0.8401388160183367
1376,0.0,0.048161503,0.9518385,8.719314e-05,0.0182686,0.9925954865596525,0.9275305867014481
1377,0.0,0.04992986,0.95007014,0.00018834876,0.05994471,0.9934102371720398,0.8872330616125944
1378,0.0,0.058690265,0.94130975,0.0002835525,0.09916866,0.9938972618527623,0.8427864207589623
1379,0.0,0.06057235,0.9394277,0.00016199099,0.04908531,0.9938814092477177,0.8878497213796356
1380,0.0,0.048918895,0.9510811,0.00014155415,0.040665332,0.9926718311951065,0.9057188152446355
1381,0.0,0.046859283,0.95314074,0.00019863006,0.06418061,0.993258424188036,0.8859543274625957
1382,0.0,0.045626823,0.9543732,0.00019354619,0.062086053,0.9938403430194243,0.88960627389761
1383,0.0,0.040356193,0.9596438,0.00012105154,0.032218263,0.9938344118739562,0.9229995791837001
1384,0.0,0.048224725,0.95177525,0.0003101217,0.11011516,0.9934134988999668,0.8413918080172683
1385,0.0,0.04618045,0.9538196,0.00027481272,0.09556786,0.992882047764446,0.8565246485100069
1386,0.0,0.046884194,0.9531158,0.00026123968,0.089975774,0.9931652938580271,0.8614303652194836
1387,0.0,0.045278892,0.9547211,0.0002546191,0.087248094,0.9928740359272286,0.865213750463619
1388,0.0,0.04411515,0.9558849,0.00015687401,0.046977118,0.993596182664451,0.9051464144317317
1389,0.0,0.04360269,0.9563973,0.00015544926,0.04639012,0.9935585325287268,0.9061551109330688
1390,0.0,0.043822113,0.9561779,0.00013975022,0.039922114,0.9934472753365156,0.9119897925436001
1391,0.0,0.043944325,0.9560557,0.00012007442,0.03181569,0.9932536947499069,0.9193935018093998
1392,0.0,0.047254696,0.9527453,0.00033375618,0.11985257,0.9935527223986839,0.8331499437093581
1393,0.0,0.042050146,0.9579499,0.00017880743,0.056013685,0.9939682813550056,0.8988371378622091
1394,0.0,0.046971098,0.9530289,0.00028895133,0.10139298,0.9936770253372282,0.8509834774648452
1395,0.0,0.04389659,0.9561034,0.00010560277,0.025853364,0.9948922844369957,0.9266276718173968
1396,0.0,0.0514181,0.9485819,0.00032922922,0.11798747,0.9941140117636861,0.8317365229929106
1397,0.0,0.05625081,0.9437492,0.00020223678,0.06566658,0.9938648310422117,0.8763666045480992
1398,0.0,0.051176604,0.9488234,0.00015531981,0.046336785,0.9932750214762612,0.8987728425551104
1399,0.0,0.055399418,0.9446006,0.00034954608,0.12635802,0.9936548147013041,0.8200063803561687
1400,0.0,0.050226122,0.9497739,0.00020817299,0.0681123,0.9929042057821555,0.8788022384877748
1401,0.0,0.05119417,0.9488058,0.0002767611,0.0963706,0.9932662248941282,0.8515954980032481
1402,0.0,0.050029386,0.9499706,0.00014440466,0.041839745,0.992460337626786,0.9033612978379385
1403,0.0,0.0469814,0.9530186,0.00013422678,0.037646458,0.9930093563132378,0.9107294366506775
1404,0.0,0.048164643,0.95183533,0.00028688426,0.10054134,0.9926579645133033,0.8498507162648288
1405,0.0,0.04607178,0.95392823,0.00021075342,0.06917544,0.9926337546737721,0.881399087437521
1406,0.0,0.05375831,0.9462417,0.00039742154,0.1460827,0.9924009204479886,0.8018719794375598
1407,0.0,0.045269698,0.9547303,0.00025524266,0.087505,0.9920489554137145,0.8642597704253803
1408,0.0,0.047720358,0.9522796,0.00029346728,0.10325355,0.9926512818079131,0.8476778989082991
1409,0.0,0.04907703,0.95092297,0.00019132537,0.061171073,0.9912965935504005,0.8849840172258955
1410,0.0,0.046109147,0.95389086,0.00016095402,0.04865808,0.9923449200664768,0.9005295614500609
1411,0.0,0.043523103,0.9564769,0.00017504043,0.05446168,0.9933844860638011,0.8984026506014786
1412,0.0,0.046411883,0.9535881,0.00021640492,0.07150385,0.9931095096969103,0.8793019984481438
1413,0.0,0.044651248,0.95534873,0.00022379168,0.074547194,0.9930850740264666,0.8780164851371984
1414,0.0,0.042422544,0.95757747,0.00011212307,0.02853973,0.9923436464099172,0.9231261874822766
1415,0.0,0.04634995,0.95365006,0.00022594645,0.07543496,0.9927336746052949,0.8753046804619706
1416,0.0,0.046495304,0.9535047,0.00023837533,0.08055566,0.9927271174732293,0.8703183451615604
1417,0.0,0.046261355,0.95373863,0.0001569568,0.047011223,0.9928938338624945,0.9024434176445165
1418,0.0,0.05776989,0.9422301,0.0003457413,0.12479045,0.9937658657370996,0.8195078261886249
1419,0.0,0.07896444,0.9210355,0.00031423365,0.11180929,0.993891803509889,0.8130583112794478
1420,0.0,0.06283614,0.93716383,0.00019457868,0.06251144,0.9938817863303713,0.8732050488464388
1421,0.0,0.05664594,0.94335407,0.0002143274,0.07064791,0.9936318333179296,0.8711250670547444
1422,0.0,0.065986246,0.9340137,0.00011273019,0.028789865,0.9931603680692888,0.9009191743689448
1423,0.0,0.057274364,0.94272566,0.00020455755,0.066622734,0.9933231813944036,0.8740436369853307
1424,0.0,0.047361407,0.95263857,0.00017681507,0.055192832,0.9922551650343898,0.8930889453194325
1425,0.0,0.052529234,0.9474708,0.00031836436,0.113511145,0.9928938926127313,0.8339537307976529
1426,0.0,0.049307693,0.9506923,0.00014849081,0.043523237,0.9936882275426888,0.9035756599628963
1427,0.0,0.05783447,0.94216555,0.00024161636,0.08189096,0.9934886164154406,0.8593783216504944
1428,0.0,0.062202267,0.9377977,0.0002741827,0.0953083,0.9949052565857743,0.8440953474527447
1429,0.0,0.053058907,0.9469411,0.00019342733,0.062037084,0.9946189343029712,0.8834161355465696
1430,0.0,0.0446368,0.9553632,0.00024852165,0.084735945,0.9940030625562,0.8691658362261295
1431,0.0,0.04470757,0.9552924,0.00029952498,0.105749324,0.9934199828611444,0.8486497584522368
1432,0.0,0.046422306,0.9535777,0.00019251568,0.061661486,0.9926830215655497,0.8882315926566581
1433,0.0,0.042523466,0.95747656,6.4897074e-05,0.00908262,0.9934668263614184,0.942581633369336
1434,0.0,0.04372353,0.9562765,0.00015987873,0.04821506,0.9934005435113167,0.9041629767584013
1435,0.0,0.0453668,0.9546332,0.00020198026,0.06556089,0.9930771993704367,0.8858711102161121
1436,0.0,0.04671679,0.9532832,0.00029875932,0.10543387,0.9929839766743699,0.8467917701761618
1437,0.0,0.0444916,0.9555084,0.00026273562,0.090592094,0.9936151181299425,0.8633987865333884
1438,0.0,0.04685858,0.95314145,0.00028034393,0.097846724,0.9918055619508187,0.8528334418210378
1439,0.0,0.044385772,0.9556142,0.00019115667,0.06110157,0.9926576315322616,0.8906369106016272
1440,0.0,0.044983983,0.955016,0.0002250927,0.07508322,0.9932542080559629,0.8773517495685251
1441,0.0,0.046103243,0.95389676,0.00020978921,0.06877818,0.9931959398301586,0.8822455359212965
1442,0.0,0.04559598,0.954404,0.00016461466,0.05016626,0.9940507770648961,0.9011320149156534
1443,0.0,0.050956745,0.9490433,0.0001819143,0.057293717,0.9942195586233115,0.8894974739093297
1444,0.0,0.054203574,0.94579643,0.00014137528,0.04059164,0.9942960089775015,0.902229129460755
1445,0.0,0.0544716,0.9455284,0.00030486574,0.10794971,0.994110098142499,0.8384909415730122
1446,0.0,0.05580701,0.944193,0.0003066388,0.10868022,0.9931409057566176,0.8358054254913453
1447,0.0,0.05251736,0.94748265,0.0003630797,0.13193385,0.993235602939962,0.8169140141986964
1448,0.0,0.050968207,0.9490318,0.0001957441,0.06299159,0.9930203535467353,0.8830440402410704
1449,0.0,0.04470064,0.9552994,0.0001312728,0.036429416,0.9930746596628666,0.914123606624455
1450,0.0,0.046548083,0.95345193,0.00038135002,0.13946123,0.9925858805803999,0.8143992189407493
1451,0.0,0.04672848,0.9532715,0.00028536702,0.099916235,0.993030247832983,0.8520440232372124
1452,0.0,0.044505395,0.9554946,0.00023796415,0.08038625,0.9932943815349708,0.872793818493361
1453,0.0,0.04700519,0.9529948,0.00018114383,0.05697628,0.9923223418627759,0.891796834410316
1454,0.0,0.047211107,0.9527889,0.0002983909,0.105282076,0.9923562973739198,0.8459612290189318
1455,0.0,0.041957546,0.95804244,7.575654e-05,0.013556722,0.9934206206303401,0.9388366588123062
1456,0.0,0.043562055,0.95643795,0.000105025436,0.025615504,0.9932638815904997,0.9256606439202063
1457,0.0,0.04388782,0.9561122,0.00017698549,0.055263042,0.9921189043206396,0.89615574308882
1458,0.0,0.047661718,0.9523383,0.0003162948,0.11265849,0.9928911031978834,0.8390418940502185
1459,0.0,0.04276848,0.9572315,0.00013271022,0.037021637,0.9928883458315622,0.9152377478146548
1460,0.0,0.04384522,0.95615476,0.00019750363,0.063716516,0.9927298587355081,0.8887234402029577
1461,0.0,0.046741534,0.95325845,0.0003169852,0.112942934,0.9931511662166094,0.8398033073778844
1462,0.0,0.04812531,0.9518747,0.00015178244,0.044879388,0.992353113169222,0.9022029239926669
1463,0.0,0.044256464,0.95574355,0.00015917019,0.04792314,0.9921150238248372,0.902766450056236
1464,0.0,0.047606412,0.9523936,0.00022715288,0.07593201,0.9917282376534972,0.8727966254892958
1465,0.0,0.041223157,0.95877683,7.535819e-05,0.0133926,0.991307678662207,0.9377138806479185
1466,0.0,0.049863588,0.9501364,0.00028747917,0.10078645,0.9923012291155283,0.8477978996691009
1467,0.0,0.054158553,0.94584143,0.00032153624,0.11481796,0.9934149101320595,0.831728515760133
1468,0.0,0.064326756,0.93567324,0.0002460125,0.08370217,0.993379439565045,0.8516791832663675
1469,0.0,0.061970524,0.93802947,0.00026901477,0.09317911,0.9930354212558692,0.8447004971394512
1470,0.0,0.056012925,0.9439871,0.00017748523,0.05546894,0.9930278753422237,0.8854085849453178
1471,0.0,0.05441344,0.94558656,0.00016166385,0.04895053,0.99294044444486,0.892950906758894
1472,0.0,0.05599948,0.94400054,0.00025812633,0.08869307,0.9929304071134586,0.8541924073368902
1473,0.0,0.051813036,0.948187,0.00016666492,0.05101097,0.9926802923391322,0.8932326634768083
1474,0.0,0.05114496,0.94885504,0.00023245924,0.07811823,0.9931264783505009,0.868719705642029
1475,0.0,0.047439337,0.95256066,0.00015079514,0.04447262,0.9937161101943678,0.9044782117958343
1476,0.0,0.050437734,0.94956225,0.00020994034,0.068840444,0.9938562009225939,0.8787616468356041
1477,0.0,0.051804323,0.9481957,0.00019313468,0.06191651,0.9939623837479712,0.8841163505611164
1478,0.0,0.049124755,0.9508752,0.00021566238,0.07119793,0.9943671200716092,0.8782000780939442
1479,0.0,0.04519918,0.95480084,0.00016623265,0.05083288,0.9926983124712526,0.8996482888983768
1480,0.0,0.04570639,0.9542936,0.00023749757,0.080194026,0.993691790676123,0.8722278745101549
1481,0.0,0.042812563,0.9571874,0.000104656356,0.025463443,0.9930154656167766,0.9262988489433365
1482,0.0,0.045660138,0.95433986,0.00013797008,0.039188698,0.9925395787077024,0.9100997477663689
1483,0.0,0.04099213,0.95900786,0.00013708185,0.038822744,0.993035818390682,0.9153571139469283
1484,0.0,0.04298907,0.9570109,0.00012354368,0.03324502,0.9934741794093959,0.919157440702925
1485,0.0,0.041338142,0.95866185,0.00015213259,0.04502365,0.993654602079004,0.9096901812508777
1486,0.0,0.044622455,0.9553775,0.00010375731,0.025093038,0.9933881375460846,0.9252459163013702
1487,0.0,0.045239925,0.9547601,0.00017495002,0.05442443,0.9926327383681776,0.8961466704566997
1488,0.0,0.045110427,0.9548896,0.00017881548,0.056017,0.9936987679377915,0.8957196250590099
1489,0.0,0.04218211,0.9578179,7.635892e-05,0.0138049,0.993696420378267,0.938641004997507
1490,0.0,0.0460269,0.9539731,0.00018736189,0.059538122,0.993326664316964,0.8911882192253289
1491,0.0,0.042155843,0.95784414,0.000117976655,0.030951405,0.9927410581030939,0.9214598305181
1492,0.0,0.046188027,0.953812,0.00018744024,0.059570402,0.9925779928495657,0.8903354931117768
1493,0.0,0.046463866,0.95353615,0.0002402761,0.08133878,0.9929965366143462,0.869841811092252
1494,0.0,0.045815077,0.95418495,0.00024623223,0.0837927,0.992696401337443,0.8678461853277026
1495,0.0,0.043299288,0.9567007,0.00012498228,0.033837724,0.9927852431294961,0.9176592863313924
1496,0.0,0.042262826,0.95773715,6.975124e-05,0.011082535,0.9926129763947127,0.9401265711927969
1497,0.0,0.04323683,0.95676315,0.00013269935,0.037017155,0.993007740599231,0.9149041919893712
1498,0.0,0.044049073,0.9559509,0.0001732444,0.05372172,0.9923853991703123,0.8977074198199013
1499,0.0,0.047210466,0.95278955,0.00023306868,0.07836932,0.9930899865158699,0.8720522432474057
1500,0.0,0.045120835,0.95487916,0.00019453042,0.06249156,0.9937924099864013,0.8896502060731065
1501,0.0,0.04753518,0.9524648,0.0001455547,0.04231356,0.9930295180822237,0.9058043890248356
1502,0.0,0.056540605,0.9434594,0.00033437612,0.12010799,0.9909361875078397,0.8226181239437648
1503,0.0,0.05056868,0.9494313,0.00011869561,0.031247614,0.9916817769002297,0.9121130620744388
1504,0.0,0.053502765,0.94649726,0.00022092144,0.07336466,0.9916349324728807,0.8697211431113637
1505,0.0,0.05618091,0.9438191,0.00017960198,0.056341037,0.9910905273466744,0.8827081955865692
1506,0.0,0.058921423,0.9410786,0.00031883418,0.11370471,0.9917837559077384,0.8272205917238912
1507,0.0,0.051866785,0.94813323,0.000103518825,0.024994781,0.9906581446940328,0.915798904157749
1508,0.0,0.060325176,0.93967485,0.00031778964,0.113274366,0.9920628619003463,0.8266203413086792
1509,0.0,0.08034559,0.9196544,0.00044963256,0.16759364,0.9926083690930306,0.7598676885600502
1510,0.0,0.094904706,0.9050953,0.00038830182,0.14232539,0.9922607157046552,0.7702694138070066
1511,0.0,0.11938808,0.8806119,0.00060135504,0.2301033,0.993414719358704,0.673515494770521
1512,0.0,0.08151476,0.9184852,0.00039586143,0.14543994,0.9918095685557413,0.778472108426562
1513,0.0,0.05142696,0.94857305,0.00018803857,0.05981691,0.991567479172661,0.8843119568044955
1514,0.0,0.046618022,0.95338196,0.00024750634,0.08431763,0.9923085104356012,0.866280446027146
1515,0.0,0.049479354,0.95052063,0.00040599037,0.14961307,0.9911079612419808,0.8011228031319896
1516,0.0,0.048600078,0.9513999,0.0003281599,0.1175469,0.9914755073099021,0.8324089409010225
1517,0.0,0.04696075,0.9530392,0.00013687696,0.03873833,0.9908184951828484,0.9077087507214037
1518,0.0,0.04763903,0.952361,0.00015284984,0.04531916,0.9921800247417958,0.9020908598809146
1519,0.0,0.05453513,0.94546485,0.00025295696,0.08656329,0.9925475626061006,0.8571862165967187
1520,0.0,0.047666725,0.9523333,0.00018419723,0.05823428,0.9917967449052904,0.8895175518861314
1521,0.0,0.04807779,0.95192224,0.00016142447,0.048851904,0.9910353440208086,0.8973022222618539
1522,0.0,0.046034154,0.95396584,0.00023017579,0.07717745,0.9911438976539476,0.8725447806977136
1523,0.0,0.04732246,0.95267755,0.00036228518,0.13160652,0.9915544594524471,0.8203120115931112
1524,0.0,0.05488929,0.9451107,0.00040993936,0.15124004,0.9931097067184549,0.7966448639925839
1525,0.0,0.057150505,0.9428495,0.00029041097,0.10199435,0.9936199956944402,0.8412823685002032
1526,0.0,0.07361321,0.9263868,0.0002890827,0.101447105,0.9931941440698191,0.8267422883700324
1527,0.0,0.07363946,0.92636055,0.00025878218,0.088963285,0.9936123067815495,0.8385575994625377
1528,0.0,0.07295512,0.92704487,0.000259948,0.089443594,0.992875518559831,0.8381126771580333
1529,0.0,0.070894584,0.9291054,0.00051303796,0.19371666,0.9932977339175935,0.7441013860676938
1530,0.0,0.04994631,0.9500537,0.00021607195,0.07136667,0.9930873351602508,0.876152792152019
1531,0.0,0.049808826,0.9501912,0.0001705987,0.052631687,0.9926487884886664,0.8935636337346623
1532,0.0,0.05124913,0.94875085,0.00024191018,0.08201202,0.9936095758689045,0.8653761893752167
1533,0.0,0.052222934,0.9477771,0.00015857762,0.047679003,0.9926341615335067,0.8959396923520565
1534,0.0,0.054214347,0.94578564,0.00020278333,0.06589175,0.9934280295648437,0.8776600704966282
1535,0.0,0.054256156,0.94574386,0.00017692967,0.055240046,0.9931351911203778,0.8873672110326288
1536,0.0,0.051050562,0.94894946,0.00020042474,0.064920016,0.9929415788216926,0.8810803999188443
1537,0.0,0.043576263,0.95642376,0.0001476196,0.0431643,0.9931925764847725,0.9089106421828012
1538,0.0,0.044082757,0.95591724,0.00020421002,0.066479556,0.9935926032047329,0.8866504995353528
1539,0.0,0.044041105,0.9559589,0.00025939208,0.08921456,0.993829014084279,0.8653005046450953
1540,0.0,0.044362508,0.9556375,0.00030611997,0.108466454,0.9943798772310284,0.8471946431119725
1541,0.0,0.044577006,0.955423,0.0002580387,0.08865696,0.9929953417509627,0.8646190386560737
1542,0.0,0.044013705,0.9559863,0.00020295665,0.065963164,0.9933135404404418,0.8869559379160988
1543,0.0,0.044150643,0.95584935,0.00018724408,0.05948958,0.9933630354452669,0.8930196806800808
1544,0.0,0.04458818,0.9554118,0.00022172272,0.07369478,0.99272336469904,0.8785631268374783
1545,0.0,0.04547729,0.9545227,0.0002843552,0.09949936,0.9927179270866663,0.8532890366931769
1546,0.0,0.042428613,0.9575714,8.884688e-05,0.018949939,0.99146653713323,0.9314089160937523
1547,0.0,0.047900766,0.9520992,0.00089751964,0.3521231,0.9920121787476862,0.6119158127755844
1548,0.0,0.042661563,0.95733845,0.00014271958,0.041145492,0.9916528156155054,0.9102860218445074
1549,0.0,0.04338659,0.9566134,0.0001326448,0.03699468,0.9930741231820512,0.9148435365619026
1550,0.0,0.044071335,0.9559287,0.0001708092,0.052718416,0.9922405793998271,0.8985072547552403
1551,0.0,0.04599202,0.954008,0.00018841999,0.05997406,0.991482017251848,0.8891533722209771
1552,0.0,0.042311434,0.95768857,0.00012005684,0.03180844,0.9916601787334383,0.9194931078127505
1553,0.0,0.0462074,0.9537926,0.00029000494,0.10182706,0.9921337445135736,0.8499318872436773
1554,0.0,0.04363786,0.9563621,0.000114989954,0.029720888,0.9936948043781038,0.9220873316359804
1555,0.0,0.045560542,0.95443946,0.00018904592,0.060231943,0.992591583581799,0.8903067430596301
1556,0.0,0.044372387,0.9556276,0.0002784623,0.09707149,0.9939970362367976,0.8576836835886266
1557,0.0,0.04725559,0.9527444,0.0004268169,0.15819359,0.992579235575434,0.7960747421192442
1558,0.0,0.045107752,0.9548923,0.0002419445,0.082026154,0.9944280076055778,0.8716819516044982
1559,0.0,0.045612756,0.95438725,0.00019052353,0.060840715,0.9920715823320123,0.8892152418794544
1560,0.0,0.045889407,0.9541106,0.00015043358,0.04432366,0.9931455963831719,0.9055709593192116
1561,0.0,0.052280936,0.94771904,0.00019558943,0.062927864,0.9936171802338707,0.8824126715536584
1562,0.0,0.073259495,0.9267405,0.00035287038,0.12772763,0.9937294134810006,0.8033012178684139
1563,1.0,0.07242695,0.927573,0.00020251049,0.06577934,0.9931351871830078,0.8606091383851688
1564,1.0,0.08976467,0.91023535,0.00044713702,0.16656548,0.9934653853012513,0.7536642737635388
1565,1.0,0.08779281,0.9122072,0.00045955277,0.17168076,0.9928999915931164,0.7502340257780103
1566,1.0,0.08496595,0.91503406,0.00041675664,0.15404876,0.9932736877113616,0.7688675320331327
1567,1.0,0.074229166,0.9257708,0.00032931726,0.11802374,0.9935618410521483,0.8112510684320006
1568,1.0,0.07384699,0.926153,0.0002505926,0.08558917,0.9933323829580992,0.8412376099860025
1569,1.0,0.0830554,0.9169446,0.00043308374,0.16077553,0.9935346015688129,0.7645471001912277
1570,1.0,0.08948727,0.91051275,0.0005687691,0.21667789,0.9935614643763506,0.708632645558062
1571,1.0,0.09954572,0.9004543,0.0005101593,0.19253066,0.9936421047918611,0.722466469138442
1572,1.0,0.056553397,0.9434466,0.00017228669,0.05332714,0.9927437373217347,0.8866544256362932
1573,1.0,0.047262307,0.9527377,0.00012423562,0.0335301,0.9929575312484172,0.9143076307575937
1574,1.0,0.0445861,0.9554139,0.00011670492,0.03042745,0.9936714391835262,0.9204806648415522
1575,1.0,0.04436771,0.95563227,0.0001765667,0.055090502,0.9916788532373702,0.8954721702083371
1576,1.0,0.044564106,0.9554359,0.000115510804,0.029935475,0.9929932267857643,0.9203403451762827
1577,1.0,0.044301745,0.95569825,0.00022082179,0.0733236,0.9916851843542489,0.8782592455240315
1578,1.0,0.045107007,0.954893,0.00016115459,0.048740715,0.9919448885274418,0.9010339581556931
1579,1.0,0.046234794,0.9537652,0.00017192727,0.05317906,0.993147632792563,0.8968568843177984
1580,1.0,0.044355407,0.9556446,0.00010985005,0.027603244,0.9926043225108794,0.9223931286732532
1581,1.0,0.045532957,0.95446706,0.00013888619,0.039566133,0.9917124393905619,0.9091052222121725
1582,1.0,0.048282046,0.951718,0.00035045683,0.12673324,0.9919777832366338,0.824436388624014
1583,1.0,0.049471546,0.95052844,0.00034933307,0.12627025,0.9922776840898884,0.8240915913869663
1584,1.0,0.04949615,0.9505038,0.00038565364,0.14123432,0.9931937218399394,0.8107043469245017
1585,1.0,0.05049517,0.94950485,0.0002960645,0.1043236,0.9930744953882442,0.844559296173733
1586,1.0,0.059366003,0.940634,0.00027212637,0.09446109,0.9934125338837396,0.8461696360217563
1587,1.0,0.05386647,0.94613355,0.00015363775,0.045643777,0.9933857491999714,0.896976111685404
1588,1.0,0.054064766,0.94593525,0.00025483794,0.087338254,0.9930057010304695,0.8572806095020181
1589,1.0,0.060024187,0.9399758,0.00018612381,0.059028033,0.9928740193567465,0.8781880421084446
1590,1.0,0.06321044,0.9367896,0.00019498136,0.062677346,0.993103434785724,0.8720184141947823
1591,1.0,0.06487287,0.93512714,0.00021894374,0.07254984,0.9941947530611019,0.8622490243583258
1592,1.0,0.060004424,0.9399956,0.00016172316,0.048974965,0.9944808809363098,0.8890254161031934
1593,1.0,0.08116991,0.9188301,0.00025038212,0.08550245,0.994776576680124,0.8358788217259053
1594,1.0,0.09272031,0.9072797,0.0003558589,0.1289589,0.9948749662731448,0.7862276974291796
1595,1.0,0.11731723,0.8826828,0.00033226053,0.11923637,0.9946545902445628,0.7732792367667163
1596,1.0,0.08600033,0.9139997,0.0001791824,0.056168173,0.99544004819981,0.8587282607936282
1597,1.0,0.05641907,0.9435809,0.00012462048,0.03368866,0.9949952081167143,0.9072296000658628
1598,1.0,0.046221126,0.95377886,0.00019952793,0.064550534,0.994991311344162,0.8877431023699316
1599,1.0,0.05151507,0.94848496,0.00021851901,0.07237486,0.9962677310297003,0.8765546728363546
1600,1.0,0.053647928,0.94635206,0.00034941337,0.12630334,0.9947420181023185,0.8224772359480877
1601,1.0,0.048745703,0.9512543,0.0002563297,0.08795285,0.9935239717066388,0.8619702291217829
1602,1.0,0.043555394,0.9564446,0.00020219585,0.06564971,0.9942314104073847,0.8884992213036449
1603,1.0,0.045562323,0.9544377,0.00017459683,0.054278918,0.9929167184601644,0.8962382239456504
1604,1.0,0.04536758,0.9546324,0.00019718613,0.06358571,0.9938261333521953,0.8884124349045566
1605,1.0,0.046741996,0.953258,0.00024135692,0.08178407,0.9935011776775978,0.8696082548942452
1606,1.0,0.041207388,0.9587926,7.219245e-05,0.012088316,0.9936823631708804,0.9412183630312081
1607,1.0,0.044513714,0.9554863,0.00023373529,0.07864396,0.9927922271693729,0.8739977666364223
1608,1.0,0.051989045,0.948011,0.0003525418,0.12759225,0.9929806294034844,0.8212467310864406
1609,1.0,0.045495406,0.9545046,0.00015114938,0.044618566,0.9937013054517944,0.9061721370842962
1610,1.0,0.049898747,0.95010126,0.00032097966,0.11458865,0.993120513094164,0.8354432181809575
1611,1.0,0.055854764,0.94414526,0.0001890463,0.0602321,0.9932748569510286,0.8813103567327008
1612,1.0,0.07658282,0.9234172,0.00017001944,0.052393034,0.9934972791107044,0.869346478492044
1613,1.0,0.08663919,0.91336083,0.00042572006,0.1577417,0.992927444012068,0.763844981195224
1614,1.0,0.08709986,0.91290015,0.00036268358,0.13177067,0.9929448897796815,0.7870147836774304
1615,1.0,0.07591617,0.9240838,0.00020980262,0.0687837,0.9933425834602948,0.854793059761214
1616,1.0,0.073144436,0.92685556,0.00027600623,0.09605959,0.9933621327372104,0.8322608463218949
1617,1.0,0.06280665,0.93719333,0.0002398789,0.081175126,0.9933337350088126,0.8553760975437014
1618,1.0,0.061888922,0.93811107,0.00033183236,0.11905996,0.9942131513727362,0.8216372268227348
1619,1.0,0.061928347,0.93807167,0.00021464404,0.07077837,0.993714092964521,0.8661972271389669
1620,1.0,0.051241495,0.9487585,0.000100609104,0.023795975,0.9937335485585882,0.9203779792109374
1621,1.0,0.04920675,0.95079327,0.00011162174,0.028333183,0.992960325740511,0.9173506581640943
1622,1.0,0.048038024,0.951962,0.00020242846,0.06574555,0.992587874084377,0.8827825754642353
1623,1.0,0.044218168,0.9557818,0.00019367243,0.062138066,0.9928200842210168,0.88995537705635
1624,1.0,0.048259396,0.9517406,0.00024363984,0.08272464,0.993402079418319,0.8672482120816806
1625,1.0,0.044177737,0.9558223,0.00021302117,0.07010974,0.9935052005855087,0.8830372179959394
1626,1.0,0.04811404,0.95188594,0.00024917605,0.08500556,0.9936043916554509,0.865399923805978
1627,1.0,0.044226784,0.95577323,0.00027683852,0.09640249,0.9939144140598936,0.858378626870581
1628,1.0,0.041218642,0.95878136,0.00010747003,0.026622675,0.9942344233958481,0.9278752709499741
1629,1.0,0.04532053,0.9546795,0.0001547583,0.04610544,0.9932115158909216,0.9044815201268399
1630,1.0,0.045521837,0.95447814,0.00021715184,0.07181158,0.9931818999180213,0.8798952069541339
1631,1.0,0.043152384,0.9568476,0.0001498009,0.04406299,0.9929723969013667,0.9082580330368952
1632,1.0,0.04552439,0.95447564,0.00017538383,0.054603163,0.993373278333109,0.8963785570686077
1633,1.0,0.048693508,0.95130646,0.00021904195,0.07259031,0.993633471370848,0.8766339701667434
1634,1.0,0.04759045,0.95240957,0.00015434572,0.04593546,0.9940298945176774,0.9032353763332578
1635,1.0,0.056131266,0.94386876,0.00031186442,0.11083317,0.993599895975675,0.8338854328690009
1636,1.0,0.056204695,0.9437953,0.00033680678,0.121109426,0.993571888096372,0.8241607347991591
1637,1.0,0.054513942,0.94548607,0.00021211313,0.06973563,0.9930559568926514,0.8734443596716676
1638,1.0,0.047013834,0.9529862,0.00011707377,0.030579416,0.9927618727595338,0.9171575529448723
1639,1.0,0.047885332,0.95211464,0.0001375486,0.039015047,0.9926098552605276,0.908206090217255
1640,1.0,0.049335442,0.9506646,0.00027966886,0.097568594,0.9931020807509446,0.8519918285277723
1641,1.0,0.047587432,0.95241255,0.00018949993,0.060418993,0.9933208550325778,0.8888918327207619
1642,1.0,0.04744271,0.95255727,7.755052e-05,0.014295839,0.9927499196968784,0.9321323024333399
1643,0.0,0.055302147,0.94469786,0.00023509165,0.07920278,0.9932590730393344,0.8640114275037158
1644,0.0,0.052098103,0.9479019,0.00024694452,0.084086165,0.992835071471497,0.8619758624680659
1645,0.0,0.04855275,0.95144725,0.00021872342,0.07245907,0.9942770062389685,0.8774556735646818
1646,0.0,0.048723508,0.9512765,0.00026322837,0.090795115,0.9936105998069776,0.8593790124559587
1647,0.0,0.043796793,0.9562032,0.00017783396,0.055612616,0.9934051664409089,0.8970709155412938
1648,0.0,0.044627797,0.9553722,0.00012562732,0.034103483,0.9931868900772043,0.9165035724423459
1649,0.0,0.04342618,0.95657384,0.00015877174,0.04775898,0.9935411751905487,0.9050055791814521
1650,0.0,0.042442597,0.9575574,0.00015730105,0.047153056,0.992124196785567,0.9052196830477632
1651,0.0,0.04588486,0.95411515,0.00024035148,0.08136983,0.9913267220956322,0.868877024366227
1652,0.0,0.044609085,0.95539093,0.00015839802,0.047605008,0.9935153317802516,0.9040090256389208
1653,0.0,0.045509413,0.9544906,0.00020574658,0.06711261,0.993873829895438,0.8849772992186767
1654,0.0,0.04450203,0.955498,0.00017396931,0.05402038,0.9943778147045775,0.8987998195464544
1655,0.0,0.044482872,0.9555171,0.00014518343,0.042160593,0.9940291697159058,0.9097672485274793
1656,0.0,0.04757904,0.95242095,0.000232652,0.07819765,0.9928910538053914,0.8717026176475309
1657,0.0,0.044998255,0.9550018,0.00019652543,0.0633135,0.9941426376216405,0.889297641117379
1658,0.0,0.04800471,0.9519953,0.00025986836,0.08941079,0.9933889190516749,0.8611456699942714
1659,0.0,0.04764012,0.95235986,0.00020065434,0.06501461,0.9924591640356513,0.8837278689757411
1660,0.0,0.047561307,0.9524387,0.00020393901,0.066367894,0.9930257156412137,0.8830256656098076
1661,0.0,0.045388393,0.9546116,0.00022500945,0.075048916,0.9935815137883035,0.8773016973054198
1662,0.0,0.04710248,0.95289755,0.00021703848,0.07176488,0.9923621845629351,0.8777572141636687
1663,0.0,0.044908937,0.95509106,0.00013076211,0.036219016,0.9931583681825861,0.9142008969679131
1664,0.0,0.04634945,0.95365053,0.0001975777,0.06374703,0.9922952095550005,0.8859788626966234
1665,0.0,0.044906292,0.9550937,0.00019524248,0.062784925,0.9936171624590742,0.8894147326990499
1666,0.0,0.04245514,0.95754486,0.00015449032,0.045995034,0.9933244459934698,0.9074043789926083
1667,0.0,0.04603636,0.95396364,0.0002975246,0.104925156,0.9935324675147391,0.8483464176503438
1668,0.0,0.047502488,0.9524975,0.00023888671,0.08076635,0.9940242969746867,0.8703356607315772
1669,0.0,0.044785246,0.95521474,0.00012548949,0.034046695,0.9942656411370167,0.9174017834928718
1670,0.0,0.055844236,0.94415575,0.00017753836,0.055490825,0.9945591216478492,0.8869117686735718
1671,0.0,0.056133386,0.9438666,0.0004902689,0.18433583,0.9938859840333866,0.7651711017370607
1672,0.0,0.04996552,0.9500345,0.00015273759,0.04527291,0.9936276266151485,0.9012437748059482
1673,0.0,0.048907537,0.9510925,0.0002447424,0.08317889,0.99303760338584,0.8659105980940397
1674,0.0,0.050223723,0.9497763,0.00017635323,0.055002555,0.9930052805817127,0.8912581449647999
1675,0.0,0.05665604,0.94334394,0.00046986167,0.17592804,0.9921439431245784,0.7712761007130238
1676,0.0,0.05198481,0.9480152,0.00013416116,0.037619423,0.9929495515477388,0.9059189427386611
1677,0.0,0.075880475,0.92411953,0.00023843712,0.08058111,0.9933120873075943,0.8439705412736688
1678,0.0,0.12163444,0.8783656,0.00069229724,0.26757148,0.9932614185462542,0.6390048518368697
1679,0.0,0.13194409,0.86805594,0.00054511277,0.20693147,0.9935479097824158,0.6839860668086799
1680,0.0,0.07375476,0.9262452,0.00018405663,0.058176354,0.9933201376410151,0.8665323911667877
1681,0.0,0.052853204,0.9471468,0.00024105821,0.08166101,0.9922471107591684,0.8630583421577968
1682,0.0,0.049325347,0.95067465,0.00027955047,0.097519815,0.9919023718462354,0.8510175701667817
1683,0.0,0.045812346,0.95418763,0.00015311065,0.045426615,0.9915802934035587,0.9031730972358987
1684,0.0,0.047049746,0.95295024,0.00019362567,0.062118802,0.9916809300922029,0.886318862489355
1685,0.0,0.047592074,0.95240796,0.0002101899,0.06894326,0.9912492462313124,0.87898617534861
1686,0.0,0.05063077,0.94936925,0.00020964537,0.06871892,0.9919460916622598,0.8770089443332999
1687,0.0,0.04953453,0.95046544,0.0001638009,0.04983099,0.9922505177240334,0.8961042358918248
1688,0.0,0.053575255,0.9464247,0.00025505293,0.087426834,0.9921497172417475,0.8569016469230148
1689,0.0,0.046018887,0.9539811,0.00014214855,0.040910225,0.9915749118485365,0.9072449656913969
1690,0.0,0.042743906,0.9572561,0.00011260353,0.028737681,0.992226280824249,0.9225191569010294
1691,0.0,0.043679412,0.9563206,0.00012680763,0.034589767,0.9917188379755694,0.9155961610025009
1692,0.0,0.048162084,0.9518379,0.00023068163,0.07738586,0.9934929459210858,0.872464773829381
1693,0.0,0.051259127,0.9487409,0.00014845784,0.043509655,0.9938560451939379,0.9018861214179487
1694,0.0,0.0631316,0.9368684,0.000332499,0.11933462,0.9945004663817651,0.8205300928541162
1695,0.0,0.05909355,0.94090647,0.00020522531,0.066897854,0.9940377762787729,0.8727272096473656
1696,0.0,0.061905812,0.9380942,0.00041327436,0.15261407,0.9941333646824788,0.790264283750061
1697,0.0,0.057915162,0.94208485,0.00023480084,0.07908297,0.9932050273155121,0.8616867677953208
1698,0.0,0.05388911,0.9461109,0.00019263139,0.061709154,0.9926281552899002,0.8811830139143623
1699,0.0,0.048493452,0.95150656,0.0001875677,0.059622914,0.9926282574712215,0.8881789226674426
1700,0.0,0.0484606,0.9515394,0.0001639908,0.049909234,0.9937246158143442,0.8983755469229241
1701,0.0,0.051810347,0.9481897,0.00030273024,0.10706989,0.9932538405678688,0.8409553596037445
1702,0.0,0.05822699,0.941773,0.00026600395,0.09193865,0.9919965636987456,0.8483432145768675
1703,0.0,0.057128802,0.9428712,0.00012587271,0.03420458,0.9933005491370391,0.904520030828712
1704,0.0,0.050009146,0.94999087,0.00018656299,0.059208974,0.9925771156953062,0.8871087095203539
1705,0.0,0.046862446,0.9531376,0.0001922571,0.061554946,0.9932133145925219,0.888396766882906
1706,0.0,0.045656595,0.9543434,0.00017742852,0.055445574,0.9934880589361793,0.895559241094099
1707,0.0,0.050036963,0.94996303,0.00044097324,0.164026,0.9939814806733465,0.7893648186420628
1708,0.0,0.04511023,0.9548898,0.00040739105,0.15019014,0.9942539653456501,0.806811978525146
1709,0.0,0.046867553,0.95313245,0.00012450074,0.03363933,0.9939467922750175,0.9154943147761079
1710,0.0,0.044432286,0.9555677,0.00023060344,0.07735364,0.9944692992373216,0.8767748957910376
1711,0.0,0.044728193,0.9552718,0.00028434035,0.09949325,0.9934116587202854,0.8545611777468066
1712,0.0,0.04400548,0.95599455,0.00024268767,0.08233234,0.9928888628537266,0.8710467464078511
1713,0.0,0.043171592,0.9568284,0.00018980519,0.06054476,0.9924394868588969,0.8921013429165223
1714,0.0,0.046431724,0.9535683,0.00019650049,0.063303225,0.9931264294648557,0.8870648284238497
1715,0.0,0.04217189,0.9578281,0.00015152687,0.044774093,0.9926544966542957,0.9082214939246372
1716,0.0,0.04410671,0.9558933,0.00027631246,0.09618576,0.9934092128568904,0.8582558442572622
1717,0.0,0.04767919,0.9523208,0.00043978955,0.16353832,0.9931974151245128,0.7911610358423422
1718,0.0,0.04072085,0.9592792,0.00012112977,0.032250494,0.9939508382307706,0.9227262346618404
1719,0.0,0.04196228,0.95803773,9.986174e-05,0.023488062,0.9931744362693232,0.9291497558066141
1720,0.0,0.044940613,0.9550594,0.00016103464,0.048691295,0.9932262180042138,0.9024019795324957
1721,0.0,0.04527689,0.9547231,0.0001562134,0.046704944,0.9941968300058711,0.9048511698717177
1722,0.0,0.044658434,0.9553416,0.00021195822,0.06967181,0.9941309320362971,0.8835648727100256
1723,0.0,0.044954356,0.95504564,0.00014830641,0.043447264,0.9940160812561142,0.9080848913798544
1724,0.0,0.044882584,0.9551174,0.0002325879,0.07817124,0.9925734520824635,0.8739159207442625
1725,0.0,0.044370413,0.9556296,0.00013185378,0.03666878,0.9921604697954438,0.91337086153651
1726,0.0,0.044356946,0.95564306,0.00014475902,0.04198574,0.9934716074528939,0.9095427830600196
1727,0.0,0.04743968,0.9525603,0.00030147415,0.10655238,0.9943115166318234,0.8462215182192857
1728,0.0,0.04532768,0.95467234,0.00015944919,0.04803809,0.9933181077037587,0.902739165809921
1729,0.0,0.046570983,0.95342904,0.00023576776,0.07948134,0.9941410354993507,0.8725070726049271
1730,0.0,0.04590136,0.95409864,0.000121759906,0.032510106,0.9943529810198826,0.9178681471549345
1731,0.0,0.05576874,0.9442313,0.00020724797,0.06773119,0.9942724216830177,0.875235478263204
1732,0.0,0.061379842,0.93862015,0.00024889156,0.08488835,0.9937501597342189,0.85357401829216
1733,0.0,0.06374784,0.9362522,0.00037994963,0.13888428,0.993729975280844,0.8011663972660877
1734,0.0,0.053216342,0.94678366,0.00023413029,0.078806706,0.9923007760788399,0.8654557084529939
1735,0.0,0.059466958,0.94053304,0.00024972178,0.085230395,0.9928665163545964,0.8542336103817263
1736,0.0,0.059649315,0.9403507,0.00018686477,0.059333306,0.9927825914855817,0.8781723852357181
1737,0.0,0.059993934,0.9400061,0.00013531504,0.038094822,0.9929639692070116,0.8978347830968691
1738,0.0,0.057305194,0.9426948,0.00033767053,0.12146529,0.99311461161208,0.8224876778553156
1739,0.0,0.05219659,0.94780344,0.00012905934,0.03551747,0.9926303091457944,0.9074029386128847
1740,0.0,0.055017963,0.94498205,0.00016332016,0.04963293,0.9927685130643018,0.8915854192688163
1741,0.0,0.04729404,0.952706,0.00015393447,0.045766022,0.9925996508337719,0.9023767759580725
1742,0.0,0.044231165,0.9557688,0.00015232558,0.045103163,0.9928141904845126,0.9061023935399395
1743,0.0,0.044370327,0.95562965,0.00014427182,0.041785013,0.993332354209259,0.9095930932665
1744,0.0,0.048000418,0.9519996,0.000420017,0.15539204,0.9939815173857829,0.7992271598343934
1745,0.0,0.04417951,0.9558205,0.00016904723,0.05199248,0.9929629758602823,0.8997485854975495
1746,0.0,0.04532834,0.9546717,0.00020736031,0.06777747,0.9929150258087689,0.8836610982867991
1747,0.0,0.043734487,0.9562655,0.00011491878,0.029691564,0.9928670707962005,0.9212540302593552
1748,0.0,0.044730023,0.95527,0.0001376598,0.039060857,0.992621262125005,0.9111829929300663
1749,0.0,0.04453889,0.9554611,0.00019785497,0.06386127,0.9929892983380265,0.8881734864015494
1750,0.0,0.04579384,0.95420617,0.00026961032,0.09342448,0.9930482195375768,0.859046205608252
1751,0.0,0.043250557,0.95674944,0.00012260248,0.032857243,0.9923664787117419,0.918249895206316
1752,0.0,0.047692407,0.9523076,0.00020837793,0.06819673,0.9932052907722123,0.8813339389262939
1753,0.0,0.045197133,0.9548029,0.00013504791,0.037984766,0.9929363422029789,0.9120466588850399
1754,0.0,0.05213298,0.94786704,0.00019827066,0.06403253,0.9932732541044124,0.8812049136631045
1755,0.0,0.05358604,0.94641393,0.00019242635,0.06162468,0.9935262079348883,0.8823421256196422
1756,0.0,0.045012172,0.9549878,0.00021303962,0.07011735,0.9939468424492208,0.8826512302261446
1757,0.0,0.04555169,0.9544483,0.00011756075,0.03078005,0.9927265051400186,0.9183417918282523
1758,0.0,0.04746424,0.95253575,0.00023939037,0.080973856,0.9925091318013073,0.8688477066168037
1759,0.0,0.04476478,0.95523524,0.00014736409,0.04305903,0.9928231175931321,0.9075433313184926
1760,0.0,0.04758349,0.95241654,0.00023374865,0.07864947,0.9929969502545217,0.8713642322505004
1761,0.0,0.04423073,0.9557693,8.890019e-05,0.018971903,0.9931838423096528,0.9312454164328686
1762,0.0,0.05037161,0.9496284,0.00034828315,0.12583768,0.9930556073890837,0.8243646406272465
1763,0.0,0.049977954,0.95002204,0.00028245567,0.09871676,0.9929806696009209,0.8502287370504217
1764,0.0,0.047543712,0.9524563,0.00017525654,0.05455072,0.9939753020113222,0.8950738703040594
1765,0.0,0.047719788,0.9522802,0.0002329695,0.07832845,0.992285091514217,0.8709183050479918
1766,0.0,0.046753213,0.9532468,0.00022845609,0.07646893,0.9929964912006313,0.8741874141384631
1767,0.0,0.045190897,0.9548091,0.00019707011,0.06353791,0.9930322356344462,0.8879123933876082
1768,0.0,0.043966495,0.9560335,0.00017344227,0.05380324,0.9925262790986846,0.8978350958134423
1769,0.0,0.046455055,0.953545,0.00012563478,0.034106553,0.992306661334829,0.9139370918256869
1770,0.0,0.044286698,0.9557133,0.00022973938,0.076997645,0.993966354113899,0.8768031824791616
1771,0.0,0.047757607,0.9522424,0.00026627182,0.09204901,0.9929503878311563,0.8584943732319604
1772,0.0,0.040985692,0.9590143,0.00013594344,0.03835372,0.9939269493922862,0.9166317439621956
1773,0.0,0.04642616,0.9535738,0.00027178798,0.094321676,0.9935266291858379,0.8580405247184467
1774,0.0,0.046834026,0.95316595,0.0001992973,0.06445551,0.9933232779438628,0.8857753481866669
1775,0.0,0.046230555,0.95376945,0.00011285221,0.028840136,0.9935064434142737,0.9202478783937516
1776,0.0,0.043068465,0.95693153,0.00018752312,0.05960455,0.9926285910832908,0.8932605716159492
1777,0.0,0.04520045,0.95479953,0.00030031585,0.10607516,0.9939596204740738,0.8483634436364675
1778,0.0,0.046229664,0.95377034,0.0001631987,0.049582887,0.9935671672031627,0.9006484246310578
1779,0.0,0.050685063,0.94931495,0.0004303457,0.15964746,0.9940342995436209,0.7930000422734881
1780,0.0,0.0556988,0.9443012,0.00019964721,0.06459968,0.9939667906803469,0.8779705170887936
1781,0.0,0.0475375,0.9524625,0.00013870563,0.039491743,0.9933122625622615,0.908729825402032
1782,0.0,0.048917413,0.9510826,0.0001528243,0.045308635,0.9935970544617809,0.9021765237448373
1783,0.0,0.050417285,0.9495827,0.00031296548,0.111286804,0.9932541553448202,0.8382137779027655
1784,0.0,0.048536167,0.9514638,0.00025164758,0.08602382,0.9932765640195836,0.8637684542797501
1785,0.0,0.04722432,0.95277566,0.00016551724,0.050538126,0.9934082106752576,0.898661072196614
1786,0.0,0.046067305,0.9539327,0.00017963316,0.056353886,0.9934740536223738,0.8943004225596245
1787,0.0,0.043289375,0.95671064,0.00016577549,0.050644524,0.9927346815110447,0.9016597104587968
1788,0.0,0.043224595,0.9567754,0.000103222505,0.024872698,0.9930698982424931,0.9265121645398825
1789,0.0,0.04261935,0.95738065,8.884593e-05,0.01894955,0.9930043188043017,0.9326681123913486
1790,0.0,0.044720516,0.95527947,0.00016522373,0.0504172,0.9923065558073912,0.9001380959306621
1791,0.0,0.042766754,0.95723325,0.00013033775,0.036044177,0.9934106780347034,0.9166503962906324
1792,0.0,0.042182855,0.95781714,0.000113059876,0.028925696,0.9919231515930425,0.922599216757439
1793,0.0,0.042252712,0.9577473,0.000118301214,0.031085126,0.992956258641816,0.9214391749195374
1794,0.0,0.041768085,0.9582319,0.00016006519,0.04829188,0.9932721900224236,0.9058216703597584
1795,0.0,0.043238252,0.9567617,0.00016726524,0.051258303,0.9936371017473112,0.9019440030384552
1796,0.0,0.04347879,0.9565212,0.00020278538,0.0658926,0.9935329749337026,0.8877153472782854
1797,0.0,0.044251796,0.9557482,0.00015798483,0.047434773,0.9932367516941867,0.9042552038363413
1798,0.0,0.045327708,0.9546723,0.00013236594,0.03687979,0.9932066031931083,0.9132178859699037
1799,0.0,0.04466275,0.9553372,0.00019259281,0.061693262,0.9927601660264528,0.8899095961002172
1800,0.0,0.045719754,0.95428026,0.00019643689,0.06327702,0.9930526008925648,0.887686027489452
1801,0.0,0.04801704,0.951983,0.00043414588,0.16121313,0.9920591058810435,0.7921699002360042
1802,0.0,0.053254116,0.9467459,0.00028425804,0.099459335,0.9929729898934022,0.8465920593852704
1803,0.0,0.053926047,0.94607395,0.00033558402,0.12060564,0.9934745788697837,0.8265430945107785
1804,0.0,0.05146377,0.9485362,0.00015253758,0.04519051,0.9934301238630855,0.8997212094649963
1805,0.0,0.051412452,0.94858754,0.00021819238,0.072240286,0.993150288805722,0.8740331032818635
1806,0.0,0.04847917,0.9515208,0.00016171759,0.04897267,0.9929992534969267,0.8985871748645818
1807,0.0,0.048763677,0.9512363,0.00021017349,0.0689365,0.9916732789839484,0.8782867676206111
1808,0.0,0.047027294,0.9529727,0.00011591808,0.030103274,0.9919230505466482,0.916819709666752
1809,0.0,0.044904742,0.95509523,0.00012794054,0.035056528,0.9939989769004913,0.9160822979649371
1810,0.0,0.042220127,0.9577799,9.337481e-05,0.020815447,0.9928579313174023,0.9311451221503378
1811,0.0,0.04710608,0.9528939,0.00024258747,0.08229106,0.9923214731119906,0.867764521905644
1812,0.0,0.045708254,0.95429176,0.00012465156,0.03370147,0.991403761031797,0.9142038480352205
1813,0.0,0.048044737,0.95195526,0.00022635335,0.075602606,0.9932608226065003,0.8740546000119414
1814,0.0,0.04444711,0.9555529,0.0001732683,0.053731564,0.9923509016259654,0.8972931663646214
1815,0.0,0.043795,0.956205,0.00019351099,0.06207155,0.9930618163481311,0.890629374068109
1816,0.0,0.042946495,0.9570535,0.00017512617,0.054497007,0.9936038706152553,0.8991090772110201
1817,0.0,0.047548696,0.9524513,0.00033556402,0.12059741,0.9933898650186143,0.8320515608202207
1818,0.0,0.046775054,0.95322496,0.00018498229,0.058557726,0.9929943813534473,0.8911193346846767
1819,0.0,0.049035177,0.9509648,0.0002672981,0.092471845,0.9934374246156489,0.8573636522737268
1820,0.0,0.045465577,0.9545344,0.00010693885,0.026403831,0.9929017001325179,0.9227343344726601
1821,0.0,0.04593329,0.9540667,0.00015656352,0.04684919,0.9935398122060566,0.9034947711471556
1822,0.0,0.044593114,0.9554069,0.00013993682,0.039998993,0.9931287202039715,0.9108892851668488
1823,0.0,0.041909263,0.9580907,0.00013443037,0.037730336,0.9913483998531895,0.9139653675822491
1824,0.0,0.046013385,0.95398664,0.00017056055,0.05261597,0.9941316032946432,0.8984878579956193
1825,0.0,0.04435526,0.9556447,0.00018144712,0.057101235,0.9938452753003112,0.8955303216943872
1826,0.0,0.047508888,0.9524911,0.00024701026,0.084113255,0.994332243713361,0.8674295949527299
1827,0.0,0.0430869,0.9569131,8.814934e-05,0.018662553,0.9927848103185614,0.9322792103991793
1828,0.0,0.04480961,0.9551904,0.00018444344,0.05833572,0.993558848865001,0.8936751059927973
1829,0.0,0.04499941,0.9550006,0.00016566261,0.050598018,0.9934153176448521,0.900709255279766
1830,0.0,0.045683723,0.95431626,0.00023136682,0.07766815,0.9931444471470903,0.8741620412541472
1831,0.0,0.043926015,0.956074,0.0001593543,0.047998995,0.9917676908128786,0.9026904591936235
1832,0.0,0.04593213,0.9540679,0.00017313234,0.053675547,0.9941449251542654,0.8975714805769162
1833,0.0,0.04486234,0.95513767,0.00019657714,0.0633348,0.9931668196436442,0.8885309356230026
1834,0.0,0.04260888,0.95739114,0.00011613688,0.03019342,0.9941982637432165,0.9230973809759799
1835,0.0,0.043606333,0.95639366,0.00015586575,0.046561714,0.994687425270128,0.9070179770622689
1836,0.0,0.04668946,0.95331055,0.00020325331,0.06608538,0.9943463449245915,0.8852771358060753
1837,0.0,0.04992032,0.9500797,0.00021570311,0.071214706,0.9940001978035301,0.8771257171864896
1838,0.0,0.05255163,0.9474484,0.00013657259,0.038612932,0.9946303954437622,0.9059736089373477
1839,0.0,0.054772865,0.94522715,0.00029753952,0.10493131,0.9938305625232439,0.840823618298504
1840,0.0,0.04820205,0.95179796,0.00011295978,0.028884454,0.992777608360598,0.9176300981654476
1841,0.0,0.04532468,0.9546753,0.00011739513,0.030711818,0.9933960196261117,0.919244464500976
1842,0.0,0.046110615,0.95388937,0.0001766137,0.055109866,0.9932501792323974,0.89523688352345
1843,0.0,0.04847672,0.9515233,0.00014227853,0.040963776,0.9929154229053532,0.9060803256760996
1844,0.0,0.053119227,0.94688076,0.00019007422,0.0606556,0.9933815925547786,0.8835604289575981
1845,0.0,0.056700155,0.94329983,0.00023459738,0.07899914,0.9935154236517358,0.8631462873315465
1846,0.0,0.059168838,0.9408312,0.0001396684,0.0398884,0.9929336872931024,0.896919946310605
1847,0.0,0.054551702,0.9454483,0.00019176245,0.06135115,0.9923680461756297,0.8806709692409914
1848,0.0,0.04388751,0.9561125,8.295045e-05,0.01652061,0.9918791892869487,0.9326807798309311
1849,0.0,0.04935212,0.9506479,0.00027819912,0.09696306,0.9922185845230282,0.8517900881798982
1850,0.0,0.049090676,0.9509093,0.00019263456,0.061710462,0.9927031390504039,0.8857177802907369
1851,0.0,0.052054998,0.947945,0.00034606628,0.12492434,0.9932197673065525,0.8238992006005617
1852,0.0,0.04908299,0.950917,0.00027396402,0.0952182,0.9924577198189812,0.8538832542428932
1853,0.0,0.048561823,0.9514382,0.00016665904,0.05100855,0.9922979088209222,0.8959524460180719
1854,0.0,0.044553865,0.9554461,0.0001312574,0.036423072,0.9926151523644411,0.9138470038123107
1855,0.0,0.042569194,0.9574308,0.00013342312,0.03731535,0.9919535782301017,0.9142874569391284
1856,0.0,0.046989404,0.9530106,0.00028449943,0.099558786,0.9919026461514294,0.8511814552205474
1857,0.0,0.04601211,0.9539879,0.00020579113,0.06713097,0.9924025110540314,0.8831843925044337
1858,0.0,0.045074414,0.9549256,0.00018504461,0.058583405,0.9921712847038893,0.8919449423185107
1859,0.0,0.050225355,0.9497746,0.00021812053,0.072210684,0.9924017675133712,0.8744952844375621
1860,0.0,0.049211994,0.950788,0.0003023592,0.106917016,0.9925836285965645,0.8428351147330149
1861,0.0,0.042653948,0.9573461,7.095427e-05,0.0115781855,0.9932131272218669,0.9398396053685132
1862,0.0,0.044762816,0.9552372,0.0002660845,0.09197184,0.992913821925658,0.8612358626279757
1863,0.0,0.047067136,0.95293283,0.0003633446,0.132043,0.9926561204494411,0.8210305896555469
1864,0.0,0.04191647,0.9580835,0.00015485259,0.04614429,0.9924074644571802,0.9069348175369817
1865,0.0,0.046679508,0.9533205,0.00027568836,0.09592863,0.992448616461621,0.8553615025010676
1866,0.0,0.045121092,0.9548789,0.00032102253,0.114606306,0.9922455183139697,0.8388878068417538
1867,0.0,0.045216266,0.95478374,0.00016051576,0.048477516,0.9929119774781022,0.9020587125158106
1868,0.0,0.045308415,0.9546916,0.00019440141,0.062438402,0.9922789194391706,0.8881711741442723
1869,0.0,0.044062056,0.9559379,0.0002026254,0.065826684,0.9920601851610171,0.8859214008563062
1870,0.0,0.050393905,0.9496061,0.00066611764,0.25678548,0.9929764804571093,0.7008040891308127
1871,0.0,0.042227596,0.9577724,0.00010712449,0.026480313,0.9930665985297309,0.925945465643228
1872,0.0,0.04390463,0.9560954,0.00013484331,0.03790047,0.9930899667417078,0.9135026766786387
1873,0.0,0.043529976,0.95647,0.0002328735,0.078288905,0.9939393109580671,0.8762459586924425
1874,0.0,0.04217465,0.95782536,9.260103e-05,0.020496652,0.9933925102409754,0.9319940408336048
1875,0.0,0.044105433,0.9558946,0.00016727598,0.05126273,0.99269147218007,0.9002647845716151
1876,0.0,0.04503841,0.9549616,0.00014936183,0.043882098,0.9932691594650725,0.906910263118473
1877,0.0,0.04723247,0.95276755,0.00018132647,0.05705153,0.9929088306800273,0.892039895673921
1878,0.0,0.04431851,0.9556815,0.0001782584,0.055787485,0.9937581431543651,0.8967339578753705
1879,0.0,0.04398504,0.956015,0.00015978875,0.048177987,0.9926817360309307,0.9032968578487647
1880,0.0,0.045571033,0.954429,0.00018358456,0.057981864,0.9937626998341029,0.893481505561082
1881,0.0,0.045068167,0.95493186,0.00023369899,0.078629,0.9934727237708546,0.8741035120399594
1882,0.0,0.04368918,0.9563108,0.00013829199,0.039321322,0.9915782350888604,0.9109702923620696
1883,0.0,0.045693807,0.9543062,0.00025798957,0.088636726,0.993559085415248,0.8641177754844
1884,0.0,0.047370445,0.95262957,0.0002185101,0.072371185,0.9932575208382491,0.8777284228181097
1885,0.0,0.04262345,0.95737654,0.00013197915,0.036720432,0.9937239715965782,0.916433356663799
1886,0.0,0.044255007,0.955745,0.00021093246,0.0692492,0.9946216629895384,0.8847760458095627
1887,0.0,0.044373177,0.95562685,0.00017988011,0.056455627,0.99334149535396,0.895672540581523
1888,0.0,0.043805853,0.95619416,0.00018976265,0.060527235,0.9935898587187743,0.8925600619966272
1889,0.0,0.04611504,0.95388496,0.00023082136,0.07744342,0.9930493584012827,0.8738962157744189
1890,0.0,0.044295236,0.95570475,0.0001608462,0.04861366,0.9930557173899499,0.9029303679430221
1891,0.0,0.043727025,0.95627296,0.00015739376,0.047191255,0.9928769064368697,0.9046550376837896
1892,0.0,0.04772978,0.9522702,0.0001790502,0.056113705,0.9936628037234048,0.8931386726316655
1893,0.0,0.044326156,0.9556738,0.00017192686,0.05317889,0.9939526873482967,0.8993802280047987
1894,0.0,0.043331407,0.9566686,0.00012026012,0.031892195,0.9930340111775691,0.9197067597441125
1895,0.0,0.045006808,0.9549932,0.00017171087,0.0530899,0.9933509141633557,0.8982799828733296
1896,0.0,0.046386156,0.9536138,0.00016066318,0.048538256,0.9936093666404676,0.9015286613794518
1897,0.0,0.04509933,0.9549007,0.00011453477,0.029533353,0.9935972849786981,0.9207658893338144
1898,0.0,0.045499414,0.95450056,0.0001284908,0.035283238,0.993893411554439,0.9151996540990771
1899,0.0,0.04935103,0.95064896,0.00029450265,0.10368012,0.9937926055811592,0.8467962997899025
1900,0.0,0.04874384,0.95125616,0.00012099268,0.03219401,0.9927805524476699,0.9139849585213309
1901,0.0,0.050906982,0.94909304,0.00023115959,0.07758278,0.9934279461798213,0.8697062213710048
1902,0.0,0.049879998,0.95012,0.00029319015,0.10313937,0.9925170413125026,0.8457487504191062
1903,0.0,0.04905403,0.950946,0.00016762056,0.051404692,0.9927295479952256,0.8955044879456006
1904,0.0,0.048526853,0.9514731,0.00025444967,0.08717829,0.9933386399391666,0.8627397663318663
1905,0.0,0.045586385,0.9544136,0.00019430382,0.0623982,0.9935338970090379,0.8890736536706755
1906,0.0,0.046782292,0.9532177,9.444671e-05,0.02125707,0.9939193377632097,0.927282101469764
1907,0.0,0.0444631,0.9555369,0.00017266838,0.0534844,0.9925309225730673,0.8976753654363776
1908,0.0,0.048223313,0.9517767,0.0003024198,0.10694198,0.9927805420067469,0.8438553183177141
1909,0.0,0.042777997,0.957222,0.00011039258,0.027826771,0.9934010407942263,0.9244446670139054
1910,0.0,0.04433623,0.9556638,0.00013752446,0.0390051,0.9931170617662932,0.912066801130335
1911,0.0,0.04480539,0.9551946,0.00028940578,0.10158021,0.9938624963673727,0.8528987456142169
1912,0.0,0.040957283,0.9590427,7.625811e-05,0.013763367,0.993162415830985,0.9393757595400198
1913,0.0,0.04605912,0.95394087,0.00019411521,0.062320493,0.993426108729326,0.888610552538882
1914,0.0,0.044755798,0.9552442,0.00026898124,0.09316529,0.9936555952407768,0.860752775846545
1915,0.0,0.045214973,0.95478505,0.00016250178,0.049295757,0.9931207835272178,0.9014737917425313
1916,0.0,0.04404308,0.95595694,0.00014274243,0.041154902,0.9933396653982368,0.9105096321912675
1917,0.0,0.048537903,0.9514621,0.00040469755,0.14908043,0.9937523652505368,0.8045595617598447
1918,0.0,0.044280615,0.9557194,0.0001175644,0.030781556,0.9933124339762337,0.9201061849782559
1919,0.0,0.046551336,0.95344865,0.00033043392,0.118483804,0.9939827621100217,0.8354230760251267
1920,0.0,0.043312427,0.95668757,0.00018023228,0.056600723,0.9933677425722949,0.8965524924288295
1921,0.0,0.043770097,0.9562299,0.0001656508,0.050593153,0.9935654762107196,0.9020096881314401
1922,0.0,0.045720626,0.95427936,0.00021655986,0.071567684,0.9942067997379367,0.8808511430043102
1923,0.0,0.048198525,0.9518015,0.00023564947,0.07943261,0.9940000626458658,0.870940268212784
1924,0.0,0.05144268,0.9485573,0.00023824323,0.080501236,0.9936920896307968,0.8666955281874665
1925,0.0,0.05522117,0.9447788,0.0002199959,0.07298333,0.9933481556975445,0.8699998469306706
1926,0.0,0.05536691,0.94463307,0.00016218267,0.049164284,0.9929048940964103,0.8918180967351059
1927,0.0,0.05602932,0.9439707,0.00019734284,0.06365027,0.9926808016585892,0.8774173528767754
1928,0.0,0.0517139,0.9482861,0.0002680925,0.092799135,0.9930418997214646,0.8543000411526824
1929,1.0,0.05313487,0.94686514,0.00028279563,0.09885682,0.9922548184690667,0.8466523918090499
1930,1.0,0.053073104,0.9469269,0.00017388626,0.053986166,0.9933938968121412,0.8898881091476892
1931,1.0,0.052524034,0.94747597,0.00015410177,0.04583495,0.9931740504428846,0.8978774537725577
1932,1.0,0.051131442,0.9488686,0.00014148139,0.040635355,0.9935217989853447,0.9044138061198528
1933,1.0,0.052661363,0.94733864,0.00023116836,0.07758639,0.9932353260418688,0.8679267782374808
1934,1.0,0.047169145,0.95283085,0.00019774794,0.06381717,0.9925117186095873,0.8853441948853548
1935,1.0,0.047531452,0.9524686,0.00030068195,0.10622599,0.9926646061193088,0.8450470968864101
1936,1.0,0.04767222,0.9523278,0.00022550892,0.0752547,0.9932379148301242,0.8747055507722015
1937,1.0,0.047542483,0.95245755,0.00014415056,0.041735053,0.9934161152167374,0.9066975175683907
1938,1.0,0.047986936,0.9520131,0.00012951015,0.03570321,0.992401002052637,0.9110471128635081
1939,1.0,0.050481386,0.9495186,0.00033020292,0.11838863,0.9920307292546934,0.8304352790911572
1940,1.0,0.05328287,0.94671714,0.00023327835,0.0784557,0.9918619779221004,0.8653418773908962
1941,1.0,0.056883093,0.9431169,0.00020947092,0.06864704,0.9924139729244831,0.8717113807057554
1942,1.0,0.06599238,0.93400764,0.00026785955,0.092703156,0.9935584879507906,0.8419635023602396
1943,1.0,0.06683728,0.9331627,9.6413285e-05,0.0220673,0.9925958355821027,0.9058134771908543
1944,1.0,0.0726358,0.92736423,0.00036206734,0.13151677,0.9929310461140377,0.7997069742819768
1945,1.0,0.09435119,0.9056488,0.00028657352,0.100413315,0.9926673648067091,0.8087356354734317
1946,1.0,0.18133189,0.8186681,0.0006735224,0.25983626,0.9932776095946888,0.6018750261469862
1947,1.0,0.4864725,0.5135275,0.0009876967,0.38927606,0.9936567196192281,0.31163414545786866
1948,1.0,0.5480856,0.5480856,0.00077298767,0.30081594,0.9928386728577386,0.38046837417848306
1949,1.0,0.26347804,0.73652196,0.0006546896,0.25207713,0.9931187900057643,0.5470710619285121
1950,1.0,0.09820764,0.90179235,0.0005173942,0.19551145,0.9936473186366287,0.7208728757452656
1951,1.0,0.06610036,0.93389964,0.00032608974,0.116694,0.993228860854718,0.819333521736478
1952,1.0,0.05190861,0.9480914,0.00019818723,0.06399816,0.9938603637660801,0.8819668828105706
1953,1.0,0.046931528,0.9530685,0.00012527133,0.03395681,0.993793758422354,0.9149911988227978
1954,1.0,0.04586717,0.95413285,0.00015600341,0.04661843,0.9942660641559581,0.9044367604187871
1955,1.0,0.047354273,0.9526457,0.00025374535,0.08688811,0.9936872269559581,0.864380788098962
1956,1.0,0.048023272,0.9519767,0.00030245114,0.106954895,0.993608842251506,0.8447246600849007
1957,1.0,0.04626538,0.95373464,0.00019770788,0.06380067,0.9930639579115871,0.8866925922759682
1958,1.0,0.043151528,0.9568485,0.00016517153,0.050395694,0.9926730223424655,0.9019700166054908
1959,0.0,0.04871016,0.95128983,0.00031595034,0.11251657,0.9933436529804562,0.8386343099593533
1960,0.0,0.04399965,0.9560003,0.00015986944,0.04821123,0.9937326608782902,0.9042076639132112
1961,0.0,0.045366157,0.95463383,0.0001952802,0.06280047,0.9935361794510099,0.8888993408495132
1962,0.0,0.04639258,0.95360744,0.00016459185,0.050156865,0.9938625661051995,0.900218305126586
1963,0.0,0.04494348,0.95505655,0.0001327105,0.03702175,0.9934177856321673,0.9136450019003145
1964,0.0,0.044128027,0.955872,0.00013195805,0.03671174,0.9933666230963389,0.914672359102167
1965,0.0,0.042073306,0.9579267,0.00021028805,0.068983704,0.9940090051751272,0.8865023638952249
1966,0.0,0.043777566,0.9562224,0.00017849468,0.05588483,0.9939047617387965,0.8972814248721127
1967,0.0,0.04419935,0.95580065,0.00017878045,0.05600257,0.9945117311275234,0.8973214381353014
1968,0.0,0.040928915,0.9590711,0.000117390075,0.030709738,0.9925492418017666,0.9226919378448585
1969,0.0,0.041244544,0.95875543,0.00012859728,0.035327103,0.9935666335112582,0.9189352655009901
1970,0.0,0.043800265,0.95619977,0.00017105049,0.052817825,0.9934389903055033,0.8997531026199261
1971,0.0,0.049295112,0.9507049,0.00026597094,0.091925055,0.9932587297784576,0.8574914760447734
1972,0.0,0.043398317,0.9566017,0.00011291492,0.028865969,0.9928131496982647,0.9223118965792687
1973,0.0,0.046667214,0.9533328,0.00016884838,0.051910553,0.992898335223424,0.8974259119946557
1974,0.0,0.042809248,0.95719075,0.000104667255,0.025467932,0.9932822883027336,0.9265467384406209
1975,0.0,0.047975913,0.9520241,0.00021792928,0.07213189,0.9932435220347061,0.8773844622672959
1976,0.0,0.04612896,0.953871,0.00022303754,0.07423649,0.9933601627815082,0.8771955974228476
1977,0.0,0.044479903,0.9555201,0.00022801525,0.07628731,0.9929144385931428,0.8763720963649946
1978,0.0,0.044032995,0.955967,0.00022660856,0.07570775,0.993625050557222,0.8779600435255072
1979,0.0,0.04495897,0.95504105,0.0001541393,0.045850415,0.9937909474127209,0.905594010065995
1980,0.0,0.04086145,0.9591386,6.622822e-05,0.009631052,0.9934356876337751,0.9436655971965042
1981,0.0,0.044617333,0.95538265,8.443537e-05,0.017132398,0.9938515166449512,0.9332411571445123
1982,0.0,0.05891424,0.94108576,0.00030413514,0.10764871,0.9938835724976949,0.8346426311060048
1983,0.0,0.052295085,0.9477049,0.00019308797,0.061897267,0.994037654083829,0.883743791505968
1984,0.0,0.052916713,0.9470833,0.0002760266,0.09606799,0.9929481926592482,0.8500619050498305
1985,0.0,0.05324162,0.9467584,0.0003059524,0.10839741,0.9927169246512652,0.8379843658453212
1986,0.0,0.057435915,0.9425641,0.0003984092,0.14648962,0.9931959885573841,0.7990144944707261
1987,0.0,0.06170087,0.9382991,0.0002569555,0.088210694,0.9927329809504358,0.8493139356829771
1988,0.0,0.07061705,0.9293829,0.00036926777,0.13448335,0.9935162942225608,0.7991809213877907
1989,0.0,0.07574161,0.9242584,0.00035755226,0.12965655,0.9934865002775226,0.799182655167844
1990,0.0,0.088427156,0.9115728,0.00029055253,0.10205267,0.9929450996833027,0.8127695795723993
1991,0.0,0.10177969,0.8982203,0.00036840432,0.1341276,0.9937197706475301,0.7728597622133112
1992,0.0,0.06259773,0.93740225,0.00018728971,0.059508383,0.9926312821472989,0.8751225751009165
1993,0.0,0.049489535,0.95051044,0.00024923065,0.08502805,0.9917739795019946,0.8625363270360191
1994,0.0,0.048637506,0.9513625,0.00016504835,0.050344944,0.9916988600343313,0.8959664250851668
1995,0.0,0.04911641,0.95088357,0.00024878044,0.08484257,0.9919493423878915,0.8632023963678018
1996,0.0,0.047066145,0.95293385,0.00021743767,0.07192934,0.9922074917244381,0.8774983210216769
1997,0.0,0.049528435,0.9504716,0.00017027855,0.052499786,0.9916321709081231,0.8930362284428212
1998,0.0,0.044276427,0.9557236,0.00013216071,0.036795236,0.9911029032393603,0.9123672097901554
1999,0.0,0.043316692,0.9566833,0.00013045258,0.036091488,0.9903379508105953,0.9132452334898161
2000,0.0,0.048775326,0.9512247,0.00026701594,0.092355594,0.9914647733072423,0.8560046656771654
2001,0.0,0.04602451,0.9539755,0.00015325342,0.045485433,0.9932331441129113,0.9044217088025222
2002,0.0,0.04769341,0.95230657,0.00024228844,0.082167864,0.9924167814284036,0.8674294212050326
2003,0.0,0.044497035,0.955503,0.0001658595,0.050679136,0.9927949894807171,0.9005434086215394
2004,0.0,0.05121369,0.9487863,0.0003224188,0.11518158,0.9927991580833125,0.8334585128543252
2005,0.0,0.04819099,0.951809,0.00016884514,0.051909223,0.9928838635535084,0.8959797171066918
2006,0.0,0.04996834,0.95003164,0.0003100896,0.11010195,0.9931368303839295,0.8396289892182571
2007,0.0,0.04737555,0.95262444,0.00018617776,0.05905026,0.9923536274908581,0.8895177301266088
2008,0.0,0.0431131,0.9568869,0.0001271608,0.034735277,0.9924967468588836,0.9167188181562982
2009,0.0,0.0434728,0.9565272,0.00011719376,0.030628854,0.9921483866061099,0.9199495715948438
2010,0.0,0.041686818,0.95831317,9.693475e-05,0.022282144,0.9919988233378468,0.9294631404499011
2011,0.0,0.041667156,0.95833284,8.597976e-05,0.017768687,0.992417081493412,0.9341666695210447
2012,0.0,0.042098697,0.9579013,0.000114314855,0.029442744,0.9929372488229528,0.9231318240250329
2013,0.0,0.04427848,0.9557215,0.00017713754,0.05532569,0.9922423198614224,0.8958415744236787
2014,0.0,0.047264885,0.9527351,0.000113172595,0.028972136,0.9922308799414508,0.9179448700576335
2015,0.0,0.04422082,0.9557792,0.00021292763,0.070071205,0.9924067006467558,0.8820576070567506
2016,0.0,0.049573116,0.9504269,0.00039027055,0.1431365,0.9924380286397462,0.8082277056388023
2017,0.0,0.0426177,0.9573823,0.00010238023,0.024525682,0.9935008271886331,0.9278322569201782
2018,0.0,0.043891836,0.95610815,0.00021907706,0.072604775,0.9930382735987291,0.8805172456147209
2019,0.0,0.044647492,0.9553525,0.00020501822,0.06681253,0.9936972793405392,0.8859039831251493
2020,0.0,0.042194515,0.9578055,0.00011425692,0.029418876,0.9941874749245884,0.9242244691608615
2021,0.0,0.04339119,0.95660883,0.0001223621,0.032758206,0.9932792692532124,0.9190534840167172
2022,0.0,0.047250614,0.9527494,0.00024815951,0.08458675,0.9942042051750652,0.8671045643826163
2023,0.0,0.049205016,0.950795,0.00022805015,0.07630169,0.993145401647067,0.8722277023869511
2024,0.0,0.049790774,0.9502092,0.00035787065,0.12978774,0.9938654174101189,0.8218110874795677
2025,0.0,0.0420039,0.95799613,0.00015112739,0.044609506,0.9924563486410524,0.9083560285328239
2026,0.0,0.04255478,0.9574452,8.0732505e-05,0.015606818,0.9930128714276103,0.9359171716771851
2027,0.0,0.042445812,0.95755416,0.00014260461,0.04109812,0.9934465813424258,0.9121831406175914
2028,0.0,0.04437452,0.9556255,0.000170142,0.052443527,0.9937429793946083,0.899843325079113
2029,0.0,0.042530667,0.95746934,0.00010178857,0.024281917,0.993882031178836,0.9285046055526143
2030,0.0,0.048717584,0.95128244,0.00019198652,0.06144347,0.9915066763495786,0.8852492247908913
2031,0.0,0.044625226,0.9553748,0.00017412445,0.054084297,0.992797856774029,0.8971953820458543
2032,0.0,0.044873465,0.9551265,0.0001698116,0.0523074,0.9943268000800339,0.9000311384140378
2033,0.0,0.04542382,0.9545762,0.0001745949,0.05427812,0.9944531281616265,0.8977560910998613
2034,0.0,0.043229,0.956771,0.00014808407,0.043355662,0.9934570450624285,0.909300882339844
2035,0.0,0.044521645,0.95547837,0.0001487314,0.04362236,0.992941131919085,0.9073477727829838
2036,0.0,0.04792825,0.9520717,0.00041866404,0.15483461,0.994300518923363,0.8000719219461039
2037,0.0,0.045087527,0.9549125,0.0002075479,0.067854755,0.9931390149102145,0.884010028610079
2038,0.0,0.04553441,0.95446557,0.0001577477,0.047337074,0.99381850785903,0.9036632637554705
2039,0.0,0.04514333,0.9548567,0.00015379967,0.04571049,0.994164336139906,0.905892188961962
2040,0.0,0.045597065,0.9544029,0.00026275273,0.09059915,0.9945034146333963,0.8631641451887273
2041,0.0,0.045465242,0.95453477,0.00019242619,0.061624613,0.9934757972432022,0.8898681519800112
2042,0.0,0.055083066,0.94491696,0.00025492682,0.08737487,0.9932189314231551,0.856507305469511
2043,0.0,0.051714115,0.9482859,0.00014549628,0.042289488,0.9932380365458471,0.9020422337284878
2044,0.0,0.055551734,0.9444483,0.00023664346,0.07984213,0.993190886833579,0.8631241005390647
2045,0.0,0.0574118,0.9425882,0.00014359962,0.041508067,0.992925294538361,0.897071448905395
2046,0.0,0.05854705,0.941453,0.00025545817,0.087593794,0.9927936100569938,0.8527973704247214
2047,0.0,0.054782834,0.9452172,0.0004428608,0.16480367,0.9939126562806644,0.7846363387141124
2048,0.0,0.054270104,0.9457299,0.0004916383,0.18490002,0.9930752693762711,0.76552639858468
2049,0.0,0.053029608,0.9469704,0.00016781582,0.05148514,0.9929743128375028,0.8919049509684007
2050,0.0,0.05082435,0.94917566,0.00017227113,0.05332073,0.9932659104926166,0.8925139180318583
2051,0.0,0.059400722,0.94059926,0.00027563726,0.09590757,0.9929527106461453,0.8443957112733123
2052,0.0,0.050447084,0.9495529,0.00011870166,0.031250108,0.9929740883909838,0.9134162673235656
2053,0.0,0.04806151,0.9519385,0.00023849554,0.08060519,0.9926662312675623,0.8687887369870522
2054,0.0,0.04354537,0.95645463,0.00015605125,0.04663814,0.9934819896450983,0.9059039224927438
2055,0.0,0.046122972,0.95387703,0.00033920843,0.1220989,0.9928202875008699,0.8313973144099465
2056,0.0,0.045065373,0.9549346,0.00022030271,0.07310974,0.9935008468632692,0.8793670298329439
2057,0.0,0.04557173,0.95442826,0.00026788784,0.09271481,0.992533205861258,0.8594728777456636
2058,0.0,0.043299384,0.9567006,0.00021331698,0.07023162,0.9936372013258332,0.8838502030148073
2059,0.0,0.04185729,0.9581427,0.00021094093,0.069252685,0.9929936370372812,0.8855405848056502
2060,0.0,0.045484103,0.9545159,0.00015678172,0.046939094,0.9912315426153785,0.9017350092047914
2061,0.0,0.045317877,0.9546821,0.0002605493,0.08969134,0.9904744646863197,0.8607771725475721
2062,0.0,0.04362311,0.9563769,0.00013868458,0.03948307,0.9916351454986223,0.9109321441056737
2063,0.0,0.048297726,0.9517023,0.0004193915,0.15513432,0.991657948529786,0.7973530636165179
2064,0.0,0.04345375,0.95654625,0.00013804663,0.039220233,0.9925854081327629,0.9122160740706444
2065,0.0,0.044866327,0.9551337,0.00011563743,0.029987646,0.9933539959648393,0.9203340327065987
2066,0.0,0.057822794,0.9421772,0.00033840965,0.1217698,0.9939199661352642,0.8224175724578016
2067,0.0,0.055445023,0.944555,0.00016639536,0.05089991,0.9937616477212164,0.8908846817191245
2068,0.0,0.049289927,0.95071006,0.00014503897,0.042101078,0.9924255298243393,0.903786159113076
2069,0.0,0.047870778,0.95212924,0.00016918541,0.052049413,0.9928067021458301,0.8960790337181942
2070,0.0,0.048229676,0.9517703,0.00015440519,0.045959964,0.9926862442647663,0.901385905644879
2071,0.0,0.04772491,0.9522751,0.00013796377,0.039186098,0.9925098787336858,0.9081059778139261
2072,0.0,0.044830054,0.9551699,0.00015391623,0.045758512,0.9925423228838959,0.9046653886684503
2073,0.0,0.047574174,0.95242584,0.00033116492,0.11878498,0.9928662311852925,0.8333046747800215
2074,0.0,0.047574673,0.9524253,0.00020220657,0.06565413,0.9928900014528209,0.8835674553364843
2075,0.0,0.04966266,0.95033735,0.00021668842,0.07162065,0.9920616068455523,0.875269720454151
2076,0.0,0.04386075,0.95613927,0.0001652256,0.05041797,0.9929567564623594,0.901537907613735
2077,0.0,0.044162955,0.9558371,0.00020558269,0.06704509,0.9928437741183554,0.8853713135194257
